code_lang,video_url,summary,category,domain,id,video_id,categories
"[""python"", ""cpp"", ""java"", ""c""]",https://www.youtube.com/watch?v=BsYbdUnKZ-Y,"깊이 우선 탐색(DFS)과 너비 우선 탐색(BFS)은 그래프 탐색 알고리즘으로, 각각의 특징에 따라 문제를 해결하는 방식이 다릅니다. DFS는 한 경로를 끝까지 탐색한 후 다른 경로로 넘어가는 방식으로, 재귀함수를 통해 구현됩니다. 반면 BFS는 여러 경로를 동시에 탐색하며, 큐를 사용하여 순서대로 탐색합니다. 두 알고리즘 모두 경로 탐색, 네트워크 연결 확인, 조합 생성 문제에 활용됩니다.

DFS는 동작 검증이 용이하고 코드가 간결해지는 장점이 있지만, 최악의 경우 모든 조합을 탐색해야 할 수 있어 시간이 오래 걸릴 수 있습니다. BFS는 모든 경우를 한 단계씩 탐색하므로 시간 복잡도가 낮고, 특정 문제에서 더 효율적일 수 있습니다. 따라서 문제의 난이도와 특성에 따라 적절한 알고리즘을 선택하는 것이 중요합니다.

- DFS는 재귀함수로 구현하며, 깊이 있는 탐색을 수행.
- BFS는 큐를 사용하여 너비 있는 탐색을 수행.
- 두 알고리즘 모두 경로 탐색, 네트워크 문제, 조합 문제에 사용.
- DFS는 동작 검증이 쉽고 코드가 간결하지만, 최악의 경우 시간이 오래 걸릴 수 있음.
- BFS는 시간 복잡도가 낮고, 특정 문제에서 더 효율적일 수 있음.

[tags] DFS, BFS, 그래프 탐색, 재귀, 큐
[lang] unknown","[""DFS"", ""BFS""]",algorithm,1.0,,
"[""python""]",https://www.youtube.com/watch?v=46VmSgebZP4,"BFS(너비 우선 탐색) 알고리즘은 그래프를 탐색하는 방법으로, 큐 자료구조를 사용하여 구현된다. 이 알고리즘은 시작 노드를 선택하고, 해당 노드를 큐에 추가한 후 방문한 노드로 표시한다. 이후 큐에서 노드를 제거하고, 그 노드와 인접한 모든 미방문 노드를 큐에 추가하며 방문 처리하는 과정을 반복한다. 이 과정은 큐가 비어질 때까지 계속된다. BFS를 구현하기 위해서는 그래프와 시작 노드, 방문한 노드를 추적할 집합이 필요하다.

BFS 알고리즘을 구현할 때 주의할 점은 시작 노드가 그래프에 존재하는지 확인하는 것이며, 존재하지 않을 경우 탐색을 중단해야 한다. 큐는 리스트나 collections 모듈의 deque 클래스를 사용할 수 있으며, 각 노드를 방문할 때마다 인접 노드를 큐에 추가하고 방문 처리하는 과정을 반복해야 한다.

- BFS는 큐를 사용하여 그래프를 탐색한다.
- 시작 노드가 그래프에 존재하는지 확인해야 한다.
- 방문한 노드는 집합을 사용하여 관리한다.
- 큐가 비어질 때까지 탐색을 반복한다.

[tags] BFS, Queue
[lang] python","[""BFS""]",algorithm,2.0,,
"[""python""]",https://www.youtube.com/watch?v=e0RBEHvAI_4,"이번 강의에서는 그래프 탐색 알고리즘 중 너비 우선 탐색(BFS)에 대해 다룬다. 이전 강의에서 깊이 우선 탐색(DFS)을 설명한 후, BFS의 기본 개념을 소개하며, BFS는 시작 노드에서 인접한 모든 노드를 먼저 방문하는 방식으로 작동한다. 강의에서는 DFS와 BFS의 유사성을 강조하며, BFS 구현 시 큐를 사용해야 한다는 점을 설명한다. 큐의 작동 방식과 함께 BFS의 최소 구현을 보여주고, 이를 통해 그래프의 경로를 찾는 방법을 시연한다.

BFS는 메모리 사용량이 많아질 수 있지만, 가중치나 휴리스틱을 고려하지 않는 그래프 탐색에 유용하다. 강의는 BFS의 구현 과정을 통해 DFS에서 BFS로의 전환이 어떻게 이루어지는지를 보여주며, 알고리즘의 기본 원리를 이해하는 데 도움을 준다.

- BFS는 인접 노드를 우선적으로 탐색한다.
- 큐를 사용하여 노드를 관리한다.
- DFS와 BFS는 유사한 구조를 가진다.
- BFS는 메모리 사용량이 많을 수 있다.
- 가중치나 휴리스틱을 고려하지 않는 탐색에 적합하다.

[tags] BFS, DFS
[lang] unknown","[""BFS"", ""DFS""]",algorithm,3.0,,
"[""python""]",https://www.youtube.com/watch?v=U5-bRX2AHNY,"너비 우선 탐색(BFS)은 그래프나 트리를 탐색하는 알고리즘으로, 주어진 노드에서 시작하여 인접한 노드를 차례로 방문하는 방식으로 작동한다. 이 강의에서는 BFS의 기본 개념과 이를 파이썬으로 구현하는 방법을 설명한다. BFS는 큐를 사용하여 방문할 노드를 관리하며, 각 노드를 방문할 때마다 그 노드의 자식 노드를 큐에 추가한다. 이 과정을 반복하여 모든 노드를 방문하게 된다.

BFS의 구현 과정은 다음과 같다:
1. 시작 노드를 큐에 추가하고 방문한 노드 목록에 기록한다.
2. 큐가 비어있지 않은 동안 반복하여 큐의 첫 번째 노드를 꺼내고 출력한다.
3. 꺼낸 노드의 이웃 노드를 확인하고, 방문하지 않은 노드를 방문 목록과 큐에 추가한다.
4. 큐가 비어있을 때까지 이 과정을 계속한다.

BFS의 시간 복잡도는 O(V + E)로, V는 정점의 수, E는 간선의 수를 의미한다.

- BFS는 그래프 탐색에 유용하다.
- 큐를 사용하여 노드를 관리한다.
- 방문한 노드는 중복 방문을 방지한다.
- 시간 복잡도는 O(V + E)이다.

[tags] BFS
[lang] python","[""BFS""]",algorithm,4.0,,
"[""python""]",https://www.youtube.com/watch?v=6T90pTJ03YY,"너비 우선 탐색(BFS) 알고리즘은 그래프의 노드를 탐색하는 방법으로, 시작 노드에서 인접한 노드로 ""불이 퍼지는"" 방식으로 작동한다. 이 알고리즘은 그래프의 모든 연결된 노드를 방문하기 위해 큐를 사용하여 현재 불이 붙은 노드를 추적하고, 방문한 노드는 boolean 배열로 관리한다. BFS는 다양한 문제에 적용될 수 있으며, 특히 최단 경로를 찾거나 격자에서 섬의 개수를 세는 데 유용하다.

BFS의 구현 과정은 다음과 같다:
- 그래프를 2D 리스트로 표현하고, 방문 여부를 나타내는 배열을 초기화한다.
- 시작 노드를 큐에 추가하고 불을 붙인다.
- 큐가 비어있지 않은 동안, 큐의 앞에서 노드를 꺼내 인접한 노드에 불을 붙인다.
- 모든 노드를 방문한 후, 방문하지 않은 노드를 확인하여 접근 가능성을 판단한다.

BFS의 시간 복잡도는 O(V + E)이며, 공간 복잡도 또한 O(V + E)이다. 이 알고리즘은 다양한 문제에 적용 가능하므로, 여러 문제를 풀어보며 이해를 깊이 있는 것이 중요하다.

[tags] BFS
[lang] python","[""BFS""]",algorithm,5.0,,
"[""python""]",https://www.youtube.com/watch?v=oTH9wKi2Rac,"너비 우선 탐색(BFS) 알고리즘은 그래프의 모든 노드를 방문하는 방법을 제시하는 알고리즘으로, 주로 그래프 탐색 및 문제 해결에 사용된다. 이 알고리즘은 큐(Queue) 자료구조를 활용하여 구현되며, FIFO(선입선출) 원칙에 따라 노드를 탐색한다. BFS는 시작 노드에서 인접한 노드를 방문하고, 그 다음 깊이로 이동하여 계속해서 노드를 탐색하는 방식으로 진행된다. 이 과정에서 이미 방문한 노드는 제외하고, 새로운 노드만을 큐에 추가하여 탐색을 이어간다.

BFS의 구현은 다음과 같은 단계로 이루어진다:
- 시작 노드를 큐와 방문 리스트에 추가한다.
- 큐에서 노드를 꺼내 인접 노드를 확인하고, 방문하지 않은 노드를 방문 리스트와 큐에 추가한다.
- 큐가 비어질 때까지 이 과정을 반복한다.

BFS는 그래프의 모든 노드를 탐색하는 데 O(V + E) 시간 복잡도를 가지며, 여기서 V는 노드의 수, E는 간선의 수를 의미한다.

- BFS는 그래프 탐색의 기초가 된다.
- 큐 자료구조를 사용하여 구현된다.
- 방문한 노드는 중복 방문하지 않는다.
- 시간 복잡도는 O(V + E)이다.

[tags] BFS, Queue
[lang] python","[""BFS"", ""Graph""]",algorithm,6.0,,
"[""python""]",https://www.youtube.com/watch?v=GroMLA3arYs,"너비 우선 탐색(BFS)은 그래프의 모든 노드를 레벨 순서로 탐색하는 알고리즘이다. BFS는 큐(Queue) 자료구조를 사용하여 현재 노드의 모든 인접 노드를 먼저 탐색한 후, 그 다음 레벨의 노드로 이동하는 방식으로 작동한다. 예를 들어, 시작 노드에서 인접한 노드들을 큐에 추가하고, 큐에서 노드를 하나씩 꺼내면서 그 노드의 인접 노드를 다시 큐에 추가하는 과정을 반복한다. 이 과정은 모든 노드가 탐색될 때까지 계속된다.

BFS의 주요 특징은 다음과 같다:
- 모든 노드를 레벨 순서로 탐색한다.
- 큐를 사용하여 탐색 순서를 관리한다.
- DFS와 달리, 경로를 깊게 탐색하는 것이 아니라 넓게 탐색한다.

BFS의 시간 복잡도는 O(V + E)로, V는 노드의 수, E는 간선의 수를 의미한다.

[tags] BFS, Queue
[lang] unknown","[""BFS"", ""Graph""]",algorithm,7.0,,
"[""python""]",https://www.youtube.com/watch?v=YtD2KGRdn3s,"너비 우선 탐색(BFS)은 그래프나 그래프와 유사한 데이터 구조를 탐색하거나 검색하는 데 필수적인 알고리즘이다. BFS의 시간 복잡도는 노드 수와 간선 수의 합인 O(V + E)이다. 이 알고리즘은 두 노드 간의 최단 경로를 계산하는 데 사용되며, Ford-Fulkerson 알고리즘과 같은 다른 응용 프로그램에서도 활용된다. BFS는 큐를 사용하여 탐색을 진행하며, 시작 노드의 이웃을 큐에 추가하고 방문한 노드는 표시하여 반복적으로 탐색한다.

BFS를 통해 최단 경로를 찾기 위해서는 약간의 수정이 필요하다. 이때, 방문한 노드의 부모 노드를 기록하는 predecessorNodes 딕셔너리를 사용하여 최단 경로를 역추적할 수 있다. 최종적으로, 시작 노드에서 끝 노드까지의 경로를 반환하는 shortestPath 함수를 통해 경로를 생성한다. 이 과정은 BFS의 기본 구조를 유지하면서도 최단 경로를 효과적으로 찾을 수 있게 해준다.

- BFS는 그래프 탐색에 유용하다.
- 시간 복잡도는 O(V + E)이다.
- 큐를 사용하여 탐색을 진행한다.
- 최단 경로를 찾기 위해 predecessorNodes를 활용한다.
- Python으로 구현할 수 있다.

[tags] BFS, shortest path
[lang] python","[""BFS""]",algorithm,8.0,,
"[""python"", ""cpp"", ""java"", ""c""]",https://www.youtube.com/watch?v=D_ZuvwIkinQ,"그래프 표현은 다양한 그래프 알고리즘을 이해하고 적용하는 데 필수적이다. 그래프는 주로 엣지 리스트, 인접 행렬, 인접 리스트의 세 가지 방법으로 표현된다. 엣지 리스트는 엣지를 중심으로 그래프를 표현하며, 가중치가 없는 경우 간단한 2차원 배열로 나타낼 수 있다. 그러나 노드 중심의 알고리즘에는 적합하지 않다. 인접 행렬은 노드 수에 따라 NxN 배열로 표현되며, 직접 접근이 가능하지만 공간 효율성이 떨어지고 탐색 시 시간 복잡도가 높다. 반면 인접 리스트는 가변적인 배열을 사용하여 노드와 엣지를 효율적으로 표현할 수 있어, 노드 중심의 알고리즘에 적합하다.

- 그래프 표현 방법: 엣지 리스트, 인접 행렬, 인접 리스트
- 엣지 리스트는 엣지를 중심으로 표현, 노드 중심 알고리즘에 비효율적
- 인접 행렬은 직접 접근 가능하지만 공간 비효율적
- 인접 리스트는 가변적 배열로 노드와 엣지를 효율적으로 표현

[tags] 엣지 리스트, 인접 행렬, 인접 리스트
[lang] unknown","[""Graph""]",algorithm,9.0,,
"[""python""]",https://www.youtube.com/watch?v=PQhMkmhYZjQ,"너비 우선 탐색(BFS) 알고리즘을 파이썬으로 구현하는 과정이 설명된다. 먼저, 그래프를 인접 리스트 형식으로 정의하고, 각 노드의 방문 여부, 레벨(거리), 부모 노드를 추적하기 위한 딕셔너리를 초기화한다. BFS의 시작 노드를 설정하고, 큐를 사용하여 탐색을 진행한다. 큐에서 노드를 꺼내고, 인접한 노드를 방문하며, 방문하지 않은 노드는 큐에 추가하고 관련 정보를 업데이트한다. 탐색이 완료되면 BFS 순회 결과와 각 노드의 거리 정보를 출력한다.

이 알고리즘은 연결된 그래프에서 최단 경로를 찾는 데 유용하며, 비연결 그래프의 경우 추가적인 처리가 필요하다. BFS의 시간 복잡도는 O(V + E)로, V는 정점의 수, E는 간선의 수를 의미한다.

- BFS는 그래프의 최단 경로를 찾는 데 사용된다.
- 큐를 활용하여 탐색 순서를 관리한다.
- 비연결 그래프에서는 추가 처리가 필요하다.
- 각 노드의 레벨을 통해 거리 정보를 제공한다.

[tags] BFS
[lang] python","[""BFS""]",algorithm,10.0,,
"[""java""]",https://www.youtube.com/watch?v=02qvSxd-yL8,"너비 우선 탐색(BFS)은 그래프 탐색 알고리즘으로, 가까운 노드부터 차례로 탐색하는 방식입니다. 예를 들어, 친구를 통해 짝사랑하는 사람을 찾는 상황을 비유로 설명하며, 주변 친구들에게 물어보는 과정을 통해 탐색이 이루어집니다. BFS는 큐를 사용하여 방문한 노드를 관리하고, 인접한 노드를 탐색하면서 방문 여부를 기록합니다. 이 과정에서 타겟 노드에 도달하면 탐색을 종료하고, 최단 경로를 반환할 수 있습니다.

BFS의 주요 특징은 다음과 같습니다:
- 가까운 노드부터 탐색하여 최단 경로를 찾는 데 유리함.
- 큐를 사용하여 방문한 노드를 관리.
- 타겟 노드에 도달하면 탐색을 종료하고 경로를 반환.

[tags] BFS
[lang] unknown","[""BFS""]",algorithm,11.0,,
"[""python"", ""cpp"", ""java"", ""c""]",https://www.youtube.com/watch?v=Cs8DaupoSPM,"너비 우선 탐색(BFS)은 그래프를 탐색하는 알고리즘으로, 시작 노드에서 가까운 노드를 우선적으로 방문하는 방식입니다. BFS는 FIFO(First In First Out) 구조인 큐를 사용하여 구현되며, 이는 깊이 우선 탐색(DFS)과 대조적입니다. BFS는 모든 노드를 탐색할 때 최단 경로를 보장하는 특징이 있어, 목표 노드에 도달하는 경로가 여러 개일 경우 가장 짧은 경로를 찾는 데 유리합니다. 시간 복잡도는 노드 수와 엣지 수의 합으로, DFS와 유사합니다.

BFS의 기본 단계는 다음과 같습니다:
- 시작 노드를 정하고 큐와 방문 배열을 초기화합니다.
- 큐에서 노드를 꺼내고, 그 노드와 연결된 인접 노드를 큐에 추가합니다.
- 방문한 노드는 다시 방문하지 않도록 관리하며, 큐가 비어질 때까지 이 과정을 반복합니다.

이러한 과정을 통해 BFS는 그래프의 모든 노드를 효율적으로 탐색할 수 있습니다.

[tags] BFS, Queue
[lang] unknown","[""BFS"", ""Queue""]",algorithm,12.0,,
"[""java""]",https://www.youtube.com/watch?v=w419jCHXeEI,"이번 강의에서는 C언어와 자바에서 마방진을 구현하는 코드의 차이점을 살펴봅니다. 자바 프로그램은 클래스 내에서 변수와 메소드를 선언해야 하며, 메인 메소드를 포함하는 클래스를 통해 실행됩니다. 자바에서 배열은 객체로 인식되므로, 2차원 배열을 선언할 때는 `new` 예약어를 사용하여 객체 형태로 생성해야 합니다. C언어와의 차이점으로는 배열 선언 방식과 출력 방식이 있으며, 자바의 `System.out.println`은 C언어의 `printf`와 유사한 기능을 수행하지만, 출력할 문자열이 없을 경우 한 줄을 띄우는 기능을 가집니다.

- 자바는 클래스 내에서 모든 변수를 선언해야 함.
- 2차원 배열은 `new` 예약어를 사용하여 객체 형태로 선언.
- 출력 방식에서 C언어의 `printf`와 유사한 `System.out.println` 사용.
- 마방진 구현은 C코드와 큰 차이가 없음.

[tags] 
[lang] unknown","[""Simulation"",""Array""]",algorithm,13.0,,
"[""python"", ""cpp"", ""java"", ""c""]",https://www.youtube.com/watch?v=iYz-pG1CPIM,"그래프 탐색은 그래프의 각 정점이나 노드를 방문하는 기술로, 주로 BFS(너비 우선 탐색)와 DFS(깊이 우선 탐색) 두 가지 방법으로 분류된다. BFS는 시작 노드에서 인접한 노드를 먼저 탐색하고, 그 다음으로 인접한 노드를 탐색하는 방식으로, 계층적으로 그래프를 탐색한다. 이 과정에서 큐를 사용하여 방문한 노드를 기록하고, 사이클을 피하기 위해 이미 방문한 노드를 체크하는 것이 중요하다. BFS는 다양한 응용 분야에서 사용되며, 예를 들어, 게임의 최단 경로 탐색, GPS 내비게이션, 소셜 네트워크의 계층 구조 표시, 피어 투 피어 네트워크에서의 이웃 노드 탐색 등에 활용된다.

- BFS는 큐를 사용하여 구현된다.
- 그래프가 연결되어 있지 않을 경우, 모든 구성 요소를 탐색해야 한다.
- BFS는 여러 가지 경로로 탐색할 수 있으며, 동일한 그래프에 대해 여러 BFS 결과가 가능하다.
- BFS는 메모리 관리와 같은 자동화된 작업에도 사용된다.

[tags] BFS, 그래프 탐색, 큐, 알고리즘
[lang] unknown","[""BFS"", ""Graph""]",algorithm,14.0,,
"[""java""]",https://www.youtube.com/watch?v=s14vkkAvLRI,"세준이는 주어진 수식에서 괄호를 적절히 배치하여 최소값을 만들고자 한다. 문제는 양수와 더하기, 빼기 연산자로 구성된 수식이 주어지며, 괄호를 통해 수식의 값을 최소화하는 방법을 찾는 것이다. 이 문제는 그리디 알고리즘을 통해 해결할 수 있으며, 마이너스 연산 뒤에 있는 수치가 최대가 되도록 괄호를 배치하는 것이 핵심이다. 즉, 마이너스가 나오기 전까지의 모든 더하기 연산을 괄호로 묶어 최대값을 만들고, 이후 마이너스 연산을 수행하는 방식이다.

이 알고리즘의 흐름은 다음과 같다:
1. 수식을 마이너스 기호를 기준으로 분리한다.
2. 각 부분에서 더하기 연산을 통해 최대값을 계산한다.
3. 최종적으로 계산된 값들을 마이너스 연산으로 처리하여 최소값을 도출한다.

- 입력 수식은 0-9와 +, -로만 구성된다.
- 수식의 길이는 50자 이하이다.
- 연속된 두 개 이상의 연산자는 없다.
- 마이너스 뒤의 수치를 최대화하는 것이 중요하다.

[tags] Greedy
[lang] unknown","[""Greedy""]",algorithm,15.0,,
"[""python""]",https://www.youtube.com/watch?v=3piXbPdLRGQ,"그래프 탐색 프로젝트에서는 너비 우선 탐색(BFS)과 깊이 우선 탐색(DFS) 두 가지 방법을 사용하여 그래프를 탐색하는 방법을 설명한다. BFS는 루트 노드에서 시작하여 각 레벨을 차례로 탐색하는 방식이며, DFS는 루트 노드에서 시작하여 왼쪽 자식 노드를 깊이 있게 탐색하는 방식이다. 이 프로젝트에서는 Python을 사용하여 그래프를 시각화하고, BFS와 DFS 버튼을 클릭하여 각각의 탐색 결과를 시각적으로 확인할 수 있도록 구현한다.

코드에서는 그래프의 초기화, 버튼 생성, 노드 연결 및 탐색 결과 표시를 위한 다양한 함수가 포함되어 있다. BFS는 레벨별로 노드를 방문하며, 방문한 노드는 빨간색으로 표시되고, DFS는 깊이별로 노드를 방문하여 방문한 노드를 파란색으로 표시한다. 이 과정에서 오류가 발생할 경우 적절한 메시지를 출력하도록 설계되어 있다.

- BFS는 레벨 순서로 탐색
- DFS는 깊이 우선으로 탐색
- 각 탐색 결과는 색상으로 시각화
- 오류 발생 시 메시지 출력
- Python으로 구현

[tags] BFS, DFS
[lang] python","[""BFS"", ""DFS""]",algorithm,16.0,,
"[""python""]",https://www.youtube.com/watch?v=tswq532WVF4,"너비 우선 탐색(BFS)은 그래프 데이터 구조에서 노드를 탐색하는 기법으로, 주로 인접한 노드를 먼저 방문하는 방식으로 작동한다. 이 알고리즘은 큐를 사용하여 구현되며, 시작 노드에서부터 인접한 모든 노드를 탐색한 후, 다음 레벨의 노드로 이동한다. BFS는 그래프의 모든 노드를 한 번씩만 방문하므로, 방문한 노드는 다시 방문하지 않는다. 이 과정에서 방문한 노드는 '방문 배열'에 저장된다.

BFS를 구현하기 위해서는 먼저 그래프를 딕셔너리 형태로 표현하고, 큐를 초기화하여 시작 노드를 추가한다. 이후 큐가 비어있지 않은 동안 반복적으로 노드를 꺼내고, 그 노드의 인접 노드를 큐에 추가하는 방식으로 진행된다. 이때, 이미 방문한 노드는 큐에 추가하지 않도록 조건을 설정한다. BFS는 그래프 탐색, 최단 경로 찾기 등 다양한 응용이 가능하다.

- BFS는 인접 노드를 먼저 탐색한다.
- 큐를 사용하여 구현하며, 방문한 노드는 다시 방문하지 않는다.
- 그래프는 딕셔너리로 표현할 수 있다.
- BFS는 최단 경로 문제에 유용하다.

[tags] BFS
[lang] python","[""BFS""]",algorithm,17.0,,
"[""python""]",https://www.youtube.com/watch?v=lyVRSBFVQQM,"너비 우선 탐색(Breadth-First Search, BFS)은 트리나 그래프의 모든 노드를 레벨 순서로 탐색하는 알고리즘이다. 이 알고리즘은 큐를 사용하여 구현되며, 방문한 노드의 자식 노드를 큐에 추가하고, 큐에서 노드를 꺼내어 방문하는 방식으로 진행된다. BFS의 기본 흐름은 루트 노드를 큐에 추가하고, 큐에서 노드를 꺼내면서 그 자식 노드를 큐에 추가하는 과정을 반복하는 것이다. 이 과정은 모든 노드를 방문할 때까지 계속된다.

BFS는 다음과 같은 특징을 가진다:
- 큐를 사용하여 노드를 관리한다.
- 각 노드를 방문할 때 자식 노드를 큐에 추가한다.
- 레벨 순서로 노드를 탐색하므로, 같은 레벨의 노드가 먼저 방문된다.
- 시간 복잡도는 O(V + E)로, V는 정점의 수, E는 간선의 수를 의미한다.

[tags] BFS
[lang] unknown","[""BFS""]",algorithm,18.0,,
"[""python""]",https://www.youtube.com/watch?v=nZJBR5m9bGM,"너드 그래프 탐색에서 두 가지 주요 방법인 너비 우선 탐색(BFS)과 깊이 우선 탐색(DFS)에 대해 설명한다. 이 영상에서는 BFS에 중점을 두고, 큐(Queue) 데이터 구조를 사용하여 그래프를 탐색하는 방법을 다룬다. BFS는 시작 노드를 고정한 후, 해당 노드를 큐에 추가하고, 큐에서 노드를 하나씩 꺼내면서 인접한 노드를 탐색하는 방식으로 진행된다. 이 과정에서 방문한 노드를 추적하기 위해 방문 집합(Visited Set)을 사용한다.

BFS의 핵심 아이디어는 레벨 순서로 노드를 탐색하는 것으로, 이때 큐를 통해 각 레벨의 노드를 순차적으로 처리한다. BFS를 구현하기 위해서는 시작 노드를 정하고, 이를 큐에 추가한 후, 큐에서 노드를 꺼내면서 인접 노드를 큐에 추가하는 과정을 반복한다. 이 방법은 이진 트리와 유사한 방식으로 작동하며, 그래프의 구조에 따라 탐색이 이루어진다.

- BFS는 큐를 사용하여 레벨 순서로 탐색한다.
- 방문한 노드는 방문 집합을 통해 관리한다.
- 시작 노드를 고정하고 큐에 추가하는 것이 중요하다.
- 인접 노드를 큐에 추가하며 탐색을 진행한다.

[tags] BFS
[lang] unknown","[""BFS""]",algorithm,19.0,,
"[""python""]",https://www.youtube.com/watch?v=-uR7BSfNJko,"이 영상에서는 파이썬을 사용하여 무방향 그래프에 대한 너비 우선 탐색(BFS) 알고리즘을 구현하는 방법을 설명한다. 그래프는 10개의 정점(A부터 J까지)으로 구성되며, 두 개의 클래스인 Vertex와 Graph를 사용하여 구현된다. Vertex 클래스는 정점의 이름, 이웃 리스트, 거리, 색상 변수를 포함하고, Graph 클래스는 정점들을 저장하는 딕셔너리와 정점을 추가하거나 엣지를 추가하는 기능을 가진다. BFS 함수는 시작 정점을 받아 큐를 사용하여 정점을 탐색하며, 각 정점의 거리를 업데이트하고 방문 여부를 색상으로 표시한다.

- Vertex 클래스는 정점의 속성을 정의하고 이웃을 추가하는 기능을 제공한다.
- Graph 클래스는 정점과 엣지를 관리하며, BFS 탐색을 위한 메서드를 포함한다.
- BFS는 큐를 사용하여 정점을 탐색하고, 각 정점의 거리를 계산한다.
- 코드 실행 후 각 정점의 이웃과 거리 정보를 출력한다.

[tags] BFS, Graph, Vertex
[lang] python","[""BFS""]",algorithm,20.0,,
"[""python""]",https://www.youtube.com/watch?v=mDYEhcKpiz0,"너비 우선 탐색(BFS)은 그래프 이론에서 사용되는 알고리즘으로, 주어진 그래프의 모든 정점을 최소한 한 번씩 방문하는 체계적인 방법이다. 이 알고리즘은 시작 정점에서 시작하여 인접한 정점들을 차례로 방문하며, 큐를 사용하여 방문할 정점을 관리한다. BFS는 웹 크롤러, 최단 경로 문제, 최소 신장 트리 찾기 등 다양한 분야에서 활용된다. 

BFS의 기본 흐름은 다음과 같다. 먼저, 시작 정점을 큐에 추가하고 방문 리스트를 초기화한다. 큐가 비어있지 않은 동안, 큐에서 정점을 꺼내고 그 정점의 자식 정점들을 확인하여 방문하지 않은 정점들을 방문 리스트와 큐에 추가한다. 이 과정을 반복하여 모든 정점을 방문하게 된다. BFS는 최악의 경우 O(V + E)의 시간 복잡도를 가지며, 여기서 V는 정점의 수, E는 간선의 수를 의미한다.

- BFS는 그래프의 모든 정점을 방문하는 데 유용하다.
- 큐를 사용하여 방문할 정점을 관리한다.
- 방향 그래프와 비방향 그래프 모두에 적용 가능하다.
- 최단 경로 문제 해결에 유용하다.
- 시간 복잡도는 O(V + E)이다.

[tags] BFS
[lang] python","[""BFS""]",algorithm,21.0,,
"[""python"", ""cpp"", ""java"", ""c""]",https://www.youtube.com/watch?v=3M4yiLbmPAU,"그래프는 데이터 간의 관계를 표현하는 자료구조로, 정점, 간선, 가중치로 구성된다. 그래프의 종류에는 방향 그래프, 무방향 그래프, 가중치 그래프가 있으며, 각 그래프는 간선의 방향성과 가중치 유무에 따라 구분된다. 그래프를 표현하는 방법으로는 인접행렬과 인접리스트가 있다. 인접행렬은 정점의 개수에 따라 2차원 배열을 사용하여 간선의 존재 여부와 가중치를 저장하는 방식으로, 랜덤 접근이 가능하지만 메모리 낭비가 크다. 반면 인접리스트는 링크드 리스트를 활용하여 각 정점의 간선 정보를 저장하며, 메모리 효율성이 좋지만 탐색 속도는 느리다. 일반적으로 정점 수가 1,000개 미만일 경우 인접행렬을, 그 이상일 경우 인접리스트를 사용하는 것이 권장된다.

- 그래프의 구성 요소: 정점, 간선, 가중치
- 그래프의 종류: 방향 그래프, 무방향 그래프, 가중치 그래프
- 표현 방법: 인접행렬, 인접리스트
- 성능 비교: 인접행렬은 랜덤 접근 가능, 인접리스트는 메모리 효율적
- 사용 조건: 정점 수에 따라 표현 방식 선택

[tags] 그래프, 인접행렬, 인접리스트, 방향 그래프, 무방향 그래프
[lang] unknown","[""Graph""]",algorithm,22.0,,
"[""python"", ""cpp"", ""java"", ""c""]",https://www.youtube.com/watch?v=gl5RhtU2mF8,"그래프를 탐색하는 두 가지 방법인 깊이 우선 탐색(DFS)과 너비 우선 탐색(BFS)에 대해 설명한다. DFS는 깊이 우선으로 노드를 탐색하며, 재귀적 방법과 반복적 방법(스택 사용)으로 구현할 수 있다. 이 과정에서 방문한 노드를 해시셋에 저장하여 중복 방문을 방지한다. BFS는 너비 우선으로 노드를 탐색하며, 큐를 사용하여 구현된다. 두 방법 모두 그래프의 정점 수와 간선 수에 따라 O(V + E)의 시간 복잡도를 가지며, 공간 복잡도는 해시셋과 스택 또는 큐의 크기에 따라 결정된다.

이 강의에서는 DFS와 BFS를 활용한 문제인 'Keys and Rooms'를 통해 그래프의 접근 가능성을 확인하는 방법을 다룬다. 이 문제는 각 방이 열쇠를 통해 연결된 방향성 그래프 형태로 표현되며, DFS 또는 BFS를 통해 모든 방에 접근할 수 있는지를 판단한다.

- DFS는 재귀적 또는 반복적으로 구현 가능
- BFS는 큐를 사용하여 구현
- 두 탐색 방법 모두 O(V + E)의 시간 복잡도
- 'Keys and Rooms' 문제를 통해 그래프 탐색 응용

[tags] DFS, BFS
[lang] unknown","[""DFS"", ""BFS"",""Graph""]",algorithm,23.0,,
"[""python""]",https://www.youtube.com/watch?v=vGkQ6hB4GeI,"주어진 문제는 백준 11720번 '숫자의 합'으로, 입력된 숫자 문자열의 합을 구하는 간단한 문제이다. 먼저, 입력으로 주어지는 숫자의 개수(n)와 숫자 문자열을 받아 배열에 저장한 후, 각 요소를 정수로 변환하여 누적합을 계산한다. 일반적인 방법으로는 반복문을 사용하여 각 문자를 정수로 변환하고 합산하는 방식으로 구현할 수 있다. 

Pythonic한 방법으로는 `map` 함수를 사용하여 입력받은 문자열을 한 번에 정수로 변환하고, `sum` 함수를 통해 합산하는 방식으로 코드를 간결하게 작성할 수 있다. 이 두 가지 방법 모두 문제를 해결할 수 있지만, Python의 특성을 활용한 두 번째 방법이 더 효율적이고 가독성이 좋다.

- 입력받은 숫자의 개수(n)와 숫자 문자열을 처리
- 각 문자를 정수로 변환 후 누적합 계산
- Pythonic한 방법으로 `map`과 `sum` 사용
- 두 가지 방법 모두 문제 해결 가능

[tags] 
[lang] python","[""Math""]",algorithm,24.0,,
"[""python""]",https://www.youtube.com/watch?v=fPmMPqusEq8,"주어진 문제는 자연수 n에서 시작하여 m을 만들기 위해 최소 몇 번의 연산을 수행해야 하는지를 구하는 것입니다. 사용할 수 있는 연산은 더하기 1, 빼기 1, 곱하기 2, 빼기 10의 네 가지이며, 중간 결과는 항상 1부터 100만 사이의 자연수여야 합니다. 이 문제는 BFS(너비 우선 탐색)를 통해 접근할 수 있으며, 각 상태를 큐에 넣고 방문 여부를 체크하는 방식으로 진행됩니다. BFS를 통해 가능한 모든 경로를 탐색하면서 최소 연산 횟수를 구할 수 있습니다.

BFS를 구현할 때는 큐와 방문 배열을 사용하여 중복 방문을 방지하고, 각 연산을 통해 새로운 상태를 큐에 추가합니다. 종료 조건은 현재 상태가 목표 m과 같을 때이며, 이 경우 최소 연산 횟수를 반환합니다. BFS의 시간 복잡도는 O(V + E)로, 여기서 V는 정점의 수, E는 간선의 수입니다.

- BFS를 사용하여 상태를 탐색
- 방문 배열로 중복 방문 방지
- 각 연산을 통해 새로운 상태 생성
- 종료 조건: 현재 상태가 목표 m일 때

[tags] BFS
[lang] unknown","[""BFS""]",algorithm,25.0,,
"[""python""]",https://www.youtube.com/watch?v=cJ9xdW_hqR4,"완주하지 못한 선수 문제는 주어진 두 배열, 참가자와 완주자를 비교하여 완주하지 못한 한 명의 선수를 찾는 것입니다. 이 문제를 해결하기 위해 세 가지 방법을 제안합니다. 첫 번째는 두 배열을 정렬한 후, 순차적으로 비교하여 차이를 찾는 방법입니다. 두 번째는 해시맵을 사용하여 참가자 이름의 해시 값을 저장하고, 완주자 배열의 해시 값을 빼는 방식으로 남은 해시 값을 통해 완주하지 못한 선수를 찾는 것입니다. 마지막으로, collections 모듈의 Counter 클래스를 활용하여 참가자와 완주자의 카운트를 비교하고, 차이를 통해 완주하지 못한 선수를 쉽게 찾는 방법이 있습니다.

- 참가자와 완주자 배열을 비교하여 차이를 찾는 문제.
- 세 가지 해결책: 정렬 후 비교, 해시맵 사용, Counter 클래스 활용.
- 동명인 문제는 큰 제약이 아님.
- 시간 복잡도: 정렬 방법 O(n log n), 해시 및 카운터 방법 O(n).

[tags] sorting, hash, Counter
[lang] python","[""Sorting"", ""Hashing""]",algorithm,26.0,,
"[""python""]",https://www.youtube.com/watch?v=ShXeNmIHtB0,"콜라 문제는 주어진 콜라병의 개수를 바탕으로 쿠폰을 통해 새로운 콜라를 받는 단순 구현 문제이다. 주어진 정수 n(초기 콜라병 개수), a(반납 시 필요한 콜라병 수), b(반납 시 받는 새로운 콜라 수)를 이용해, 반복적으로 콜라를 교환하는 과정을 구현한다. 첫 번째 풀이에서는 남은 콜라병이 a 이상일 때까지 반복하며, 매 턴마다 a개를 사용하고 b개를 추가하는 방식으로 진행된다. 두 번째 풀이에서는 한 턴을 현재 가진 콜라를 모두 소진하는 것으로 정의하여, 더 효율적으로 새로운 콜라를 계산한다.

이 문제는 구현 능력을 키우는 데 중요한 연습이 되며, 단순한 문제라도 실수가 발생할 수 있음을 강조한다. 따라서, 기본적인 구현을 통해 자신감을 얻고, 이후 최적화를 시도하는 것이 좋다.

- 핵심 체크포인트:
  - 콜라병 개수와 쿠폰 개수의 관계 이해
  - 반복문을 통한 조건 체크
  - 실수 방지를 위한 변수 관리
  - 최적화의 필요성 인식

[tags] 
[lang] python","[""Math""]",algorithm,27.0,,
"[""python""]",https://www.youtube.com/watch?v=d3R1s_OmwAk,"주어진 문제는 그래프 탐색 알고리즘인 DFS(깊이 우선 탐색)와 BFS(너비 우선 탐색)를 구현하는 것입니다. 입력으로 주어진 노드와 간선 정보를 바탕으로 그래프를 2차원 배열로 표현하고, 방문 여부를 기록하기 위한 비지티드 배열을 사용합니다. DFS는 재귀적으로 노드를 방문하며, 이미 방문한 노드는 건너뛰고, BFS는 큐를 사용하여 각 노드의 이웃을 차례로 방문합니다. 두 알고리즘 모두 방문 순서를 출력하며, DFS는 깊이 우선으로, BFS는 너비 우선으로 탐색합니다.

- DFS는 재귀적으로 호출되며, 방문한 노드를 기록합니다.
- BFS는 큐를 사용하여 노드를 순차적으로 방문합니다.
- 비지티드 배열은 방문 여부를 관리하는 데 필수적입니다.
- 그래프는 인접 행렬로 표현됩니다.
- 두 알고리즘 모두 노드 방문 순서를 출력합니다.

[tags] DFS, BFS
[lang] python","[""DFS"", ""BFS""]",algorithm,28.0,,
"[""python""]",https://www.youtube.com/watch?v=K1A7Zj_hoew,"이 문제는 백준 13905번 세부로, 그래프에서 집과 집을 연결하는 다리의 무게 제한을 고려하여 최대한 많은 빼빼로를 운반할 수 있는 경로를 찾는 문제입니다. 해결 방법으로는 BFS와 이분 탐색을 활용하는 방법, 최대 신장 트리를 이용하는 방법, 그리고 다익스트라 알고리즘을 응용하는 방법이 있습니다. BFS를 통해 특정 무게 제한에서 목적지에 도달할 수 있는지를 확인하고, 이분 탐색으로 가능한 최대 무게를 찾아냅니다. 최대 신장 트리 방법은 유니온-파인드 알고리즘을 사용하여 간선을 큰 것부터 연결하며, 다익스트라 알고리즘은 최대 힙을 이용해 각 지점에서 가장 많은 빼빼로를 운반할 수 있는 경로를 찾습니다.

- BFS와 이분 탐색을 통해 경로 탐색
- 유니온-파인드로 최대 신장 트리 구현
- 다익스트라 알고리즘의 변형 사용
- 시간 복잡도: BFS O(V + E), 이분 탐색 O(log K), 다익스트라 O(E log V)

[tags] BFS, Dijkstra, Union-Find, Binary Search
[lang] python","[""BFS"", ""Dijkstra"", ""Binary Search""]",algorithm,29.0,,
"[""python"", ""cpp"", ""java"", ""c""]",https://www.youtube.com/watch?v=zFL29ydL9D8,"해시는 키-값 쌍으로 데이터를 저장하는 자료구조로, 전화번호부와 유사한 개념이다. 해시는 문자열과 같은 다양한 데이터 타입을 키로 사용할 수 있어, 배열로는 접근할 수 없는 정보를 효율적으로 관리할 수 있다. 예를 들어, 마라톤 문제에서 완주하지 못한 선수를 찾기 위해 해시맵을 사용하면, 선수의 이름을 키로 하여 그들의 완주 여부를 쉽게 기록하고 조회할 수 있다. 해시를 사용할 때는 주로 문자열 기반의 정보를 다루는 문제에서 유용하며, 기본적으로 `put`, `get`, `getOrDefault` 세 가지 함수를 기억하면 된다.

- 해시는 키-값 쌍으로 구성된 자료구조이다.
- 문자열을 키로 사용하여 정보를 관리할 수 있다.
- 배열보다 효율적으로 데이터를 검색하고 수정할 수 있다.
- `put`, `get`, `getOrDefault` 함수가 핵심이다.
- 문자열 기반 문제에서 해시를 활용하는 것이 좋다.

[tags] 
[lang] unknown","[""Hashing"", ""Hashmap"", ""String""]",algorithm,30.0,,
"[""python"", ""cpp"", ""java"", ""c""]",https://www.youtube.com/watch?v=ygdfQDKLTD4,"깊이 우선 탐색(DFS)과 너비 우선 탐색(BFS)은 그래프 탐색의 두 가지 주요 방법입니다. DFS는 한 방향으로 최대한 깊이 탐색한 후, 더 이상 갈 수 없을 때 가장 가까운 갈림길로 돌아와 다른 방향을 탐색하는 방식입니다. 이 과정은 스택을 사용하여 구현되며, 방문한 노드를 기록하여 중복 방문을 방지합니다. 반면, BFS는 현재 위치에서 갈 수 있는 모든 노드를 한 번에 탐색하고, 큐를 사용하여 먼저 들어온 노드부터 처리하는 방식입니다. BFS는 모든 인접 노드를 탐색한 후, 다음 레벨의 노드로 이동합니다.

- DFS는 깊이를 우선시하여 탐색하며, 스택을 사용합니다.
- BFS는 너비를 우선시하여 탐색하며, 큐를 사용합니다.
- 두 알고리즘 모두 그래프의 모든 노드를 방문할 수 있습니다.
- DFS는 재귀적으로 구현할 수 있으며, BFS는 반복문을 사용하여 구현합니다.

[tags] DFS, BFS
[lang] unknown","[""DFS"", ""BFS"", ""Graph""]",algorithm,31.0,,
"[""python""]",https://www.youtube.com/watch?v=yN6iRgv09mc,"너비 우선 탐색(BFS) 알고리즘은 그래프나 트리 구조에서 노드를 레벨 순서로 탐색하는 방법이다. 이 알고리즘은 루트 노드에서 시작하여 각 레벨의 모든 노드를 방문한 후 다음 레벨로 이동한다. BFS는 큐를 사용하여 구현되며, 방문한 노드를 기록하여 중복 방문을 방지한다. 예를 들어, 루트 노드 1에서 시작하여 자식 노드 2, 3, 4, 5를 큐에 추가하고, 각 노드를 방문하면서 자식 노드를 계속 큐에 추가하는 방식으로 진행된다.

BFS의 주요 특징은 다음과 같다:
- 각 레벨의 노드를 순차적으로 탐색한다.
- 큐를 사용하여 탐색 순서를 관리한다.
- 중복 방문을 방지하기 위해 방문한 노드를 기록한다.
- 그래프와 트리 모두에 적용 가능하다.

[tags] BFS, Queue
[lang] python","[""BFS""]",algorithm,32.0,,
"[""python""]",https://www.youtube.com/watch?v=Cm3-AxNsQWg,"깊이 우선 탐색(DFS)은 그래프를 탐색하는 방법으로, 시작 노드에서 깊이 방향으로 탐색을 진행하며 더 이상 방문할 노드가 없을 경우 이전 노드로 돌아가 반복하는 방식이다. DFS는 재귀 호출 또는 스택을 사용하여 구현할 수 있으며, 인접 리스트나 인접 행렬로 그래프를 표현할 수 있다. 이 과정에서 방문 여부를 체크하기 위해 visited 배열을 사용하고, 인접 노드가 존재할 경우 DFS를 재귀적으로 호출하거나 스택에 추가하여 탐색을 계속한다.

DFS는 다양한 문제에 활용될 수 있으며, 예를 들어 플러드 필 알고리즘을 구현하거나 특정 시작점에서 도착점까지의 경로 존재 여부를 확인하는 데 사용된다. DFS의 시간 복잡도는 O(V + E)로, V는 정점의 수, E는 간선의 수를 의미한다.

- DFS는 깊이 우선 탐색 알고리즘이다.
- 재귀 호출 또는 스택을 사용하여 구현할 수 있다.
- 인접 리스트 또는 인접 행렬로 그래프를 표현할 수 있다.
- 방문 여부를 체크하기 위해 visited 배열을 사용한다.
- 다양한 문제에 활용 가능하다.

[tags] DFS, 그래프 탐색, 플러드 필 알고리즘
[lang] unknown","[""DFS"", ""Stack""]",algorithm,33.0,,
"[""python""]",https://www.youtube.com/watch?v=CnECo0rUbzo,"너비 우선 탐색(BFS) 알고리즘은 그래프의 모든 노드를 레벨 순서로 탐색하는 방법이다. 이 알고리즘은 큐와 방문한 노드를 저장할 리스트 또는 집합을 사용하여 구현된다. 시작 노드에서부터 인접한 노드를 큐에 추가하고, 큐에서 노드를 꺼내어 방문한 리스트에 추가하는 과정을 반복한다. 이때 이미 방문한 노드는 다시 큐에 추가하지 않도록 주의해야 한다. BFS는 그래프의 모든 노드를 탐색할 수 있도록 보장한다.

BFS의 구현 과정은 다음과 같다:
- 큐와 방문 리스트를 초기화한다.
- 시작 노드를 큐에 추가하고, 큐가 비어있지 않은 동안 반복한다.
- 큐에서 노드를 꺼내고, 해당 노드의 인접 노드를 확인하여 방문하지 않은 노드를 큐에 추가한다.
- 방문한 노드를 리스트에 추가한다.

이 알고리즘의 시간 복잡도는 O(V + E)로, V는 노드의 수, E는 간선의 수를 의미한다.

- BFS는 그래프와 트리 모두에 적용 가능하다.
- 큐를 사용하여 탐색 순서를 관리한다.
- 방문한 노드를 중복해서 추가하지 않도록 주의해야 한다.

[tags] BFS
[lang] python","[""BFS""]",algorithm,34.0,,
"[""cpp""]",https://www.youtube.com/watch?v=9aHVA7mJcqQ,"완전탐색의 기본 코드에 대해 설명하며, 두 가지 예제를 통해 포문과 순열 구현을 다룬다. 첫 번째 예제는 포커카드 N장 중 2장을 선택하여 합이 M에 최대한 가까운 값을 찾는 문제로, 이중 포문을 사용하여 두 수가 겹치지 않도록 처리한다. 그러나 N이 10만 이상일 경우 시간 초과가 발생할 수 있다. 두 번째 예제는 n개의 정수로 이루어진 순열 중 사전 순으로 n번째 위치한 순열을 찾는 문제로, do while 문과 Permutation 함수를 활용하여 구현한다. 이 경우 n이 10 이상일 경우에도 시간 초과가 발생할 수 있다.

- 완전탐색은 문제에 따라 다양한 방식으로 구현 가능
- 이중 포문 사용 시 겹치지 않도록 주의
- 순열 문제는 n!의 시간 복잡도를 가짐
- do while 문과 Permutation 함수 활용 가능
- 입력값에 따라 시간 초과 주의 필요

[tags] 완전탐색, 이중 포문, 순열, Permutation
[lang] unknown","[""Brute Force""]",algorithm,35.0,,
"[""java""]",https://www.youtube.com/watch?v=7OSsRByEwZs,"동혁이는 체스판과 피스를 발견했지만, 흰색 피스의 개수가 올바르지 않다. 체스는 총 16개의 피스로 구성되며, 각 피스의 올바른 개수는 킹 1개, 퀸 1개, 룩 2개, 비숍 2개, 나이트 2개, 폰 8개이다. 주어진 흰색 피스의 개수를 바탕으로, 올바른 세트를 만들기 위해 추가하거나 제거해야 할 피스의 개수를 계산하는 프로그램을 작성하는 것이 문제의 핵심이다. 

이 문제를 해결하기 위해서는 먼저 올바른 피스의 개수를 배열로 초기화한 후, 입력받은 피스의 개수와 비교하여 차이를 계산하면 된다. 이 차이를 출력하면 문제를 해결할 수 있다. 입력은 0에서 10 사이의 정수로 주어지며, 각 피스의 개수를 순서대로 입력받아야 한다.

- 체스 피스의 올바른 개수를 배열로 초기화
- 입력받은 피스 개수와 비교하여 차이 계산
- 양수는 추가해야 할 개수, 음수는 제거해야 할 개수
- 출력 형식에 주의 (줄바꿈 처리)

[tags] 
[lang] java","[""Array"",""Implementation""]",algorithm,36.0,,
"[""java""]",https://www.youtube.com/watch?v=rTk9dewULy8,"너비 우선 탐색(BFS)은 그래프나 트리 데이터 구조를 탐색하는 알고리즘으로, 시작 노드에서 인접한 모든 노드를 먼저 방문한 후 다음 레벨의 노드로 이동하는 방식이다. BFS는 큐를 사용하여 구현되며, 그래프에서는 사이클이 존재할 수 있으므로 방문한 노드를 추적하기 위해 불리언 배열을 사용해야 한다. 예를 들어, 노드 0에서 시작하여 인접한 노드 1과 2를 큐에 추가하고, 이들을 방문한 후 다음 노드로 넘어가는 방식으로 진행된다.

BFS의 주요 특징은 다음과 같다:
- 큐를 사용하여 노드를 관리한다.
- 그래프에서는 사이클을 피하기 위해 방문한 노드를 기록해야 한다.
- 인접 리스트를 사용하여 그래프를 표현할 수 있다.
- 시작 노드는 임의로 선택할 수 있다.

[tags] BFS, 그래프, 큐
[lang] unknown","[""BFS"", ""Graph"", ""Queue""]",algorithm,37.0,,
"[""python""]",https://www.youtube.com/watch?v=bTMV-VeaTws,"스파이가 다양한 의상을 조합하여 위장하는 문제를 해결하기 위해, 의상의 종류별로 개수를 세고 조합의 수를 계산하는 방법을 설명한다. 주어진 의상 목록에서 각 의상의 종류를 해시맵이나 카운터를 사용하여 분류하고, 각 종류별로 입지 않는 경우를 포함하여 조합의 수를 계산한다. 최종적으로는 아무것도 입지 않는 경우를 제외하여 유효한 조합의 수를 도출한다. 이 과정에서 해시맵의 활용, 카운터의 사용, 그리고 리듀스 함수를 통한 누적 계산 방법을 배운다.

- 의상을 종류별로 분류하여 해시맵 또는 카운터 생성
- 입지 않는 경우를 포함하여 조합 수 계산
- 최소 1개 이상의 의상 착용 조건 고려
- 해시맵.get() 메서드 활용
- 리듀스 함수를 통한 누적 계산

[tags] HashMap, Counter, Reduce, Combinatorics
[lang] python","[""HashMap""]",algorithm,38.0,,
"[""java""]",https://www.youtube.com/watch?v=GAtyPIM9TP8,"트리 순회(Tree Traversal)는 트리 구조에서 노드를 탐색하는 방법으로, 주로 넓이 우선 탐색(Breadth-First Search, BFS)과 깊이 우선 탐색(Depth-First Search, DFS)으로 나뉜다. BFS는 루트 노드에서 시작하여 각 레벨을 차례로 탐색하며, 큐를 사용하여 노드를 저장하고 결과를 배열에 담는다. 반면, DFS는 노드를 깊게 탐색하며, Pre-Order, In-Order, Post-Order의 세 가지 방식으로 구현된다. Pre-Order는 루트 노드를 먼저 방문하고, In-Order는 왼쪽 자식 노드를 먼저 방문한 후 루트, 오른쪽 자식 순으로 탐색하며, Post-Order는 모든 자식 노드를 탐색한 후 루트 노드를 방문한다.

- BFS는 큐를 사용하여 레벨 순서로 탐색한다.
- DFS는 재귀를 통해 깊이 있게 탐색하며, 세 가지 방식이 있다.
- 각 탐색 방식은 결과를 배열에 저장하는 방식이 다르다.
- BFS의 시간 복잡도는 O(V + E), DFS는 O(V)이다.

[tags] BFS, DFS, Pre-Order, In-Order, Post-Order
[lang] unknown","[""BFS"", ""DFS""]",algorithm,39.0,,
"[""java""]",https://www.youtube.com/watch?v=x8Zwup81DlA,"그래프 탐색 알고리즘에는 깊이 우선 탐색(DFS)과 너비 우선 탐색(BFS) 두 가지가 있다. DFS는 스택을 사용하여 구현되며, 가장 최근에 추가된 노드를 먼저 방문하는 방식으로 작동한다. 반면 BFS는 큐를 사용하여 구현되며, 가까운 노드부터 차례로 방문하는 방식이다. 두 알고리즘 모두 그래프의 노드를 탐색하는 데 사용되며, 인접한 노드들을 어떻게 푸시하고 팝하는지에 따라 탐색 순서가 달라질 수 있다.

DFS는 스택을 통해 인접 노드를 푸시하고, 팝할 때마다 방문한 노드를 기록한다. BFS는 큐를 통해 인접 노드를 인큐하고, 디큐할 때마다 방문한 노드를 기록한다. 이 두 알고리즘은 그래프의 구조에 따라 다양한 방식으로 구현될 수 있으며, 각기 다른 탐색 결과를 생성할 수 있다.

- DFS는 스택을 사용하여 깊이 우선으로 탐색한다.
- BFS는 큐를 사용하여 너비 우선으로 탐색한다.
- 탐색 순서는 인접 노드를 푸시하는 순서에 따라 달라질 수 있다.
- 그래프는 배열 또는 인접 리스트로 표현할 수 있다.
- 방문한 노드는 다시 방문하지 않도록 관리해야 한다.

[tags] DFS, BFS
[lang] unknown","[""DFS"", ""BFS""]",algorithm,40.0,,
"[""java""]",https://www.youtube.com/watch?v=i2C4hW-c0m4,"주어진 문제는 특정 연도가 윷년인지 판단하는 프로그램을 작성하는 것입니다. 윷년의 조건은 연도가 4의 배수이면서 100의 배수가 아니거나, 400의 배수일 때입니다. 입력으로 주어진 연도를 스캐너를 통해 받아온 후, 조건문을 사용하여 윷년인지 확인하고, 결과에 따라 1 또는 0을 출력합니다. 예를 들어, 2012년은 윷년이므로 1을 출력하고, 1900년은 윷년이 아니므로 0을 출력합니다.

또한, 두 번째 문제는 1부터 n까지의 합을 구하는 프로그램으로, n은 1 이상 10,000 이하의 자연수입니다. 이 문제는 단순한 for문을 사용하여 해결할 수 있으며, 입력받은 n에 대해 1부터 n까지의 합을 계산하여 출력합니다. 두 문제 모두 기본적인 조건문과 반복문을 활용하여 해결할 수 있습니다.

- 윷년 조건: 4의 배수이면서 100의 배수가 아니거나 400의 배수
- 입력 범위: 1 ≤ 연도 ≤ 4000, 1 ≤ n ≤ 10,000
- 출력: 윷년이면 1, 아니면 0 / 1부터 n까지의 합

[tags] 
""조건문"", ""반복문"", ""입출력""
[lang] java","[""Math"",""Aggregation""]",algorithm,41.0,,
"[""cpp""]",https://www.youtube.com/watch?v=ftOmGdm95XI,"BFS(너비 우선 탐색)는 그래프의 모든 노드를 방문하기 위한 알고리즘으로, 주어진 문제를 해결하기 위해 상하좌우로 인접한 노드를 탐색하는 방식으로 작동합니다. 이 강의에서는 BFS를 활용하여 Flood Fill 기능을 구현하는 방법을 설명합니다. Flood Fill은 특정 색상의 영역을 한 번에 변경하는 기능으로, BFS를 통해 클릭한 위치와 연결된 모든 같은 색상의 칸을 탐색하여 색을 변경할 수 있습니다. BFS의 시간 복잡도는 O(N)이며, N은 방문하는 칸의 수입니다.

BFS를 구현할 때 주의할 점은 시작점을 큐에 넣고 방문 표시를 남기는 것입니다. 이를 통해 중복 방문을 방지할 수 있습니다. 또한, BFS는 다양한 문제에 응용될 수 있으며, 예를 들어 미로 탐색, 그림 찾기, 토마토 문제 등에서 최단 경로를 찾는 데 유용합니다. BFS의 기본 틀을 익히고 다양한 문제를 풀어보는 것이 중요합니다.

- BFS는 그래프 탐색 알고리즘이다.
- Flood Fill 기능을 구현할 수 있다.
- 시간 복잡도는 O(N)이다.
- 시작점 방문 표시를 잊지 말아야 한다.
- 다양한 문제에 응용 가능하다.

[tags] BFS, Flood Fill, 그래프 탐색
[lang] unknown","[""BFS"", ""Queue""]",algorithm,42.0,,
"[""java""]",https://www.youtube.com/watch?v=lq85zEW1S_s,"이진트리는 각 노드가 최대 두 개의 자식을 가지는 트리 구조로, 높이가 n인 이진트리의 최대 노드 개수는 \(2^n - 1\)입니다. 이진트리는 정의 이진트리, 포화 이진트리, 완전 이진트리, 사양 이진트리의 네 가지 유형으로 나뉘며, 각 유형은 자식 노드의 수와 깊이에 따라 구분됩니다. 예를 들어, 정의 이진트리는 모든 노드가 0 또는 2개의 자식을 가지며, 포화 이진트리는 모든 단말 노드의 깊이가 동일한 트리입니다.

이진트리는 링크드 리스트 형태로 구현할 수 있으며, 노드 클래스는 데이터와 왼쪽, 오른쪽 자식 노드의 주소를 포함합니다. 이진트리의 순회 방법에는 전위 순회, 중위 순회, 후위 순회가 있으며, 각 순회는 노드를 방문하는 순서에 따라 다릅니다. 이러한 순회 방법은 재귀적으로 구현할 수 있으며, 각 순회 방식에 따라 노드를 방문하는 순서가 달라집니다.

- 이진트리의 최대 노드 개수는 \(2^n - 1\)이다.
- 이진트리의 종류는 정의, 포화, 완전, 사양 이진트리로 나뉜다.
- 링크드 리스트로 이진트리를 구현할 수 있다.
- 이진트리의 순회 방법은 전위, 중위, 후위 순회가 있다.

[tags] 이진트리, 전위 순회, 중위 순회, 후위 순회
[lang] unknown","[""Tree"",""DFS""]",algorithm,43.0,,
"[""python""]",https://www.youtube.com/watch?v=WooOuXIiRjE,"트리는 문자열을 저장하기 위한 데이터 구조인 트라이(Trie)에 대해 설명한다. 트라이는 문자열의 공통된 접두사를 공유하는 노드들로 구성되어 있으며, 각 노드는 알파벳을 가리키는 포인터를 포함한다. 예를 들어, ""baby"", ""bool"", ""tree"", ""try""와 같은 단어를 저장할 때, 루트 노드에서 시작하여 각 알파벳에 따라 하위 노드로 이동하며 문자열을 구성한다. 이 구조는 문자열 자동 완성 기능과 같은 다양한 응용 프로그램에서 유용하게 사용된다.

트라이에서 문자열을 찾는 연산의 시간 복잡도는 O(m)으로, 여기서 m은 찾고자 하는 문자열의 길이이다. 문자열을 추가하는 연산도 동일한 시간 복잡도를 가진다. 트라이의 노드는 배열이나 해시맵으로 구현할 수 있으며, 각 노드는 알파벳의 끝을 나타내는 is-end 속성을 가진다. 또한, 마침표를 포함한 검색 기능을 통해 모든 경로를 탐색할 수 있는 방법도 설명된다.

- 트라이는 문자열의 공통 접두사를 공유하는 트리 구조이다.
- 문자열 검색 및 추가의 시간 복잡도는 O(m)이다.
- 노드는 배열 또는 해시맵으로 구현할 수 있다.
- 마침표를 포함한 검색 기능이 가능하다.

[tags] Trie, 문자열 검색, 데이터 구조
[lang] unknown","[""Tree"",""String""]",algorithm,44.0,,
"[""java""]",https://www.youtube.com/watch?v=P70dOq-tU-Y,"최선우선 탐색(Best-First Search) 알고리즘은 최적의 해에 빠르게 도달하기 위한 탐색 전략으로, 주어진 상태에서 가장 유망한 노드를 우선적으로 확장하는 방식입니다. 이 알고리즘은 너비우선 탐색(BFS)과 깊이우선 탐색(DFS)의 개념을 바탕으로 하며, 특히 우선순위 큐를 사용하여 노드를 관리합니다. 노드의 한계값(bound)을 계산하여, 가장 유망한 노드를 선택하고 이를 기반으로 탐색을 진행합니다. 이 과정에서 힙 자료구조를 활용하여 효율적으로 노드를 관리하고, 최적의 해를 찾기 위해 계속해서 노드를 확장합니다.

- 최선우선 탐색은 유망한 노드를 우선적으로 선택하여 탐색.
- 우선순위 큐를 사용하여 노드를 관리하고, 힙을 통해 효율적인 탐색 가능.
- 각 노드는 가치(value), 무게(weight), 한계값(bound)을 가지고 관리됨.
- 탐색 과정에서 현재까지의 최적 해(best)를 지속적으로 업데이트.

[tags] Best-First Search, Priority Queue, Heap
[lang] unknown","[""Heap"",""Queue"",""Tree"",""Backtracking""]",algorithm,45.0,,
"[""cpp""]",https://www.youtube.com/watch?v=pbPX0EGi3TQ,"깊이 우선 탐색(DFS)과 너비 우선 탐색(BFS)은 트리나 그래프와 같은 비선형 구조를 탐색하는 두 가지 기본적인 방법이다. DFS는 한 정점을 방문한 후 연결된 다른 정점으로 깊이 들어가며, 더 이상 방문할 곳이 없으면 이전 상태로 돌아가 다시 탐색을 계속하는 방식이다. 반면 BFS는 방문한 정점에서 연결된 정점들을 순서대로 큐에 저장하고, 가장 먼저 방문한 정점부터 차례로 탐색하는 방법이다. DFS는 재귀 호출을 통해 스택 구조를 활용하고, BFS는 큐를 사용하여 탐색 순서를 관리한다.

이 두 가지 방법은 다양한 문제 해결에 활용될 수 있으며, 특히 DFS는 백트래킹 기법과 결합하여 복잡한 문제를 해결하는 데 유용하다. 예를 들어, 두더지굴 문제에서는 DFS를 통해 연결된 1의 개수를 세고, 그 크기를 정렬하여 출력하는 방식으로 문제를 해결할 수 있다. BFS 또한 유사한 방식으로 문제를 해결할 수 있다.

- DFS는 깊이 우선으로 탐색하며, 스택 구조를 사용한다.
- BFS는 너비 우선으로 탐색하며, 큐 구조를 사용한다.
- 두 방법 모두 비선형 구조의 모든 정점을 방문하는 데 효과적이다.
- DFS는 백트래킹과 결합하여 복잡한 문제를 해결할 수 있다.
- BFS는 같은 깊이의 정점을 먼저 방문하는 특성이 있다.

[tags] DFS, BFS, Backtracking
[lang] unknown","[""DFS"", ""BFS"",""Graph"",""Tree"",""Queue"",""Stack"",""Backtracking""]",algorithm,46.0,,
"[""cpp""]",https://www.youtube.com/watch?v=BStHJOq_mnY,"깊이 우선 탐색(DFS)과 너비 우선 탐색(BFS)의 차이점에 대해 설명하고, 각각의 탐색 방법을 적용한 예시를 통해 방문 순서를 도출하는 과정을 다룬다. DFS는 스택을 사용하여 깊이 있게 탐색하며, 더 이상 갈 곳이 없을 때 백트래킹을 통해 이전 노드로 돌아간다. 반면 BFS는 큐를 사용하여 넓게 탐색하며, 인접한 노드를 차례로 방문한다. 

예시로 주어진 그래프에서 DFS를 통해 A, B, E, F, G, C, D의 순서로 방문하게 되며, BFS를 통해서는 A, B, C, D, E, F, G의 순서로 방문하게 된다. 이 과정에서 각 탐색 방법의 특징과 사용 조건을 명확히 이해하는 것이 중요하다.

- DFS는 스택을 사용하고, BFS는 큐를 사용한다.
- DFS는 깊이 있게 탐색하며 백트래킹을 수행한다.
- BFS는 인접 노드를 차례로 방문한다.
- 방문 순서는 탐색 방법에 따라 달라진다.

[tags] DFS, BFS
[lang] unknown","[""DFS"", ""BFS"",""Graph""]",algorithm,47.0,,
"[""java""]",https://www.youtube.com/watch?v=y4dWsmd7Gqg,"너비 우선 탐색(BFS)의 구현 방법에 대해 설명한다. BFS를 실행하기 위해서는 먼저 그래프의 정점과 간선을 정의해야 하며, 이를 위해 노드 클래스를 생성한다. 각 노드는 정수 값을 가지며, 인접한 노드들의 리스트를 포함한다. BFS의 핵심은 큐를 사용하여 탐색할 노드를 관리하고, 해시셋을 통해 이미 방문한 노드를 추적하는 것이다.

BFS의 구현 과정은 다음과 같다. 시작 노드를 큐에 추가하고, 큐가 비어있지 않은 동안 반복하여 노드를 방문한다. 현재 노드의 값이 목표 값과 일치하면 true를 반환하고, 그렇지 않으면 자식 노드를 확인하여 방문하지 않은 노드를 큐에 추가한다. 모든 노드를 탐색한 후에도 목표 노드를 찾지 못하면 false를 반환한다. 이 알고리즘은 최악의 경우 O(V + E)의 시간 복잡도를 가진다.

- 그래프의 정점과 간선 정의
- 노드 클래스 생성
- 큐와 해시셋 사용
- 탐색 과정: 시작 노드 추가 → 큐 반복 → 목표 노드 확인
- 시간 복잡도: O(V + E)

[tags] BFS
[lang] java","[""BFS"",""Graph""]",algorithm,48.0,,
"[""java""]",https://www.youtube.com/watch?v=kkDwvvzTAa8,"너비 우선 탐색(BFS) 알고리즘은 트리를 레벨별로 탐색하는 방법으로, 먼저 같은 레벨의 모든 노드를 방문한 후 다음 레벨로 이동한다. 이 알고리즘을 구현하기 위해, 먼저 트리 구조를 정의하고 각 노드의 값을 가져오거나 자식 노드를 추가하는 메서드를 만든다. BFS는 큐를 사용하여 탐색을 진행하며, 루트 노드부터 시작해 큐에 자식 노드를 추가하고, 큐가 비어있지 않은 동안 반복적으로 노드를 방문한다.

BFS의 주요 흐름은 다음과 같다. 루트 노드를 큐에 추가하고, 큐에서 노드를 하나씩 꺼내어 해당 노드의 값을 확인한다. 찾고자 하는 값이 아닐 경우, 그 노드의 자식 노드를 큐에 추가한다. 이 과정을 반복하여 원하는 값을 찾거나 큐가 비어질 때까지 진행한다. BFS는 모든 노드를 레벨별로 탐색하기 때문에, 깊이 우선 탐색(DFS)과는 다른 방식으로 동작한다.

- BFS는 큐를 사용하여 레벨별로 노드를 탐색한다.
- 각 노드는 자식 노드를 큐에 추가하여 다음 탐색을 준비한다.
- 탐색 중 찾고자 하는 값을 발견하면 즉시 종료한다.
- BFS는 트리 구조에서 효과적으로 사용된다.

[tags] BFS, Tree, Queue
[lang] java","[""BFS"", ""Tree"", ""Queue""]",algorithm,49.0,,
"[""java""]",https://www.youtube.com/watch?v=r3iW552f-kk,"이진 검색 트리를 구성하는 배열을 찾는 알고리즘은 주어진 트리 구조를 기반으로 가능한 모든 배열의 조합을 생성하는 방법을 설명합니다. 이진 검색 트리는 각 노드의 왼쪽 자식은 부모보다 작고, 오른쪽 자식은 부모보다 큰 특성을 가집니다. 알고리즘은 먼저 루트 노드를 고정하고, 그 후 왼쪽과 오른쪽 서브트리의 노드들을 순서에 맞게 배열하여 가능한 모든 조합을 생성합니다. 이 과정에서 각 서브트리의 경우의 수를 조합하여 최종 배열을 도출합니다.

- 루트 노드는 항상 첫 번째로 선택되어야 함.
- 왼쪽과 오른쪽 서브트리의 노드들은 서로의 순서에 영향을 미치지 않음.
- 각 서브트리에서 가능한 모든 조합을 생성하여 결과를 누적함.
- 선택의 기로에서 두 가지 경우를 모두 탐색하여 모든 배열을 찾음.
- 복잡도는 트리의 구조에 따라 다르며, 경우의 수가 기하급수적으로 증가할 수 있음.

[tags] 
[""Binary Search Tree"", ""Backtracking"", ""Recursion""]
[lang] unknown","[""Tree"",""Backtracking""]",algorithm,50.0,,
"[""cpp""]",https://www.youtube.com/watch?v=l0Rsu7dziws,"깊이 우선 탐색(DFS)은 그래프 탐색 알고리즘으로, 스택을 사용하여 각 노드를 탐색하는 방식입니다. DFS는 시작 노드를 스택에 넣고, 스택의 최상단 노드를 꺼내어 그 노드의 인접 노드 중 방문하지 않은 노드를 스택에 추가하며 탐색을 진행합니다. 만약 방문하지 않은 인접 노드가 없다면, 스택에서 노드를 제거하고 이전 노드로 돌아갑니다. 이 과정을 반복하여 모든 노드를 탐색하게 됩니다. DFS는 재귀 함수를 사용하여 구현할 수 있으며, 이는 내부적으로 스택 프레임을 활용하는 방식입니다.

DFS의 주요 특징은 다음과 같습니다:
- 스택을 사용하여 깊이 우선으로 탐색.
- 재귀 함수를 통해 간결하게 구현 가능.
- 그래프의 모든 노드를 방문할 수 있음.
- 너비 우선 탐색(BFS)과는 다른 탐색 순서.

[tags] DFS
[lang] unknown","[""DFS"",""Graph"",""Stack""]",algorithm,51.0,,
"[""java""]",https://www.youtube.com/watch?v=7Cox-J7onXw,"너비 우선 탐색(BFS)은 트리나 그래프 데이터 구조를 탐색하는 알고리즘으로, 깊이 우선 탐색(DFS)과 달리 한 번에 한 레벨씩 탐색한다. BFS는 큐를 사용하여 방문하지 않은 노드를 추가하고, 현재 노드의 인접한 이웃을 큐에 추가하는 방식으로 진행된다. 예를 들어, 노드 A에서 시작하여 인접한 노드 B와 D를 큐에 추가하고, 그 다음 레벨의 이웃 노드 C, E, G를 추가하는 식이다. 이 과정을 반복하여 모든 노드를 탐색한다.

BFS는 그래프의 레벨을 기준으로 탐색하므로, 목표 노드가 시작 노드와 가까운 경우에 유리하다. 반면, DFS는 스택을 사용하여 한 가지 경로를 끝까지 탐색한 후 다른 경로로 이동하는 방식이다. BFS와 DFS의 주요 차이점은 탐색 순서와 사용되는 자료구조에 있으며, 게임 개발에서는 DFS가 더 많이 사용된다.

- BFS는 큐를 사용하여 레벨 단위로 탐색한다.
- DFS는 스택을 사용하여 경로 단위로 탐색한다.
- BFS는 목표 노드가 가까울 때 유리하다.
- BFS는 형제 노드를 먼저 방문하고, DFS는 자식 노드를 먼저 방문한다.

[tags] BFS, 그래프 탐색, 큐, DFS
[lang] unknown","[""BFS"", ""Graph"", ""Queue"", ""Matrix""]",algorithm,52.0,,
"[""python"", ""cpp"", ""java"", ""c""]",https://www.youtube.com/watch?v=KoX1arfQA0Y,"너비 우선 탐색(BFS)은 그래프를 탐색하는 기법으로, 큐(Queue) 자료구조를 사용하여 구현된다. BFS는 시작 노드에서 인접한 노드를 차례로 방문하며, 각 레벨을 완전히 탐색한 후 다음 레벨로 이동하는 방식으로 진행된다. 이 과정에서 각 노드는 한 번만 방문하며, 큐의 앞에서 노드를 제거하고, 그 노드의 인접 노드를 큐의 뒤에 추가하는 방식으로 탐색이 이루어진다.

BFS의 주요 단계는 다음과 같다:
- 시작 노드를 큐에 삽입하고, 큐에서 노드를 제거하여 방문 리스트에 추가한다.
- 제거한 노드의 인접 노드를 큐에 추가한다.
- 이 과정을 큐가 비어있을 때까지 반복한다.

BFS의 시간 복잡도는 O(V + E)로, V는 정점의 수, E는 간선의 수를 나타낸다. 이 알고리즘은 그래프의 모든 노드를 레벨별로 탐색할 때 유용하다.

- BFS는 큐를 사용하여 구현된다.
- 각 노드는 한 번만 방문된다.
- 레벨 순서로 노드를 탐색한다.
- 시간 복잡도는 O(V + E)이다.

[tags] BFS, Queue
[lang] unknown","[""BFS"", ""Graph"" ,""Queue""]",algorithm,53.0,,
"[""python"", ""cpp"", ""java"", ""c""]",https://www.youtube.com/watch?v=_I401xw0irg,"너비 우선 탐색(BFS) 알고리즘은 그래프의 탐색 기법으로, 루트 노드에서 시작하여 인접한 노드를 차례로 방문하는 방식으로 작동한다. BFS는 큐 자료구조를 사용하여 방문한 노드와 미방문 노드를 관리하며, 모든 인접 노드를 탐색한 후 다음 노드로 이동한다. 이 과정은 원하는 노드를 찾을 때까지 반복된다. 예를 들어, 노드 A에서 시작하여 인접한 노드 B와 C를 큐에 추가하고, 이후 B를 방문한 후 D를, D에서 E를 방문하는 식으로 진행된다. 

BFS 알고리즘의 구현은 C 언어로 이루어지며, 2차원 배열을 사용하여 그래프를 표현하고, 방문 여부를 기록하는 배열을 활용한다. 사용자는 그래프의 정점 수와 인접 행렬을 입력하여 BFS를 실행하고, 특정 시작 노드에서 도달 가능한 모든 노드를 출력할 수 있다.

- BFS는 큐를 사용하여 노드를 관리한다.
- 인접 노드를 차례로 탐색하며, 모든 노드를 방문할 때까지 반복한다.
- C 언어로 구현되며, 2차원 배열을 사용하여 그래프를 표현한다.
- 사용자가 입력한 정점 수에 따라 동작한다.

[tags] BFS
[lang] c","[""BFS"",""Graph"",""Tree"",""Queue""]",algorithm,54.0,,
"[""cpp"",""java""]",https://www.youtube.com/watch?v=kmBJ7IJR_pQ,"너비 우선 탐색(BFS)은 그래프를 레벨별로 탐색하는 알고리즘으로, 주어진 노드에서 시작하여 인접한 노드를 차례로 방문하는 방식이다. BFS는 큐를 사용하여 현재 노드의 이웃을 저장하고, 방문한 노드는 다시 방문하지 않도록 관리한다. 이 알고리즘은 그래프의 모든 노드를 한 번씩 방문하며, 시간 복잡도는 O(N + E)로, 여기서 N은 노드의 수, E는 간선의 수를 의미한다. 공간 복잡도 또한 O(N + E)로, 방문 배열과 큐를 포함한다.

BFS의 기본 흐름은 다음과 같다:
- 시작 노드를 큐에 추가하고 방문 표시.
- 큐에서 노드를 꺼내고, 그 노드의 이웃을 확인.
- 이웃 중 방문하지 않은 노드를 큐에 추가하고 방문 표시.
- 큐가 비어질 때까지 이 과정을 반복.

BFS는 다양한 문제에 적용 가능하며, 기본적인 BFS 코드를 수정하여 다양한 문제를 해결할 수 있다.

[tags] BFS
[lang] unknown","[""BFS"",""Graph"",""Queue""]",algorithm,55.0,,
"[""python"", ""cpp"", ""java"", ""c""]",https://www.youtube.com/watch?v=IWc2NU1yrik,"그래프의 탐색 알고리즘인 BFS와 DFS를 사용하여 연결되지 않은 그래프를 탐색하는 방법에 대해 설명한다. 연결되지 않은 그래프는 여러 개의 컴포넌트로 나뉘어 있으며, 각 컴포넌트는 서로 연결되어 있지 않다. 이 문제를 해결하기 위해서는 각 노드를 방문했는지 확인하고, 방문하지 않은 노드에서 BFS 또는 DFS를 시작해야 한다. 이를 통해 모든 노드를 탐색할 수 있다.

주요 포인트는 다음과 같다:
- BFS와 DFS는 시작 노드에서 연결된 모든 노드를 탐색한다.
- 연결되지 않은 그래프에서는 각 컴포넌트의 시작 노드를 반복적으로 선택해야 한다.
- 방문 여부를 체크하여 이미 방문한 노드는 건너뛰고, 방문하지 않은 노드에서 탐색을 시작한다.
- 코드에서의 변경은 시작 노드를 하드코딩하는 대신 반복문을 사용하여 동적으로 설정하는 것이다.

[tags] BFS, DFS
[lang] unknown","[""BFS"", ""DFS"", ""Graph""]",algorithm,56.0,,
['java'],https://www.youtube.com/watch?v=Z27rnUEO1R0,"깊이 우선 탐색(DFS)은 스택 구조를 기반으로 하여 데이터를 탐색하는 방법으로, 가능한 한 깊게 탐색한 후 더 이상 진행할 수 없을 때 돌아와서 다른 경로를 탐색하는 방식이다. 이 알고리즘은 그래프나 트리 구조에서 사용되며, 미로 탈출 문제와 같은 다양한 문제를 해결하는 데 활용된다. DFS는 재귀적으로 구현할 수 있으며, 방문한 경로를 기록하고, 벽이나 이미 방문한 경로를 피하는 방식으로 진행된다.

DFS의 주요 특징은 다음과 같다:
- 후입 선출(LIFO) 방식으로 탐색.
- 깊게 들어가다가 막히면 돌아와서 다른 경로 탐색.
- 그래프의 정점과 간선으로 표현된 데이터 구조에서 사용.
- 미로와 같은 문제에서 출발점(S)에서 도착점(E)까지의 경로를 찾는 데 유용.

[tags] DFS, 그래프, 재귀
[lang] unknown","[""DFS"", ""Graph"", ""Stack"", ""Backtracking"", ""Matrix"", ""Simulation""]",algorithm,57.0,,
['c'],https://www.youtube.com/watch?v=RNU2j-l6mCM,"DFS(Depth-First Search) 알고리즘은 문제 해결에 필수적인 기법으로, 주사위를 n번 던져 나올 수 있는 모든 경우를 출력하는 문제를 통해 설명된다. 주사위의 각 면(1~6)을 깊이 우선 탐색 방식으로 탐색하며, 입력값 n에 따라 재귀적으로 DFS를 호출하여 모든 조합을 생성한다. 이 과정에서 깊이(Depth)는 재귀 호출의 깊이를 나타내며, 각 호출에서 1부터 6까지의 숫자를 나열하는 방식으로 진행된다. DFS를 사용하지 않으면 중첩된 반복문을 사용해야 하므로 비효율적이다.

DFS는 그래프 문제에서도 유용하게 사용되며, 방문한 노드를 기록하여 중복 방문을 방지하는 것이 중요하다. 이 알고리즘은 스택을 활용하여 구현되며, 각 노드에서 연결된 노드를 탐색하는 방식으로 진행된다. DFS의 시간 복잡도는 O(V + E)로, V는 정점의 수, E는 간선의 수를 의미한다.

- DFS는 재귀 호출을 통해 깊이 우선 탐색을 수행한다.
- 주사위 문제는 n에 따라 조합의 수가 증가한다.
- 그래프 문제에서도 DFS를 활용하여 연결된 노드를 탐색한다.
- 방문한 노드를 기록하여 중복 방문을 방지해야 한다.

[tags] DFS, 그래프
[lang] unknown","[""DFS"", ""Graph""]",algorithm,58.0,,
"[""java""]",https://www.youtube.com/watch?v=sN8IVvzF3zI,"주어진 문제는 1부터 n까지의 수를 이어서 썼을 때, 그 수의 자릿수를 구하는 것입니다. 이 문제를 해결하기 위해서는 각 자릿수 범위에 따라 수의 개수를 계산하고, 각 범위의 자릿수를 곱하여 총합을 구하는 방식으로 접근합니다. 예를 들어, 1부터 9까지는 9개의 수가 1자리, 10부터 99까지는 90개의 수가 2자리, 100부터 n까지는 3자리로 계산하여 자릿수를 합산합니다. 이 과정에서 n의 범위에 따라 반복문을 사용하여 효율적으로 계산할 수 있습니다.

- 1부터 n까지의 수를 이어서 썼을 때 자릿수 계산
- 자릿수 범위에 따라 수의 개수와 자릿수 곱하기
- 반복문을 통해 효율적으로 계산
- 시간 복잡도는 O(log n)으로 빠름

[tags] 
[""Math"", ""Loop"", ""Counting""]
[lang] java","[""Math"",""Brute Force""]",algorithm,59.0,,
"[""java""]",https://www.youtube.com/watch?v=9Oev6UgLhiI,"너비 우선 탐색(BFS) 알고리즘은 그래프의 모든 정점과 간선을 한 번씩 방문하는 방법으로, 시작 정점을 선택한 후 그 정점의 이웃을 먼저 탐색하고, 다음 깊이의 정점으로 이동하는 방식으로 진행된다. BFS는 정점을 '방문한' 것과 '방문하지 않은' 것으로 구분하여, 각 정점을 한 번만 방문하도록 설계되어 있다. 이 알고리즘은 큐를 사용하여 구현되며, 정점이 발견되면 큐에 추가되고, 큐가 비어질 때까지 이 과정을 반복한다.

BFS 구현 시 주의할 점은 사이클이 있는 그래프에서 무한 루프에 빠지지 않도록 방문하지 않은 정점만 큐에 추가해야 한다는 것이다. 이를 통해 그래프의 모든 정점을 올바른 순서로 탐색할 수 있다. BFS는 일반적으로 그래프의 최단 경로를 찾거나, 연결 요소를 탐색하는 데 유용하다.

- BFS는 시작 정점에서 이웃 정점으로 탐색을 진행한다.
- 큐를 사용하여 정점을 관리하며, 방문한 정점은 다시 큐에 추가하지 않는다.
- 사이클이 있는 그래프에서는 무한 루프를 방지하기 위해 방문 여부를 체크해야 한다.

[tags] BFS
[lang] unknown","[""BFS""]",algorithm,60.0,,
"[""cpp""]",https://www.youtube.com/watch?v=cDS5ZTeANZM,"너비 우선 탐색(BFS) 알고리즘은 그래프 탐색 기법으로, 주어진 정점에서 시작하여 현재 깊이의 모든 이웃을 탐색한 후 다음 깊이로 이동하는 방식으로 작동한다. 이 알고리즘은 주로 비가중 그래프나 트리에서 목표 노드에 도달하기 위한 최단 경로를 찾는 데 사용된다. 예를 들어, n개의 정점과 m개의 간선을 가진 비가중 그래프에서 출발 정점에서 목표 정점까지의 최단 경로를 찾기 위해 BFS를 적용할 수 있다. 이 과정에서 방문한 정점과 출발 정점으로부터의 거리를 추적하기 위해 두 개의 배열(visited, distance)을 사용하고, 큐 자료구조를 활용하여 구현한다.

BFS 알고리즘의 시간 복잡도는 O(m + n)으로, 이는 각 정점과 간선을 최대 한 번씩 방문하기 때문이다. 작은 입력에 대해서는 효과적이지만, 큰 입력에 대해서는 비현실적일 수 있다. BFS는 강력한 그래프 탐색 알고리즘으로, 비가중 그래프에서 최단 경로를 찾는 데 유용하다.

- BFS는 그래프의 모든 이웃을 탐색한다.
- 큐 자료구조를 사용하여 구현한다.
- 시간 복잡도는 O(m + n)이다.
- 비가중 그래프에서 최단 경로를 찾는 데 적합하다.
- 큰 입력에 대해서는 비효율적일 수 있다.

[tags] BFS, 그래프 탐색, 큐
[lang] cpp","[""BFS"", ""Graph"", ""Queue"", ""Shortest Path""]",algorithm,61.0,,
"[""python"", ""cpp"", ""java"", ""c""]",https://www.youtube.com/watch?v=aFpHhmMl9hg,"너비 우선 탐색(BFS)은 목표에 도달하기 위해 정보를 사용하지 않고 노드를 하나씩 탐색하는 비정보 탐색 알고리즘이다. 이 방법은 모든 노드를 순차적으로 방문하며, 각 노드의 자식 노드를 큐에 추가하여 탐색을 진행한다. BFS는 구현이 간단하지만, 메모리 효율성이 떨어지고 대규모 탐색 공간에서는 시간이 많이 소요될 수 있다. 

BFS의 기본 흐름은 다음과 같다:
- 시작 노드에서 시작하여 너비 방향으로 탐색.
- 큐를 사용하여 방문할 노드를 관리하고, FIFO(선입선출) 방식으로 노드를 처리.
- 목표 노드에 도달할 때까지 모든 자식 노드를 탐색.

BFS는 최적의 경로를 보장하지 않지만, 단순한 구조로 인해 많은 경우에 유용하게 사용된다.

- BFS는 비정보 탐색 알고리즘이다.
- 큐를 사용하여 노드를 관리한다.
- 메모리와 시간 효율성이 낮다.
- 구현이 간단하다.

[tags] BFS
[lang] unknown","[""BFS""]",algorithm,62.0,,
"[""python""]",https://www.youtube.com/watch?v=naZB_PZ1lb0,"BFS(너비 우선 탐색)는 방향성이 없는 그래프에서 출발 노드에서 도착 노드까지의 최소 간선 수를 찾는 전형적인 알고리즘입니다. 이 문제는 인접 리스트를 사용하여 그래프를 표현하고, 큐를 통해 탐색을 진행합니다. 초기에는 방문 배열과 큐를 설정하고, 시작 노드를 큐에 추가한 후, 큐가 비어있지 않은 동안 반복적으로 노드를 꺼내어 연결된 노드를 탐색합니다. 방문하지 않은 노드는 큐에 추가하고 방문 표시를 하며, 도착 노드에 도달하면 경과한 간선 수를 반환합니다. 만약 도착 노드에 도달하지 못하면 0을 반환합니다.

- BFS는 그래프 탐색에 적합하며, 최단 경로 문제에 자주 사용된다.
- 인접 리스트를 통해 그래프를 효율적으로 표현할 수 있다.
- 큐를 사용하여 탐색 순서를 관리하며, 방문 배열로 중복 방문을 방지한다.
- 복잡한 문제에서도 기본적인 BFS 구조를 유지하며 변형하여 사용할 수 있다.

[tags] BFS
[lang] unknown","[""BFS""]",algorithm,63.0,,
"[""c""]",https://www.youtube.com/watch?v=wNOwQmIlSXI,"너비 우선 탐색(BFS) 알고리즘은 그래프의 모든 노드를 최소 한 번 방문하는 방법으로, 큐를 사용하여 구현된다. BFS는 시작 노드에서 인접한 노드를 큐에 추가하고, 큐에서 노드를 꺼내어 그 노드의 인접 노드를 방문하는 과정을 반복한다. 이 과정은 모든 노드가 방문될 때까지 계속된다. 예를 들어, 그래프의 시작 노드를 A로 설정하면, A의 인접 노드인 B, D, E를 큐에 추가하고, 이후 각 노드를 차례로 방문하며 인접 노드를 큐에 추가하는 방식으로 진행된다.

BFS의 주요 특징은 다음과 같다:
- 큐를 사용하여 노드를 관리한다.
- 시작 노드는 임의로 선택할 수 있다.
- 모든 노드를 방문할 때까지 반복한다.
- 가중치가 없는 그래프에서 최소 신장 트리를 형성할 수 있다.

[tags] BFS
[lang] unknown","[""BFS""]",algorithm,64.0,,
"[""python"", ""cpp"", ""java"", ""c""]",https://www.youtube.com/watch?v=oDqjPvD54Ss,"너비 우선 탐색(BFS) 알고리즘은 그래프의 노드와 엣지를 탐색하는 기본적인 방법으로, 주로 최단 경로를 찾는 데 유용하다. BFS는 시작 노드에서 인접한 노드들을 먼저 방문하고, 그 다음 레벨의 노드들을 탐색하는 방식으로 진행된다. 이 과정에서 큐 자료구조를 사용하여 방문할 노드를 관리하며, 시간 복잡도는 O(V + E)로, V는 정점의 수, E는 엣지의 수를 나타낸다.

BFS의 구현은 두 가지 주요 단계로 나뉜다. 첫 번째는 탐색을 수행하는 solve 메서드로, 큐를 초기화하고 시작 노드를 추가한 후, 인접 리스트를 통해 방문하지 않은 노드를 큐에 추가하며 부모 노드를 기록한다. 두 번째는 reconstruct path 메서드로, prev 배열을 사용하여 시작 노드에서 끝 노드까지의 경로를 재구성한다. 이때, 그래프가 분리되어 있을 경우 경로가 존재하지 않을 수 있으므로 이를 확인해야 한다.

- BFS는 그래프의 최단 경로를 찾는 데 적합하다.
- 큐를 사용하여 탐색할 노드를 관리한다.
- 시간 복잡도는 O(V + E)이다.
- 경로 재구성을 위해 prev 배열을 사용한다.
- 그래프가 분리된 경우 경로가 없을 수 있다.

[tags] BFS
[lang] unknown","[""BFS""]",algorithm,65.0,,
"[""python"", ""cpp"", ""java"", ""c""]",https://www.youtube.com/watch?v=gK8ap1-5Eio,"너비 우선 탐색(BFS) 알고리즘은 그래프와 트리 구조에서 경로를 찾는 데 사용된다. BFS는 시작 노드에서 인접한 노드를 차례로 방문하며, 각 노드를 방문할 때마다 해당 노드를 '방문한' 것으로 표시하여 중복 방문을 방지한다. 이 과정에서 목적지 노드에 도달하면 경로를 찾은 것으로 간주하며, BFS는 모든 노드를 탐색할 수 있는 구조를 갖추고 있다. BFS의 시간 복잡도는 O(V + E)로, 여기서 V는 정점의 수, E는 간선의 수를 의미하며, 공간 복잡도는 O(V)이다. BFS는 가중치가 없는 그래프에서 최단 경로를 찾는 데 유용하다.

- BFS는 그래프와 트리 구조에서 사용된다.
- 방문한 노드는 다시 방문하지 않도록 표시한다.
- 시간 복잡도는 O(V + E), 공간 복잡도는 O(V)이다.
- 가중치가 없는 경우 최단 경로를 찾는다.

[tags] BFS
[lang] unknown","[""BFS"", ""Graph"", ""Queue"", ""Shortest Path""]",algorithm,66.0,,
"[""cpp""]",https://www.youtube.com/watch?v=-B76_z-WWNg,"너비 우선 탐색(BFS)은 그래프의 최단 경로를 찾기 위한 알고리즘으로, 큐를 사용하여 구현된다. 시작 노드 S에서 시작하여, 큐에 S를 추가하고, 큐가 비어있지 않은 동안 반복적으로 노드를 팝하여 그 이웃 노드들을 큐에 추가한다. 이 과정에서 각 노드의 거리를 기록하는 배열과 방문 여부를 기록하는 배열을 유지한다. 

BFS는 FIFO(선입선출) 방식으로 작동하며, 각 노드의 이웃을 탐색할 때마다 거리를 업데이트한다. 모든 노드를 방문한 후, 큐가 비어있게 되면 최단 경로 정보를 출력할 수 있다. 이 알고리즘은 그래프의 모든 노드를 한 번씩 방문하므로 시간 복잡도는 O(V + E)이다.

- BFS는 큐를 사용하여 구현된다.
- 각 노드의 이웃을 탐색하며 거리를 기록한다.
- 모든 노드를 한 번씩 방문하므로 효율적이다.
- 최단 경로를 찾는 데 유용하다.

[tags] BFS
[lang] c++","[""BFS"", ""Graph"", ""Queue"", ""Shortest Path""]",algorithm,67.0,,
"[""python"", ""cpp"", ""java"", ""c""]",https://www.youtube.com/watch?v=-2CI8oUbjO8,"BFS(너비 우선 탐색) 알고리즘은 그래프를 탐색하는 방법으로, 시작 노드에서 인접한 노드를 먼저 방문한 후, 그 노드와 연결된 노드를 차례로 방문하는 방식이다. 이 알고리즘은 DFS(깊이 우선 탐색)와 달리 깊이보다는 너비를 우선으로 탐색한다. BFS를 수행하기 위해서는 먼저 시작 노드를 선택하고, 그 노드와 연결된 모든 인접 노드를 방문한 후, 방문한 노드의 인접 노드를 계속해서 탐색한다. 이 과정을 반복하여 모든 노드를 방문할 때까지 진행한다.

BFS는 그래프가 연결되어 있는지 확인하거나, 두 노드 간의 최단 경로를 찾는 데 유용하다. 또한, 그래프의 연결성을 판단하는 데에도 사용될 수 있다. BFS의 시간 복잡도는 O(V + E)로, V는 정점의 수, E는 간선의 수를 나타낸다.

- BFS는 시작 노드에서 인접 노드를 우선 방문한다.
- 모든 인접 노드를 방문한 후, 다음 단계로 진행한다.
- 그래프의 연결성 및 최단 경로 탐색에 유용하다.
- 시간 복잡도는 O(V + E)이다.

[tags] BFS
[lang] unknown","[""BFS""]",algorithm,68.0,,
['java'],https://www.youtube.com/watch?v=9aas7w8d6ek,"팩토리얼을 구하는 방법에는 반복문을 사용하는 방법과 재귀 함수를 사용하는 방법이 있다. 반복문을 이용한 팩토리얼 함수는 주어진 정수 n에 대해 1부터 n까지의 곱을 계산하여 결과를 반환한다. 이때, 초기값을 1로 설정하고, n까지 반복하여 곱하는 방식으로 구현된다. 반면, 재귀 함수를 이용한 팩토리얼 함수는 함수 내에서 자신을 호출하여 n이 1 또는 0일 때 1을 반환하고, 그 외의 경우 n과 n-1의 팩토리얼을 곱하여 반환하는 방식으로 동작한다. 

재귀 함수는 특히 트리 구조 탐색과 같은 문제에서 유용하게 사용되며, 일반적인 계산에서는 반복문이 더 효율적일 수 있다. 팩토리얼을 구하는 두 가지 방법을 통해 재귀 호출의 개념과 기본적인 함수 작성법을 학습할 수 있다.

- 팩토리얼은 n! = n × (n-1)!로 정의된다.
- 반복문을 사용한 팩토리얼 함수는 성능이 더 좋을 수 있다.
- 재귀 함수는 함수 내에서 자신을 호출하는 방식으로 구현된다.
- 0!과 1!은 1로 정의된다.
- 재귀 호출은 트리 구조 탐색에 유리하다.

[tags] 재귀, 팩토리얼, 반복문
[lang] unknown","[""Recursion"", ""Math""]",algorithm,69.0,,
"[""c""]",https://www.youtube.com/watch?v=llVuUGySRwg,"BFS(너비 우선 탐색)는 그래프나 트리의 값을 탐색하는 알고리즘으로, 시작 노드에서 인접한 노드를 먼저 방문한 후 다음 레벨로 이동하는 방식으로 작동한다. 그래프는 정점(버텍스)과 간선(엣지)으로 구성되며, 방향성이 있는 그래프와 없는 그래프로 나뉜다. BFS는 큐(Queue) 자료구조를 사용하여 탐색을 진행하며, 각 노드의 방문 상태를 관리하여 이미 방문한 노드는 다시 방문하지 않도록 한다.

BFS의 기본 흐름은 다음과 같다:
1. 시작 노드를 큐에 추가하고 방문 상태를 업데이트한다.
2. 큐에서 노드를 꺼내어 결과 배열에 추가하고, 해당 노드의 인접 노드를 큐에 추가한다.
3. 큐가 비어질 때까지 이 과정을 반복한다.

BFS는 그래프의 모든 노드를 탐색할 수 있으며, 최악의 경우 시간 복잡도는 O(V + E)로, V는 정점의 수, E는 간선의 수를 의미한다.

- BFS는 그래프 탐색에 유용하다.
- 큐를 사용하여 탐색 순서를 관리한다.
- 인접 행렬을 통해 그래프의 구조를 표현할 수 있다.
- 방문 상태를 관리하여 중복 방문을 방지한다.

[tags] BFS, Queue, Graph
[lang] unknown","[""BFS"", ""Implementation""]",algorithm,70.0,,
"[""python""]",https://www.youtube.com/watch?v=dcTbmpvHf7g,"깊이 우선 탐색(DFS)은 그래프의 각 노드를 방문하는 알고리즘으로, 방문 여부를 체크하기 위해 `Visited` 배열을 사용한다. 이 배열은 노드의 인덱스가 0부터 시작하기 때문에, 노드 수보다 하나 더 큰 크기로 설정하여 인덱스와 노드 번호를 맞춘다. DFS 함수는 현재 노드를 인자로 받아 방문 체크 후 출력하고, 인접한 노드 중 방문하지 않은 노드에 대해 재귀적으로 DFS를 호출한다. 이 과정을 통해 모든 연결된 노드를 탐색하게 된다.

DFS의 흐름은 다음과 같다:
1. 현재 노드를 방문 체크하고 출력한다.
2. 인접한 노드 중 방문하지 않은 노드에 대해 DFS를 호출한다.
3. 모든 인접 노드가 방문 완료되면 함수가 종료된다.

이 알고리즘은 그래프의 모든 노드를 한 번씩 방문하므로, 시간 복잡도는 O(V + E)로, V는 노드 수, E는 간선 수를 의미한다.

- `Visited` 배열은 노드의 방문 여부를 체크한다.
- DFS는 재귀적으로 호출되어 인접 노드를 탐색한다.
- 모든 노드를 한 번씩 방문하는 방식으로 작동한다.

[tags] DFS
[lang] unknown","[""DFS""]",algorithm,71.0,,
"[""cpp""]",https://www.youtube.com/watch?v=9hdhpMVPSwM,"주어진 문제는 카카오 아이디 규칙에 맞지 않는 아이디를 입력받아, 규칙에 맞는 아이디를 추천하는 것입니다. 아이디는 3자 이상 15자 이하로, 알파벳 소문자, 숫자, 빼기, 밑줄, 마침표만 허용되며, 마침표는 처음과 끝에 위치할 수 없습니다. 이 문제는 7단계로 나뉘어 있으며, 각 단계에서 특정 규칙을 적용하여 최종 아이디를 생성합니다. 

1단계에서는 대문자를 소문자로 변환하고, 2단계에서는 허용되지 않는 문자를 제거합니다. 3단계에서는 연속된 마침표를 하나로 치환하고, 4단계에서는 처음과 끝의 마침표를 제거합니다. 5단계에서는 빈 문자열일 경우 'a'를 대입하고, 6단계에서는 길이가 16자 이상일 경우 15자로 잘라내며, 마지막으로 7단계에서는 길이가 2자 이하일 경우 마지막 문자를 반복하여 3자로 만듭니다. 이 문제는 정규표현식을 사용하지 않는 방법과 사용하는 방법 두 가지로 해결할 수 있습니다.

- 아이디 길이: 3자 이상 15자 이하
- 허용 문자: 소문자, 숫자, -, _, .
- 마침표 처리: 연속된 마침표는 하나로, 처음과 끝의 마침표 제거
- 빈 문자열 처리: 'a' 대입
- 길이 조정: 16자 이상 잘라내기, 2자 이하 반복

[tags] 
[lang] unknown","[""String"",""Simulation""]",algorithm,72.0,,
"[""cpp""]",https://www.youtube.com/watch?v=v78tWnjklio,"너비 우선 탐색(BFS)은 그래프 알고리즘의 기본적인 방법으로, 특정 시작 노드에서 시작하여 인접한 모든 노드를 탐색한 후, 그 노드들과 연결된 노드를 차례로 탐색하는 방식이다. 이 알고리즘은 그래프의 모든 노드를 방문하기 위해 큐를 사용하며, 각 노드가 방문되었는지를 추적하기 위해 불리언 배열을 활용한다. BFS는 웹 페이지 순위 매기기와 같은 다양한 실제 응용 프로그램에서 사용될 수 있다.

BFS의 구현 과정은 다음과 같다. 먼저, 그래프의 정점 수와 인접 리스트를 초기화하고, 간선을 추가하는 메서드를 정의한다. BFS 알고리즘은 시작 노드를 큐에 추가하고, 큐가 비어있지 않은 동안 반복하여 노드를 탐색한다. 각 노드의 인접 노드를 확인하고, 방문하지 않은 노드를 큐에 추가하며, 방문 상태를 업데이트한다. 이 과정을 통해 그래프의 모든 노드를 탐색할 수 있다.

- BFS는 그래프의 모든 노드를 탐색하는 데 유용하다.
- 큐를 사용하여 탐색 순서를 관리한다.
- 방문 여부를 추적하기 위해 불리언 배열을 사용한다.
- 다양한 그래프 문제에 적용 가능하다.

[tags] BFS, 그래프 탐색
[lang] cpp","[""BFS"", ""Graph"", ""Queue""]",algorithm,73.0,,
"[""cpp"",""java""]",https://www.youtube.com/watch?v=-tgVpUgsQ5k,"BFS(너비 우선 탐색)는 그래프를 레벨별로 탐색하는 기법으로, 주어진 시작 노드에서 시작하여 인접한 노드를 차례로 방문하는 방식이다. BFS는 큐 자료구조를 사용하여 구현되며, 방문한 노드를 기록하기 위해 방문 배열을 사용한다. 탐색은 시작 노드를 큐에 추가하고, 큐에서 노드를 꺼내어 그 노드의 이웃 노드를 큐에 추가하는 방식으로 진행된다. 이 과정은 큐가 비어있지 않을 때까지 반복된다.

BFS의 시간 복잡도는 O(V + E)로, V는 노드의 수, E는 간선의 수를 의미한다. 공간 복잡도 또한 O(V)로, 큐와 방문 배열을 포함한다. BFS는 그래프의 구조에 따라 탐색 순서가 달라질 수 있으며, 시작 노드에 따라 결과가 달라질 수 있다는 점이 중요하다.

- BFS는 레벨별 탐색을 수행한다.
- 큐와 방문 배열을 사용하여 구현된다.
- 시간 복잡도는 O(V + E), 공간 복잡도는 O(V)이다.
- 시작 노드에 따라 탐색 결과가 달라질 수 있다.

[tags] BFS, Queue, Graph Traversal
[lang] unknown","[""BFS"", ""Queue"", ""Graph"",""Vector""]",algorithm,74.0,,
"[""python"", ""cpp"", ""java"", ""c""]",https://www.youtube.com/watch?v=KiCBXu4P-2Y,"너비 우선 탐색(BFS)을 사용하여 그리드에서 최단 경로를 찾는 방법에 대해 설명한다. 그리드는 암묵적인 그래프 형태로, 각 셀의 이웃을 쉽게 파악할 수 있다. BFS를 통해 시작 노드에서 종료 노드까지의 경로를 탐색하며, 이 과정에서 방향 벡터를 사용하여 인접한 셀을 효율적으로 방문한다. 그리드를 인접 리스트나 인접 행렬로 변환하는 방법도 설명하지만, 그리드의 구조적 특성 덕분에 이러한 변환 없이도 BFS를 수행할 수 있다.

BFS를 통해 던전 문제를 해결하는 과정에서는 시작 셀에서 인접한 셀을 큐에 추가하고, 방문한 셀을 기록하여 중복 방문을 방지한다. 최단 경로를 찾기 위해 각 레이어의 노드를 탐색하며, 이동 횟수를 세어 종료 노드에 도달했는지 확인한다. 이 과정에서 다차원 좌표를 처리하기 위한 큐의 대안적 사용법도 소개된다.

- BFS를 사용하여 최단 경로 탐색
- 방향 벡터를 통한 인접 셀 방문
- 그리드의 인접 리스트/행렬 변환
- 다차원 좌표를 위한 큐 사용법
- 방문 기록을 통한 중복 방지

[tags] BFS, 그래프 이론, 그리드, 최단 경로
[lang] unknown","[""BFS"", ""Shortest Path""]",algorithm,75.0,,
"[""cpp""]",https://www.youtube.com/watch?v=-roXotLkUOw,"그래프를 메모리에서 표현하기 위해 인접 리스트를 사용하여 각 정점과 연결된 정점들을 저장하는 방법을 설명한다. 인접 리스트는 각 정점에 대해 연결된 정점들의 리스트를 유지하는 구조로, C++의 벡터를 활용하여 구현할 수 있다. 사용자는 그래프의 정점 수와 간선 수를 입력하고, 각 간선의 두 정점의 정보를 입력하여 인접 리스트를 구성한다. 이후 BFS(너비 우선 탐색)를 수행하기 위해 큐를 사용하고, 각 정점의 탐색 상태를 기록하는 벡터를 활용하여 탐색 순서를 결정한다.

- 인접 리스트는 각 정점에 대한 연결 정보를 저장하는 효율적인 방법이다.
- BFS는 큐를 사용하여 정점을 탐색하며, FIFO(선입선출) 방식으로 진행된다.
- 각 정점의 탐색 상태를 관리하기 위해 상태 벡터를 사용한다.
- BFS의 탐색 순서는 큐에서 정점을 제거하는 순서에 따라 결정된다.

[tags] BFS, 그래프, 인접 리스트
[lang] cpp","[""BFS"", ""Graph"", ""Queue""]",algorithm,76.0,,
"[""cpp""]",https://www.youtube.com/watch?v=J06Y4XKPQD8,"BFS(너비 우선 탐색) 알고리즘은 그래프의 모든 노드를 레벨별로 탐색하는 방법이다. 이 알고리즘은 큐를 사용하여 현재 레벨의 노드를 저장하고, 각 노드에 연결된 노드를 방문하면서 진행된다. 입력으로는 노드 수와 간선 수, 그리고 각 노드 간의 연결 정보를 받으며, 이를 통해 인접 행렬을 구성한다. BFS는 가중치에 상관없이 레벨 단위로 탐색하므로, 각 노드가 방문되었는지 여부를 확인하기 위해 불리언 배열을 사용한다.

BFS의 주요 흐름은 다음과 같다:
- 큐에 시작 노드를 추가하고 방문 표시.
- 큐가 비어있지 않은 동안 반복하며, 현재 레벨의 노드를 처리.
- 각 노드에 연결된 노드를 확인하고, 방문하지 않은 노드를 큐에 추가.
- 레벨을 증가시키며 탐색을 계속 진행.

이 알고리즘은 그래프의 구조에 따라 다르게 동작할 수 있으며, 시간 복잡도는 O(V + E)로, V는 노드 수, E는 간선 수를 의미한다.

- BFS는 레벨 단위로 탐색한다.
- 큐를 사용하여 현재 레벨의 노드를 관리한다.
- 방문 여부를 체크하기 위해 불리언 배열을 사용한다.
- 가중치가 없는 그래프에서 효과적이다.
- 시간 복잡도는 O(V + E)이다.

[tags] BFS
[lang] unknown","[""BFS"", ""Graph"", ""Queue""]",algorithm,77.0,,
"[""cpp""]",https://www.youtube.com/watch?v=rmPm2SbKJ5E,"너무 많은 정보를 담고 있는 이 강의에서는 너비 우선 탐색(BFS)에 대해 설명하고 있다. BFS는 그래프의 모든 노드를 레벨별로 탐색하는 알고리즘으로, 시작 노드에서 인접한 노드를 먼저 방문한 후, 그 노드의 자식 노드를 탐색하는 방식으로 진행된다. 이 과정에서 큐를 사용하여 방문할 노드를 관리하며, FIFO(선입선출) 방식으로 노드를 처리한다. BFS는 주로 최단 경로 문제나 그래프의 연결 요소를 찾는 데 사용된다.

BFS의 구현은 다음과 같은 단계로 이루어진다:
- 시작 노드를 큐에 추가하고 방문 표시.
- 큐가 비어있지 않은 동안 반복하여 큐에서 노드를 꺼내고 출력.
- 꺼낸 노드의 자식 노드를 큐에 추가하고 방문 표시.

이 알고리즘은 시간 복잡도가 O(V + E)로, V는 노드의 수, E는 간선의 수를 나타낸다.

- BFS는 레벨 탐색 방식이다.
- 큐를 사용하여 노드를 관리한다.
- 그래프의 모든 노드를 탐색할 수 있다.
- 시간 복잡도는 O(V + E)이다.

[tags] BFS, Queue, Graph
[lang] unknown","[""BFS"", ""Queue"", ""Graph""]",algorithm,78.0,,
"[""python"", ""cpp"", ""java"", ""c""]",https://www.youtube.com/watch?v=nEj2ROx5v_E,"너비 우선 탐색(BFS) 알고리즘은 그래프나 트리 구조를 탐색하는 방법으로, 1945년에 발명되었고 1959년에 재발명되었습니다. 이 알고리즘은 임의의 정점에서 시작하여 인접한 정점들을 먼저 탐색한 후 다음 레벨의 정점으로 이동합니다. BFS는 큐 자료구조를 사용하여 정점을 저장하며, 이는 인접한 정점을 모두 탐색한 후 다음 정점으로 넘어가는 방식에 기여합니다. 이 알고리즘의 최악의 경우 성능은 O(V + E)로, 정점의 수와 간선의 수의 합에 비례합니다.

BFS의 과정은 두 부분으로 나뉘며, 첫 번째는 초기화 단계로 모든 마크를 지우고 시작 정점을 큐에 추가하는 것입니다. 두 번째는 큐가 비어있지 않은 동안 반복적으로 정점을 큐에서 꺼내고 마크한 후, 인접한 미방문 정점을 큐에 추가하는 반복문입니다. 이 과정을 통해 모든 정점을 방문하고 마크하게 됩니다.

- BFS는 큐를 사용하여 인접 정점을 먼저 탐색
- 최악의 경우 시간 복잡도는 O(V + E)
- 모든 정점을 방문하고 마크하여 무한 루프 방지

[tags] BFS
[lang] unknown","[""BFS"", ""Tree"", ""Graph""]]",algorithm,79.0,,
"[""cpp""]",https://www.youtube.com/watch?v=G32BB0P9vSo,"BFS(너비 우선 탐색) 알고리즘을 사용하여 그래프에서 출발 정점(source vertex)으로부터 모든 다른 정점까지의 최단 거리와 최단 경로를 찾는 방법을 설명한다. 이 알고리즘은 방향 그래프와 비방향 그래프 모두에 적용 가능하며, 인접 리스트를 사용하여 그래프를 표현한다. BFS를 수행하기 위해 큐를 사용하고, 각 정점의 방문 여부를 추적하기 위해 visited 배열과 최단 거리를 저장하기 위한 distance 배열, 그리고 경로를 추적하기 위한 parent 배열을 사용한다.

BFS의 과정은 큐에서 정점을 꺼내고, 그 정점의 이웃 정점들을 방문하면서 거리를 업데이트하고 부모를 설정하는 방식으로 진행된다. 최단 경로를 찾기 위해서는 도착 정점에서 출발 정점까지 부모 배열을 역추적하여 경로를 구성한 후, 이를 출력한다. 이 알고리즘의 시간 복잡도는 O(V + E)로, V는 정점의 수, E는 간선의 수이다.

- BFS는 최단 경로 탐색에 적합하다.
- 인접 리스트를 사용하여 그래프를 표현한다.
- visited, distance, parent 배열을 사용하여 상태를 관리한다.
- 최단 경로는 parent 배열을 통해 역추적하여 찾는다.
- 시간 복잡도는 O(V + E)이다.

[tags] BFS
[lang] unknown","[""BFS"", ""Shortest Path""]",algorithm,80.0,,
"[""cpp""]",https://www.youtube.com/watch?v=8mCHHludkjg,"너비 우선 탐색(BFS)은 그래프를 탐색하는 알고리즘으로, 주어진 그래프의 인접 리스트를 사용하여 구현할 수 있다. 이 강의에서는 C++를 사용하여 절차적 방식으로 BFS를 구현하는 방법을 설명한다. 그래프의 정점 수를 설정하고, 각 정점의 방문 여부를 추적하는 배열을 초기화한 후, 주어진 간선에 따라 그래프를 구성한다. BFS는 큐를 사용하여 구현되며, 방문하지 않은 정점을 큐에 추가하고, 큐에서 정점을 꺼내 인접 정점들을 탐색하는 방식으로 진행된다.

BFS의 주요 흐름은 다음과 같다:
- 그래프의 정점 수와 간선을 입력받아 인접 리스트를 구성한다.
- 방문하지 않은 정점을 큐에 추가하고 방문 표시를 한다.
- 큐가 비어있지 않은 동안, 큐에서 정점을 꺼내 인접 정점들을 탐색하며 방문하지 않은 정점을 다시 큐에 추가한다.

- BFS는 그래프의 모든 정점을 탐색하는 데 유용하다.
- 큐를 사용하여 탐색 순서를 관리한다.
- 방문 여부를 체크하여 중복 탐색을 방지한다.

[tags] BFS
[lang] cpp","[""BFS""]",algorithm,81.0,,
"[""cpp""]",https://www.youtube.com/watch?v=5WnfXh0YQcQ,"그래프 탐색은 그래프의 모든 정점을 방문하는 과정으로, 주로 두 가지 방법인 너비 우선 탐색(BFS)과 깊이 우선 탐색(DFS)을 사용한다. BFS는 큐를 사용하여 시작 정점에서 인접한 모든 정점을 차례로 방문하며, 각 정점을 방문할 때마다 그 정점의 이웃을 큐에 추가한다. 반면, DFS는 스택을 사용하여 한 정점의 이웃 중 하나를 선택해 깊이 있게 탐색하며, 더 이상 방문할 정점이 없을 경우 스택에서 정점을 제거하고 이전 정점으로 돌아간다.

이 두 탐색 방법은 그래프의 구조와 탐색 목적에 따라 다르게 활용될 수 있으며, 각 방법의 구현은 조건과 체크가 추가되어 복잡해질 수 있다. BFS는 모든 이웃을 한 번에 탐색하는 반면, DFS는 한 방향으로 깊이 들어가며 탐색하는 방식이기 때문에 결과가 달라질 수 있다.

- BFS는 큐를 사용하여 인접 정점을 차례로 방문
- DFS는 스택을 사용하여 한 정점의 이웃을 깊이 탐색
- 두 방법 모두 시작 정점은 임의로 선택 가능
- 탐색 결과는 선택한 경로에 따라 달라질 수 있음

[tags] BFS, DFS
[lang] unknown","[""BFS"", ""DFS"", ""Queue"", ""Stack""]",algorithm,82.0,,
"[""cpp""]",https://www.youtube.com/watch?v=vf-cxgUXcMk,"그래프 탐색 기법에는 너비 우선 탐색(BFS)과 깊이 우선 탐색(DFS)이 있다. BFS는 큐를 사용하여 시작 노드에서 인접한 노드를 먼저 탐색하고, 그 후 인접 노드의 인접 노드를 탐색하는 방식으로 진행된다. 예를 들어, 노드 0에서 시작하면 0의 인접 노드인 1과 3을 먼저 방문하고, 그 다음에 1의 인접 노드 중 방문하지 않은 노드들을 큐에 추가하여 탐색을 계속한다. BFS는 레벨 순서로 탐색하며, 여러 유효한 탐색 경로가 존재할 수 있다.

반면, DFS는 스택을 사용하여 깊이 우선으로 탐색한다. 시작 노드에서 인접한 노드 중 하나를 선택하여 깊이 있게 탐색하고, 더 이상 방문할 노드가 없을 경우 스택에서 노드를 꺼내어 백트래킹을 진행한다. DFS 또한 여러 유효한 탐색 경로가 존재할 수 있으며, 각 노드의 인접 노드 중 방문하지 않은 노드를 선택하여 탐색을 이어간다.

- BFS는 큐를 사용하고, DFS는 스택을 사용한다.
- BFS는 인접 노드를 먼저 탐색하고, DFS는 깊이 있게 탐색한다.
- 두 기법 모두 시작 노드에서 탐색을 시작하며, 여러 유효한 경로가 존재할 수 있다.

[tags] BFS, DFS
[lang] unknown","[""BFS"", ""DFS"", ""Graph"", ""Queue"", ""Stack""]",algorithm,83.0,,
"[""cpp"", ""java"", ""python""]",https://www.youtube.com/watch?v=Ykv33EpJVCU,"너비 우선 탐색(BFS)은 그래프의 모든 노드를 레벨별로 방문하는 그래프 탐색 기법이다. BFS는 시작 노드에서 인접한 모든 노드를 먼저 방문한 후, 그 노드들의 이웃을 탐색하는 방식으로 진행된다. 이 과정에서 큐 자료구조를 사용하여 방문할 노드를 관리하며, 이미 방문한 노드는 다시 방문하지 않도록 체크해야 한다. BFS의 시간 복잡도는 O(V + E)로, V는 노드의 수, E는 간선의 수를 의미하며, 공간 복잡도는 O(V)이다.

BFS의 주요 응용 분야로는 최단 경로 탐색, 위상 정렬, 강한 연결 요소, 최소 신장 트리, GPS 내비게이션 시스템 등이 있다. BFS 알고리즘은 간단한 세 단계로 구성되며, 큐에서 첫 번째 요소를 꺼내고, 이를 결과 리스트에 추가한 후, 해당 노드의 이웃을 큐에 추가하는 방식으로 반복된다.

- BFS는 레벨별 탐색을 수행한다.
- 큐 자료구조를 사용하여 방문할 노드를 관리한다.
- 이미 방문한 노드는 다시 방문하지 않도록 체크해야 한다.
- 시간 복잡도는 O(V + E), 공간 복잡도는 O(V)이다.
- 다양한 응용 분야가 있다.

[tags] BFS
[lang] python","[""BFS"", ""Graph"", ""Implementation""]",algorithm,84.0,,
"[""python""]",https://www.youtube.com/watch?v=BLc3wzvycH8,"깊이 우선 탐색(DFS)은 그래프 탐색 알고리즘으로, 스택을 사용하여 노드를 방문하는 방식입니다. DFS는 먼저 시작 노드를 스택에 추가하고, 스택에서 노드를 꺼내 그 노드와 연결된 이웃 노드를 스택에 추가하는 과정을 반복합니다. 이때 이미 방문한 노드는 다시 스택에 추가하지 않으며, 방문한 노드는 별도의 리스트에 기록하여 추적합니다. 이 과정은 스택이 비어질 때까지 계속됩니다.

DFS는 게임 AI에서 수의 탐색이나 그래프 내 사이클 검출과 같은 문제에 유용하게 사용됩니다. 이 알고리즘은 구현이 간단하고, 재귀적으로도 사용할 수 있지만, 스택의 크기가 커질 수 있어 메모리 사용에 주의해야 합니다. 시간 복잡도는 O(V + E)로, V는 정점의 수, E는 간선의 수를 의미합니다.

- DFS는 스택을 사용하여 구현된다.
- 방문한 노드는 visited 리스트에 기록된다.
- 그래프의 사이클 검출에 유용하다.
- 게임 AI에서 수의 탐색에 활용된다.
- 시간 복잡도는 O(V + E)이다.

[tags] DFS
[lang] python","[""DFS""]",algorithm,85.0,,
"[""python""]",https://www.youtube.com/watch?v=i_0NWOg4sRQ,"깊이 우선 탐색(DFS)은 스택을 활용하여 그래프의 모든 노드를 방문하는 알고리즘입니다. 이 방법은 현재 노드를 스택에 푸쉬하고, 팝하여 방문 여부를 확인한 후, 인접한 노드를 다시 스택에 푸쉬하는 과정을 반복합니다. 주의할 점은 스택의 LIFO(Last In, First Out) 구조로 인해, 방문 순서를 조정하기 위해 큰 숫자를 먼저 푸쉬해야 원하는 순서로 방문할 수 있다는 것입니다. 

이 알고리즘은 모든 노드를 방문할 때까지 반복되며, 재귀적 방법과 비교할 때 구현이 다소 복잡해 보일 수 있습니다. 그러나 스택을 사용한 DFS는 개념적으로 재귀적 방법과 동일한 결과를 도출합니다. 

- 스택을 사용하여 DFS를 구현할 때는 큰 숫자를 먼저 푸쉬해야 원하는 방문 순서를 얻을 수 있다.
- 방문하지 않은 노드만 방문 처리하며, 인접 노드를 스택에 푸쉬한다.
- 모든 노드를 방문할 때까지 이 과정을 반복한다.

[tags] DFS
[lang] unknown","[""DFS"", ""Graph"", ""Stack""]",algorithm,86.0,,
"[""python""]",https://www.youtube.com/watch?v=Sz9yH-RDAgo,"이 영상은 동적 프로그래밍(Dynamic Programming, DP) 의 기본 개념을 소개하고 피보나치 수열을 예시로 들어 설명합니다. DP는 복잡한 최적화 문제를 작은 하위 문제(sub-problems) 로 나누어 해결하는 기법입니다. 영상은 단순 재귀 호출의 비효율성(O(2n)O(2n))을 지적하고, 메모이제이션(Memoization) 기법을 사용하여 결과를 저장하고 재사용함으로써 선형 시간 복잡도(O(n)O(n)) 로 최적화하는 과정을 상세히 보여줍니다. 또한, 연속된 부분 배열의 최소 합 문제 적용 예시도 다룹니다.","[""DP"", ""Array""]",algorithm,87.0,,
"[""cpp""]",https://www.youtube.com/watch?v=shs0KM3wKv8,"해시 테이블을 키-값 룩업을 위한 가장 유용한 자료구조 중 하나로 정의하며, 인터뷰에서 이 개념을 항상 염두에 두어야 한다고 조언합니다. 핵심은 해시 함수를 사용하여 문자열과 같은 키를 배열의 인덱스로 매핑하는 과정이며, 이를 통해 대부분의 연산이 상수 시간으로 처리됩니다. 이 자료는 충돌이 발생했을 때 연결 리스트를 활용하여 키와 값을 함께 저장하는 체이닝(Chaining) 기법을 상세히 설명하며, 키를 저장해야만 충돌된 요소들 사이에서 원하는 것을 정확히 찾아낼 수 있음을 보여줍니다","[""Hashing"", ""Hashmap"", ""Array"", ""String""]",algorithm,88.0,,
"[""cpp""]",https://www.youtube.com/watch?v=kmHojGMUn0Q," MD 시리즈, SHA-2, SHA-3 등 다양한 해시 함수 계열을 소개하며 충돌 저항성의 중요성을 다시 한번 강조합니다. SHA-256의 설계는 메시지를 블록으로 나누어 이전 해시값과 결합 후 압축 함수를 반복 적용하는 MD 변환 구조를 사용하며, 이 압축 함수는 블록 암호를 기반으로 한 Davies-Meyer 구조로 만들어집니다. 이 증명 방식은 압축 함수가 충돌 저항성을 가지면 전체 해시 함수도 충돌 저항성을 갖는다는 것을 보여주며, 이는 설계자들이 CPP와 같은 시스템 언어 레벨에서 구조적 안정성을 추구했음을 시사합니다. 또한, SHA-1이 깨진 역사적 사례를 통해 성능과 보안 사이의 아슬아슬한 균형을 설명합니다.","[""Hashing"", ""Numerical Stability""]",algorithm,89.0,,
"[""python""]",https://www.youtube.com/watch?v=pBasV9jlQ0w,"깊이 우선 탐색(DFS) 알고리즘은 그래프를 탐색하는 방법으로, 재귀적 또는 반복적 접근 방식을 통해 구현할 수 있다. DFS는 스택 자료구조를 사용하여 노드를 방문하며, 스택의 LIFO(Last In First Out) 특성을 활용하여 마지막에 추가된 노드를 먼저 방문한다. 탐색 과정은 시작 노드를 선택하고 이를 스택에 푸시한 후, 스택에서 노드를 팝하여 방문 여부를 확인하고, 인접한 미방문 노드를 스택에 추가하는 방식으로 진행된다. 이 과정을 반복하여 모든 노드를 탐색하게 된다.

DFS 구현 시 주의할 점은 스택에 중복된 노드가 포함될 수 있으며, 이미 방문한 노드는 다시 방문하지 않도록 체크해야 한다. 또한, 스택을 사용함으로써 탐색 순서가 결정되므로, 노드의 추가 순서가 탐색 결과에 영향을 미칠 수 있다.

- DFS는 스택을 사용하여 구현된다.
- 방문한 노드는 리스트에 기록하여 중복 방문을 방지한다.
- 인접 노드는 어떤 순서로 푸시해도 무방하다.
- 스택이 비면 탐색이 종료된다.

[tags] DFS, Stack
[lang] unknown","[""DFS"", ""Stack"", ""Graph""]",algorithm,90.0,,
"[""python""]",https://www.youtube.com/watch?v=0Zsabo7ires,"깊이 우선 탐색(DFS)은 그래프 탐색 알고리즘으로, 주어진 그래프의 정점들을 방문하는 방법을 설명한다. 이 알고리즘은 스택을 사용하여 현재 정점의 이웃을 탐색하고, 방문한 정점을 기록한다. 예를 들어, 정점 0에서 시작하여 이웃인 1과 2를 스택에 추가하고, 이를 반복하여 모든 정점을 방문한다. DFS는 게임 구현이나 그래프에서 사이클을 찾는 문제에 유용하게 사용된다.

- DFS는 스택을 사용하여 정점을 탐색한다.
- 방문한 정점은 기록하여 중복 방문을 방지한다.
- 그래프의 사이클 탐지와 같은 문제에 활용된다.
- DFS는 재귀적으로 구현할 수도 있다.

[tags] DFS
[lang] unknown","[""DFS""]",algorithm,91.0,,
"[""python""]",https://www.youtube.com/watch?v=8cIqeTvGshk,"깊이 우선 탐색(DFS) 알고리즘은 스택을 사용하여 구현되며, 각 노드를 방문할 때마다 방문한 노드를 기록하는 배열을 사용합니다. DFS는 한 번에 하나의 자식 노드만을 탐색하며, 자식 노드를 스택에 추가하고 방문한 노드로 표시합니다. 노드에 자식이 없으면 스택에서 제거하고, 방문하지 않은 자식이 있는 경우 해당 자식을 스택에 추가합니다. 이 과정을 반복하여 모든 노드를 탐색합니다.

DFS의 주요 특징은 다음과 같습니다:
- 스택을 사용하여 탐색을 진행합니다.
- 한 번에 하나의 자식 노드만을 탐색합니다.
- 자식 노드가 없으면 스택에서 제거합니다.
- 모든 노드를 방문할 때까지 반복합니다.

[tags] DFS
[lang] unknown","[""DFS"",""Graph"",""Tree"",""Stack""]",algorithm,92.0,,
"[""python""]",https://www.youtube.com/watch?v=msAB1NivnhI,"깊이 우선 탐색(DFS)은 그래프를 탐색하는 방법 중 하나로, 재귀를 사용하여 구현됩니다. DFS는 스택을 활용하여 노드를 방문하며, 이미 방문한 노드로는 다시 돌아가지 않습니다. 이 강의에서는 7개의 정점과 9개의 간선을 가진 그래프를 예로 들어 DFS를 구현하는 방법을 설명합니다. 시작 노드 A에서 시작하여 인접한 노드를 재귀적으로 탐색하며, 방문한 노드는 기록하여 중복 방문을 방지합니다.

DFS의 시간 복잡도는 O(V + E)로, V는 정점의 수, E는 간선의 수를 나타냅니다. 공간 복잡도는 O(V)로, 방문 여부를 기록하기 위한 딕셔너리를 사용합니다. 이 알고리즘은 그래프의 모든 정점을 탐색할 수 있으며, 각 정점에 대해 인접한 노드를 확인하는 방식으로 진행됩니다.

- DFS는 스택과 재귀를 사용하여 구현된다.
- 방문한 노드는 다시 방문하지 않도록 관리한다.
- 시간 복잡도는 O(V + E), 공간 복잡도는 O(V)이다.
- 그래프의 구조에 따라 탐색 순서가 달라질 수 있다.

[tags] DFS
[lang] python","[""DFS"",""Graph""]",algorithm,93.0,,
"[""python""]",https://www.youtube.com/watch?v=GtqHli8HIqk,이 영상은 동적 계획법(DP) 을 코딩 테스트에 적용하기 위한 실질적인 방법을 다룹니다. DP가 최적 부분 구조(optimal substructure) 와 중복되는 부분 문제(overlapping subproblems) 라는 두 가지 조건을 만족해야 함을 명확히 설명합니다. 계단 오르기 문제와 최대 부분 배열 합 문제(Kadane's Algorithm) 를 예시로 사용하여 DP의 두 가지 접근 방식인 탑다운 (재귀 + 메모이제이션) 과 바텀업 (반복 + 타뷸레이션) 의 코드 구현을 상세히 비교 분석합니다,"[""DP"",""Array""]",algorithm,94.0,,
"[""python""]",https://www.youtube.com/watch?v=e65Pg0USbBA,"깊이 우선 탐색(DFS)은 스택을 사용하여 트리 또는 그래프의 노드를 탐색하는 알고리즘이다. DFS는 루트 노드에서 시작하여 가능한 깊이까지 내려가며 자식 노드를 방문한다. 이 과정에서 자식 노드는 스택에 역순으로 추가되며, 스택의 최상단 노드부터 방문하게 된다. 예를 들어, 루트 노드 1에서 시작하여 2, 4, 8, 10, 7, 5, 3, 6, 9 순으로 방문하는 방식이다.

DFS의 구현은 스택을 사용하여 방문한 노드를 기록하고, 자식 노드를 스택에 추가할 때는 역순으로 넣는 것이 핵심이다. 이 알고리즘은 트리와 그래프 모두에 적용 가능하며, 각 노드의 자식 노드를 확인하여 방문 여부를 체크하는 방식으로 진행된다. DFS의 시간 복잡도는 O(V + E)로, V는 정점의 수, E는 간선의 수를 의미한다.

- DFS는 스택을 사용하여 구현된다.
- 자식 노드는 역순으로 스택에 추가된다.
- 방문한 노드는 리스트에 기록된다.
- 시간 복잡도는 O(V + E)이다.

[tags] DFS
[lang] python","[""DFS"",""Stack"",""Tree"",""Graph""]",algorithm,95.0,,
"[""python""]",https://www.youtube.com/watch?v=sKk6VwFHnXI,"이 문제는 깊이 우선 탐색(DFS)을 활용하여 이진 트리에서 루트에서 리프 노드까지의 경로 중 합이 특정 값(예: 22)과 일치하는 경로를 찾는 것이다. DFS를 구현할 때는 재귀를 사용하며, 노드가 null일 경우에는 백트래킹을 통해 탐색을 중단한다. 경로의 합이 목표 합과 일치하고 현재 노드가 리프 노드일 때, 해당 경로를 결과 리스트에 추가한다. 이때 리스트를 복사하여 추가하는 것이 중요하며, 단순히 리스트를 추가하면 잘못된 결과를 초래할 수 있다.

- DFS를 사용하여 이진 트리를 탐색
- 루트에서 리프 노드까지의 경로의 합을 체크
- 리프 노드인지 확인 후 결과에 추가
- 리스트 복사 시 주의 필요
- 재귀적 호출로 자식 노드 탐색

[tags] DFS
[lang] python","[""DFS"", ""Backtracking""]",algorithm,96.0,,
"[""python""]",https://www.youtube.com/watch?v=Z-Qdp1_JWdI,"깊이 우선 탐색(DFS)은 그래프 탐색 알고리즘으로, 루트 노드에서 시작하여 자식 노드를 차례로 탐색하는 방식으로 작동한다. 이 알고리즘은 각 노드의 자식 노드를 방문하고, 목표 노드를 찾을 때까지 계속해서 자식 노드를 탐색한다. 만약 목표 노드를 찾지 못하면, 탐색을 종료하고 부모 노드로 돌아가 다음 자식 노드를 탐색한다. DFS의 최악의 경우 시간 복잡도는 O(b^h)로, 여기서 b는 분기 계수, h는 최대 깊이를 의미한다. 공간 복잡도는 O(h)로, 현재 깊이까지의 노드 수를 저장하는 데 필요한 공간을 나타낸다.

- DFS는 깊이 우선으로 탐색하며, 왼쪽부터 오른쪽으로 진행한다.
- 목표 노드를 찾으면 true를 반환하고, 찾지 못하면 false를 반환한다.
- 그래프의 구조에 따라 탐색 경로가 달라질 수 있다.
- 시간 복잡도는 분기 계수와 최대 깊이에 따라 결정된다.

[tags] DFS
[lang] unknown","[""DFS"",""Graph"",""Tree""]",algorithm,97.0,,
"[""python""]",https://www.youtube.com/watch?v=NWSs7nDqRSo,"깊이 우선 탐색(DFS)은 트리의 내용을 깊이 우선 방식으로 출력하는 알고리즘이다. 이 방법은 왼쪽 자식 노드를 먼저 방문한 후, 루트 노드를 출력하고, 마지막으로 오른쪽 자식 노드를 방문하는 방식으로 진행된다. 이 과정을 통해 이진 트리의 경우, 출력 결과는 알파벳 순서로 정렬된다. 

DFS를 구현하기 위해 재귀 함수를 사용하여 트리를 탐색한다. 함수는 먼저 트리가 비어 있는지 확인하고, 왼쪽 서브트리가 존재하면 이를 재귀적으로 호출하여 출력한 후, 루트 노드를 출력하고, 오른쪽 서브트리가 존재하면 이를 다시 재귀적으로 호출하여 출력한다. 이 방식은 비어 있지 않은 트리의 모든 노드를 깊이 우선으로 탐색하여 출력하는 데 효과적이다.

- 깊이 우선 탐색(DFS) 방식으로 트리 출력
- 왼쪽 자식 → 루트 → 오른쪽 자식 순서
- 이진 트리의 경우 알파벳 순서로 출력
- 재귀 함수 사용
- 트리가 비어 있는지 확인 후 탐색

[tags] DFS, Tree, Recursion
[lang] python","[""DFS"", ""Tree""]",algorithm,98.0,,
"[""python""]",https://www.youtube.com/watch?v=QVcsSaGeSH0,"이 영상에서는 깊이 우선 탐색(DFS) 알고리즘을 파이썬으로 구현하는 방법을 설명한다. 주어진 무방향 그래프에서 시작 정점 A를 기준으로 DFS를 수행하며, 두 개의 클래스인 Vertex와 Graph를 정의한다. Vertex 클래스는 정점의 이름, 이웃, 발견 시간, 종료 시간, 색상 등의 속성을 가지며, Graph 클래스는 정점들을 딕셔너리 형태로 저장하고, 정점을 추가하거나 간선을 추가하는 기능을 제공한다. DFS는 재귀적으로 구현되며, 각 정점의 색상을 통해 방문 여부를 관리하고, 발견 및 종료 시간을 기록한다.

- Vertex 클래스는 정점의 속성과 이웃을 관리한다.
- Graph 클래스는 정점과 간선을 추가하는 기능을 제공한다.
- DFS는 재귀적으로 구현되며, 색상으로 방문 상태를 추적한다.
- 발견 시간과 종료 시간을 기록하여 탐색 순서를 확인할 수 있다.
- 그래프의 출력 결과를 통해 각 정점의 정보를 확인할 수 있다.

[tags] DFS, Graph, Vertex
[lang] python","[""DFS"", ""Graph""]",algorithm,99.0,,
"[""java""]",https://www.youtube.com/watch?v=5GB9eIeQVrw,"주어진 문제는 문자열에서 가장 많이 등장하는 알파벳을 찾고, 만약 동률이 발생하면 물음표를 출력하는 것입니다. 이를 해결하기 위해 문자열을 대문자로 변환한 후, 26개의 요소를 가진 배열을 생성하여 각 알파벳의 개수를 세는 방식으로 접근합니다. 각 문자를 순회하며 해당 문자의 인덱스를 계산하고, 카운트를 증가시킵니다. 최대 카운트를 기록하고, 동률이 발생할 경우 물음표를 출력하도록 조건을 설정합니다.

- 문자열을 대문자로 변환하여 소문자를 무시합니다.
- 26개의 요소를 가진 배열을 사용하여 알파벳 카운트를 기록합니다.
- 최대 카운트를 갱신하고, 동률 발생 시 물음표를 출력합니다.
- 기본적인 문자열 처리 및 배열 사용법을 익힐 수 있는 문제입니다.

[tags] 문자열, 배열, 카운팅
[lang] java","[""String""]",algorithm,100.0,,
"[""java""]",https://www.youtube.com/watch?v=0bqfTzpWySY,"다이나믹 프로그래밍(DP)은 중복 연산을 줄여 수행 속도를 개선하기 위해 고안된 알고리즘입니다. 기존의 완전 탐색 방식은 경우의 수가 많아 비효율적이지만, DP는 이전에 계산한 결과를 저장하여 중복된 계산을 피함으로써 효율성을 높입니다. 예를 들어, 정수 삼각형 문제에서는 각 위치까지 올 수 있는 최대 값을 DP 배열에 저장하여, 이전 단계의 최적 값을 활용해 다음 단계의 값을 계산합니다. 이를 통해 연산 횟수를 줄이고 최적의 해를 빠르게 찾을 수 있습니다.

DP 문제를 구분하는 두 가지 기준은 첫째, DFS나 BFS로 풀 수 있지만 경우의 수가 너무 많은 문제이며, 둘째, 중복적인 연산이 많은 문제입니다. DP를 잘 활용하기 위해서는 다양한 문제를 풀어보며 DP 사고방식을 익히는 것이 중요합니다. DP는 정형화된 알고리즘이 아니므로, 문제에 따라 다양한 접근 방법이 필요합니다.

- DP는 중복 연산을 줄여 수행 속도를 개선한다.
- DP 배열을 사용해 이전 결과를 저장하고 활용한다.
- 문제를 풀기 전에 경우의 수를 계산해 DP 필요성을 판단한다.
- 중복 연산이 많은 문제에서 DP를 고려한다.
- 다양한 문제를 통해 DP 사고방식을 익히는 것이 중요하다.

[tags] Dynamic Programming, DP
[lang] unknown","[""DP"", ""Array""]",algorithm,101.0,,
"[""python""]",https://www.youtube.com/watch?v=ynZdirmZre4,"깊이 우선 탐색(DFS) 알고리즘은 그래프와 트리 구조에서 노드를 탐색하는 방법으로, 주로 재귀적 접근 방식으로 구현된다. DFS는 시작 노드에서 인접한 노드를 방문하는 대신, 가능한 깊이까지 탐색한 후에야 다른 노드를 방문하는 방식으로 작동한다. 이 과정에서 방문한 노드는 '방문한 노드 집합'에 추가되어 중복 방문을 방지한다. DFS의 핵심은 깊이를 우선적으로 탐색하는 것이며, 이를 통해 모든 노드를 한 번씩 방문하게 된다.

DFS의 재귀적 구현에서는 함수가 자신을 호출하여 인접 노드를 탐색하며, 모든 인접 노드를 탐색한 후에는 이전 노드로 되돌아가서 남은 노드를 탐색한다. 이 알고리즘은 그래프의 구조에 따라 다양한 방식으로 활용될 수 있으며, 시간 복잡도는 O(V + E)로, V는 정점의 수, E는 간선의 수를 나타낸다.

- DFS는 깊이 우선 탐색 알고리즘이다.
- 재귀적 접근 방식으로 구현된다.
- 방문한 노드는 중복 방문을 피하기 위해 집합에 저장된다.
- 시간 복잡도는 O(V + E)이다.

[tags] DFS
[lang] python","[""DFS"",""Graph""]",algorithm,102.0,,
"[""python""]",https://www.youtube.com/watch?v=T4WUpYsCqSU,"이 영상은 피보나치 수열을 중심으로 동적 계획법의 두 구현 방식인 Top-down (메모이제이션) 과 Bottom-up (타뷸레이션) 을 비교합니다. 재귀 호출 시 발생하는 중복 계산의 비효율성(피라미드 구조 호출)을 지적하며, 이를 해결하기 위해 계산 결과를 저장하는 방식이 DP라고 설명합니다. 특히 피보나치 수열의 경우, 반복문을 사용하여 작은 문제부터 순차적으로 값을 채워나가는 바텀업(타뷸레이션) 방식이 가장 효율적이라고 강조합니다.","[""DP""]",algorithm,103.0,,
"[""python""]",https://www.youtube.com/watch?v=3_eVkTkBbJE,"깊이 우선 탐색(DFS)은 그래프 탐색 알고리즘 중 하나로, 자식 노드를 우선적으로 탐색하는 방식이다. DFS는 스택 자료구조를 사용하거나 재귀 함수를 통해 구현할 수 있으며, 재귀 함수는 백트래킹에서 중요한 역할을 한다. DFS를 사용할 때는 종료 조건을 명확히 설정해야 하며, 깊이가 너무 깊어지면 스택 오버플로우가 발생할 수 있으므로 주의해야 한다. DFS의 시간 복잡도는 O(V + E)로, V는 정점의 수, E는 간선의 수를 의미한다.

DFS를 구현할 때는 2차원 배열을 사용하여 그래프를 표현하고, 방문 여부를 체크하는 배열을 함께 사용한다. 기본적인 DFS 문제로는 연결된 노드의 개수를 세는 문제를 다루며, 이중 포문을 통해 탐색을 시작하고, 재귀적으로 DFS 함수를 호출하여 연결된 노드를 탐색한다. 최종적으로 탐색한 결과를 정렬하여 출력하는 방식으로 진행된다.

- DFS는 자식 노드를 우선적으로 탐색한다.
- 재귀 함수 사용 시 종료 조건을 명확히 해야 한다.
- 시간 복잡도는 O(V + E)이다.
- 2차원 배열을 사용하여 그래프를 표현한다.
- 연결된 노드의 개수를 세는 문제를 예로 든다.

[tags] DFS, 재귀, 백트래킹
[lang] unknown","[""DFS"", ""Backtracking""]",algorithm,104.0,,
"[""c"", ""cpp""]",https://www.youtube.com/watch?v=rHPBGhqH0y4,"임의 크기 데이터를 고정 크기로 매핑하는 해시 함수의 기본 개념을 설명하며, 특히 SHA-1 알고리즘을 예시로 동작 원리를 파헤칩니다. SHA-1은 40자리 16진수 값을 출력하며, 그 내부 작동은 문자열을 ASCII 코드로 변환하고 비트 연산 및 복잡한 상수를 사용하는 여러 단계로 이루어져 있습니다. 이 자료는 결정론적, 비가역성, 눈사태 효과 등 암호학적 해시 함수의 특징을 설명하지만, SHA-1이 보안 취약점으로 인해 더 이상 권장되지 않는다는 사실을 강조합니다. 낮은 수준의 설명은 C나 CPP에서 다루는 비트 및 배열 연산의 이해를 기반으로 합니다.","[""Hashing"",""String"", ""Array"", ""Numerical Stability""]",algorithm,105.0,,
"[""python"", ""cpp"", ""java"", ""c""]",https://www.youtube.com/watch?v=_i4Yxeh5ceQ,"이 영상은 1차원 동적 계획법을 집중적으로 다루며, 계단 오르기 문제를 예시로 사용하여 DP의 발전 과정을 단계별로 보여줍니다. 처음에는 O(2n)O(2n) 시간 복잡도를 가지는 재귀적 접근으로 시작하여, 메모이제이션을 통한 최적화(시간 O(n)O(n))를 거쳐, 최종적으로 변수만을 사용하여 공간 복잡도를 O(1)O(1)으로 줄이는 반복적인 DP 해결 방식까지 다룹니다.","[""DP"",""Array""]",algorithm,106.0,,
"[""python""]",https://www.youtube.com/watch?v=Hdr64lKQ3e4,"이 영상은 1차원 동적 계획법(1D DP) 을 파이썬으로 심도 있게 학습하는 종합 강의입니다. 계단 오르기 문제를 기반으로 재귀적 접근 방식(O(2n)O(2n))에서 시작하여, 메모이제이션을 통한 시간 최적화(O(n)O(n)), 그리고 최종적으로 변수만 사용하는 공간 최적화(O(1) 공간) 까지 모든 단계를 상세히 설명하며 DP의 기본 원리를 탄탄하게 다지도록 돕습니다.","[""DP"",""Array""]",algorithm,107.0,,
"[""python"", ""cpp"", ""java"", ""c""]",https://www.youtube.com/watch?v=oNoILrFOx2k,"이 영상은 동적 계획법(DP) 을 언제 사용해야 하는지에 대한 직관을 제공합니다. DP는 복잡한 문제를 작은 하위 문제로 나누는 최적화 기법임을 설명하며, DP 문제 식별을 위한 두 가지 핵심 조건인 최적 부분 구조(Optimal Substructure) 와 겹치는 하위 문제(Overlapping Subproblems) 를 강조합니다. 또한, DP가 유용하게 적용되는 5가지 패턴 (순차적 의사 결정, 최대/최소화, 경로 문제 등)을 제시하여 DP 적용 가능성을 판단하는 기준을 알려줍니다.","[""DP""]",algorithm,108.0,,
"[""python"", ""cpp"", ""java"", ""c""]",https://www.youtube.com/watch?v=8ZiSzteFRYc,"선택 정렬(Selection Sort)이라는 정렬 알고리즘을 다루며, 이는 정렬의 기본 원리를 이해하는 데 초점을 맞춥니다. 이 알고리즘의 핵심은 미정렬된 배열의 나머지 부분에서 가장 작은 값을 찾아 현재 위치와 한 번만 교환하는 것입니다. 이러한 반복적인 탐색 및 교환 과정 덕분에 시간 복잡도는 입력에 관계없이 항상 O(N2)O(N2)로 귀결되며, 이는 가장 효율적인 정렬은 아니지만 구현이 직관적이라는 지식을 전달합니다.","[""Sorting"",""Array""]",algorithm,109.0,,
"[""python"", ""cpp"", ""java"", ""c""]",https://www.youtube.com/watch?v=JUb2iAVZSnM,"다섯 가지 주요 정렬 알고리즘을 비교하며 성능 지식을 전달하는 데 중점을 둡니다. 이 자료를 통해 버블, 선택, 삽입 정렬과 같은 단순 알고리즘은 평균적으로 O(n2)O(n2)의 복잡도를 가지는 반면, 병합 정렬과 퀵 정렬은 분할 정복(Divide and Conquer) 전략을 사용하여 O(nlog⁡n)O(nlogn)이라는 훨씬 효율적인 성능을 달성한다는 핵심 지식을 배웠습니다.","[""Sorting"", ""Divide and Conquer""]",algorithm,110.0,,
"[""c""]",https://www.youtube.com/watch?v=wABnJrTps34,"BFS(너비 우선 탐색)와 DFS(깊이 우선 탐색) 알고리즘의 구현을 C 프로그래밍 언어를 사용하여 설명한다. 그래프를 표현하기 위해 인접 행렬을 생성하고, 방문 여부를 기록하기 위한 방문 배열을 설정한다. 사용자는 그래프의 인접 행렬을 입력하고, 시작 노드를 선택하여 BFS 또는 DFS를 수행할 수 있다. BFS는 큐를 사용하여 탐색하며, DFS는 스택을 사용하여 탐색한다. 각 알고리즘은 방문한 노드를 출력하고, 인접한 노드를 큐 또는 스택에 추가하여 탐색을 계속한다.

- BFS는 인접한 노드를 먼저 탐색하고, DFS는 가능한 깊게 탐색한다.
- 인접 행렬은 그래프의 구조를 2차원 배열로 표현한다.
- 방문 배열은 각 노드의 방문 여부를 기록한다.
- BFS는 큐를, DFS는 스택을 사용하여 구현된다.
- 각 알고리즘의 시간 복잡도는 O(V + E)이다.

[tags] BFS, DFS, Graph, Adjacency Matrix
[lang] c","[""BFS"", ""DFS"", ""Implementation""]",algorithm,111.0,,
"[""python"", ""cpp"", ""java"", ""c""]",https://www.youtube.com/watch?v=6lcWCiMzWI8,"이 영상은 동적 계획법(DP) 이란 무엇인지에 대한 가장 기초적인 정의를 제공합니다. DP의 핵심은 복잡한 문제를 작은 하위 문제로 나누고, 과거의 계산 결과를 재활용하여 불필요한 반복 계산을 줄이는 최적화 기법이라는 점을 강조합니다. 피보나치 수열 예시를 간략히 언급하며, DP가 최적 부분 구조와 중복되는 부분 문제의 두 가지 특징을 가짐을 설명합니다.","[""DP""]",algorithm,112.0,,
"[""python"", ""cpp"", ""java"", ""c""]",https://www.youtube.com/watch?v=3j0SWDX4AtU,"버블 정렬을 단계별(Step-by-Step)로 분석하여 그 메커니즘을 깊이 이해하도록 돕습니다. 이 정렬의 정의적 특징은 인접한 두 원소만 비교하여 교환한다는 것이며, 이 과정에서 가장 큰 원소가 끝으로 이동하는 현상이 반복됩니다. 이 방식은 공간 복잡도 O(1)O(1)인 제자리 정렬이지만, 시간 복잡도는 O(n2)O(n2)로 느리다는 점을 확실히 인지했습니다","[""Sorting""]",algorithm,113.0,,
"[""c"",""cpp""]",https://www.youtube.com/watch?v=HqPJF2L5h9U,"이진 트리 표현부터 시작하여 힙(Heap)의 정의와 두 가지 종류(Max-Heap, Min-Heap)를 상세히 설명합니다. 힙에 요소를 삽입할 때는 완전 이진 트리 속성을 유지하며 루트 방향으로 조정하고, 삭제 시에는 루트를 제거하고 마지막 요소를 루트로 가져와 자식 방향으로 조정합니다. 이 삭제 과정을 반복하면 O(n log n) 시간 복잡도를 가지는 힙 정렬(Heap Sort)이 완성되며, 힙은 빠른 삽입/삭제(O(log n)) 덕분에 우선순위 큐를 구현하는 데 최적의 자료구조임을 강조합니다","[""Heap"", ""Queue"", ""Sorting""]",algorithm,114.0,,
"[""python"", ""cpp"", ""java"", ""c""]",https://www.youtube.com/watch?v=CxBYY7XTQvI,"탐욕 알고리즘(Greedy Algorithm)은 현재 시점에서 가장 좋아 보이는 선택을 반복하여 문제를 해결하는 방식입니다. 한국 화폐 거스름돈처럼 화폐 단위 간의 배수 관계가 성립하는 문제에서는 최적해를 보장하지만, 모든 최적화 문제에 적용 가능한 것은 아닙니다. 영상에서는 동전 바꾸기 문제를 예시로, 탐욕 알고리즘이 최적해가 아닌 경우(예: 10원, 30원, 40원 조합)를 보여주며, 이럴 때는 다이나믹 프로그래밍(Dynamic Programming)이 필요함을 지적합니다. 결국 탐욕 알고리즘 적용 가능성을 판단하는 감각을 기르는 것이 중요합니다.","[""Greedy"", ""DP""]",algorithm,115.0,,
"[""python"", ""cpp"", ""java"", ""c""]",https://www.youtube.com/watch?v=vw4gqeM4UGs,"강의실 배정 문제에 탐욕 알고리즘이 왜 최적해를 보장하는지 '대우 명제'를 이용한 증명 과정을 보여줍니다. 가장 빨리 끝나는 강의(그리디 선택)를 선택했을 때, 임의의 최적 해에서 첫 번째 강의를 그리디 선택으로 대체해도 여전히 해의 개수가 유지됨을 보입니다. 이 논리를 반복하면 그리디 해가 최적 해와 동일한 개수를 가짐을 증명할 수 있으며, 이는 현재의 선택이 미래의 선택에 영향을 주지 않는다는 조건이 충족될 때 그리디가 유효함을 시사합니다","[""Greedy""]",algorithm,116.0,,
"[""java""]",https://www.youtube.com/watch?v=_IZuE7NIeW4,"탐욕 알고리즘은 최적화 문제에서 각 단계마다 국소 최적해를 선택하여 최종적으로 전역 최적해를 달성하려는 기법으로, '욕심쟁이 기법'이라고도 불립니다. 이 알고리즘은 탐욕 선택과 최적 부분 구조라는 두 가지 주요 속성을 가지지만, 항상 최적해를 보장하지는 않으므로 (예: 특정 동전 문제), 이를 증명하거나 반례를 찾아보는 것이 중요합니다. 활동 선택 문제에서는 종료 시간을 기준으로 정렬하여 최대한 많은 활동을 선택하는 방법으로 O(n)의 효율성을 보여주며, 코딩 인터뷰에서 유용하게 활용될 수 있음을 설명합니다.","[""Greedy"", ""Sorting""]",algorithm,117.0,,
"[""java""]",https://www.youtube.com/watch?v=2RwlzBDhGh4,"이 영상은 동적 계획법(DP) 의 실제 적용 사례로 배낭 문제(Knapsack Problem) 와 최장 공통 부분 수열(Longest Common Subsequence, LCS) 을 다룹니다. DP를 통해 두 가지 대표적인 최적화 문제를 효율적으로 해결하는 방법을 보여주며, 개념 설명뿐만 아니라 실제 코드를 통해 구현하는 과정을 제공합니다.","[""DP"", ""Array"", ""String""]",algorithm,118.0,,
"[""python"", ""cpp"", ""java"", ""c""]",https://www.youtube.com/watch?v=R8Rw9mIa7JQ,"병합 정렬(Merge Sort)의 작동 원리를 분할 정복 전략을 통해 설명합니다. 이 알고리즘의 핵심 지식은 배열을 끝없이 쪼갠 후, 정렬된 두 개의 부분 배열을 합치는 '병합(Merge)' 단계에서 O(n)O(n)의 추가 작업이 발생하며, 이것이 전체적으로 O(nlog⁡n)O(nlogn)의 안정적인 시간 복잡도를 보장한다는 점입니다.","[""Sorting"", ""Divide and Conquer"", ""Array""]",algorithm,119.0,,
"[""python"", ""cpp"", ""java"", ""c""]",https://www.youtube.com/watch?v=7h1s2SojIRw,"퀵 정렬(Quick Sort)의 심장부인 파티셔닝(Partitioning) 과정을 집중적으로 다룹니다. 이 알고리즘의 핵심 지식은 피벗(Pivot)을 기준으로 배열을 재귀적으로 나누어 정렬하며, 파티셔닝 작업의 효율성이 평균 O(nlog⁡n)O(nlogn) 성능을 결정한다는 것입니다.","[""Sorting"", ""Divide and Conquer"", ""Array""]",algorithm,120.0,,
"[""python"", ""cpp"", ""java"", ""c""]",https://www.youtube.com/watch?v=AjCZ8jfLHmc,"그리디 알고리즘은 미래를 고려하지 않고 매 순간 가장 좋아 보이는 선택을 하는 '욕심쟁이 기법'으로, 한국 화폐처럼 화폐 단위가 배수 관계일 경우 최소 화폐 개수를 구하는 문제에 효과적입니다. 하지만 항상 글로벌 최적해를 보장하는 것은 아니며, 최적성을 증명하기 위해서는 수학적 접근이나 메트로이드(Matroid) 이론을 활용할 수 있습니다. 이 이론은 문제의 해 집합이 특정 조건을 만족할 때, 매 순간의 로컬 옵티멈이 최종적으로 글로벌 옵티멈으로 이어진다는 것을 보장해주며, 미니멈 스패닝 트리(MST) 문제가 대표적인 예시입니다","[""Greedy"", ""Graph"", ""Divide and Conquer""]",algorithm,121.0,,
"[""c""]",https://www.youtube.com/watch?v=6drK7cVIb84,"선택 정렬의 작동 원리를 C언어 코드와 결합하여 심층적으로 설명합니다. 이 영상의 지식은 배열을 '정렬된 부분'과 '정렬 안 된 부분'으로 나누고, 매번 정렬 안 된 부분에서 최솟값을 뽑아 경계로 옮기는 과정의 구현적 측면에 집중되어 있으며, 이러한 중첩된 접근 방식 때문에 시간 복잡도가 O(n2)O(n2)로 확정된다는 점을 명확히 보여줍니다.","[""Sorting"", ""Array""]",algorithm,122.0,,
"[""java""]",https://www.youtube.com/watch?v=-WTslqPbj7I,"탐욕 알고리즘은 '최소', '최대', '최장', '최단' 등의 키워드가 포함된 최적화 문제에 주로 사용됩니다. 매 단계에서 가장 좋아 보이는 선택을 반복하는 방식으로 동작하며, 일반적으로 O(n) 또는 O(n log n)의 빠른 성능을 보인다는 장점이 있습니다. 하지만 항상 최적해를 보장하지 않으므로, 작은 예시(Test Case)로 반례를 찾아보거나 논리적 추론을 통해 정당성을 확인해야 합니다. 영상에서는 레모네이드 판매 시 잔돈 계산 문제와 배열 쌍 합 최소화 문제 등 실용적인 예시를 통해 탐욕적 선택이 어떻게 작동하는지 설명합니다.","[""Greedy"", ""Sorting"", ""Array""]",algorithm,123.0,,
"[""python"", ""cpp"", ""java"", ""c""]",https://www.youtube.com/watch?v=gTfNtop9vzM," 웹사이트에서 비밀번호를 안전하게 저장하는 업계 표준 방법으로 해싱을 소개하며, 일반 텍스트나 암호화 방식보다 비가역성(irreversible) 측면에서 우수함을 강조합니다. 동일한 입력에는 항상 동일한 해시값이 나오므로 로그인 시 입력값을 해싱하여 저장된 값과 비교하는 방식으로 인증이 이루어집니다. 또한, 해시 충돌 문제를 해결하고 보안을 강화하기 위해 비밀번호에 무작위 문자열을 추가하는 솔팅(Salting)과 페퍼링(Peppering) 기법을 자세히 설명하며, 이들이 해시의 보안성을 어떻게 높이는지 다룹니다.","[""Hashing"", ""String""]",algorithm,124.0,,
"[""python"", ""cpp"", ""java"", ""c""]",https://www.youtube.com/watch?v=d_IwJK44jUM,"그리디 알고리즘은 현재 시점에 가장 좋은 선택에만 집중하는 '상남자 알고리즘' 또는 '경주마 알고리즘'으로 비유되며, 정렬이 핵심 전략입니다. 이 방식은 현재 선택이 미래에 영향을 주지 않고(탐욕스러운 선택 조건), 부분 문제의 최적해가 전체 최적해를 이룰 때(최적 부분 구조 조건)에만 최적해를 보장합니다. 회의실 배정 문제에서 종료 시간이 빠른 회의부터 선택하는 것이 최적해를 찾는 예시이며, 이 알고리즘은 DP보다 빠르지만 항상 최적해를 보장하지 않아 코딩 테스트에서는 보장되는 경우에만 사용해야 함을 명시합니다.","[""Greedy"", ""Sorting""]",algorithm,125.0,,
"[""python""]",https://www.youtube.com/watch?v=jmtzX-NPFDc," 암호학적 해시 함수를 '마법의 블랙박스'에 비유하며, 동일 입력에는 동일 출력, 입력 크기에 무관한 일정 출력 크기, 빠른 계산 속도, 비가역성, 큰 변화를 유발하는 특성을 설명합니다. 특히 비트코인 채굴에서 사용되는 작업증명(Proof of Work) 방식을 구체적인 예시로 들며, 특정 조건(예: 해시값 앞자리에 0이 여러 개 붙는 것)을 만족하는 해시값을 찾기 위해 컴퓨터가 무수히 많은 추측(Guess and Check)을 수행하는 과정을 보여줍니다. 이 과정에서 PYTHON 코드를 사용하여 시도 횟수와 결과를 설명하는 부분이 포함되어 있습니다.","[""Hashing"", ""Simulation""]",algorithm,126.0,,
"[""python"", ""cpp"", ""java"", ""c""]",https://www.youtube.com/watch?v=xsp--srKWKw,"해시 함수(Hash Function)가 데이터를 고유한 디지털 지문(Digest)으로 변환하는 알고리즘임을 설명하며, 이 기능이 주로 데이터 비교 목적에 사용된다고 명확히 합니다. 해시 함수의 세 가지 주요 특징으로 원본 복원이 불가능한 단방향성, 입력 길이에 상관없이 동일한 크기를 유지하는 고정된 크기, 그리고 서로 다른 입력은 다른 해시값을 생성하는 고유성을 꼽습니다. 트위터 로그인 시 비밀번호가 평문이 아닌 해시된 다이제스트 형태로 데이터베이스에 저장되고 비교되는 과정을 예시로 들어 비밀번호 보안 활용법을 보여줍니다.","[""Hashing"", ""String""]",algorithm,127.0,,
"[""c""]",https://www.youtube.com/watch?v=sHwZMJU4wr0,"해싱을 O(log N) 시간 복잡도를 가진 제어 탐색보다 더 빠른 O(1) 탐색을 가능하게 하는 기법으로 소개합니다. 해시 함수는 임의 길이 데이터를 고정 길이의 숫자값(해시 값)으로 변환하며, 해시 테이블에 데이터를 저장하는 방식입니다. 이 해시 함수는 단방향성, 고정 길이 매핑, 충돌 저항성이라는 세 가지 주요 특징을 가지며, 충돌이 발생했을 때는 오픈 해싱(체이닝)이나 클로즈드 해싱(선형 탐색) 기법으로 해결한다고 설명합니다. 궁극적으로 이 기법은 시간 복잡도를 줄이기 위해 메모리 공간을 더 사용하는 트레이드오프를 활용합니다.","[""Hashing"", ""Hashmap"", ""Array""]",algorithm,128.0,,
"[""c""]",https://www.youtube.com/watch?v=zFL29ydL9D8,"해시를 키-값(Key-Value) 형태의 자료구조로 소개하며, 배열과 달리 문자열과 같은 모든 데이터 타입의 키로 접근 가능하다는 장점을 강조합니다. 코딩 테스트에서 자주 나오는 '완주하지 못한 선수 찾기' 문제를 예시로 들며, 해시 맵을 사용하면 이름(문자열 키)을 기반으로 참여/완주 여부(값)를 효율적으로 관리할 수 있음을 설명합니다. 특히, put, get, 그리고 키가 없을 때 기본값을 반환하는 getOrDefault 함수 사용법을 통해 실용적인 활용을 제시합니다. 이 영상은 해시의 개념적 이해를 돕기 위해 배열과의 차이점을 중심으로 설명합니다.","[""Hashing"", ""Hashmap"", ""String""]",algorithm,129.0,,
"[""c""]",https://www.youtube.com/watch?v=k-oPKkxDy38,"해시 맵(또는 해시 테이블)의 가장 큰 장점은 데이터 크기에 관계없이 삽입, 삭제, 갱신, 탐색이 모두 상수 시간(O(1))에 처리된다는 점을 상세히 설명합니다. 한국 영화 배우 투표 시스템을 예로 들어, 새로운 배우가 득표할 때마다 이름(키)을 기반으로 득표수(값)를 빠르게 업데이트하거나 새로 추가하는 과정을 보여줍니다. 해시 함수는 키(문자열)를 배열의 인덱스(정수)로 변환하는 핵심 역할을 하며, 이를 통해 메모리를 효율적으로 사용하면서도 빠른 접근 속도를 확보한다고 말합니다. 이 자료는 성능 측면에서 해시 맵의 우수성을 강조합니다","[""Hashing"", ""Hashmap"", ""String']",algorithm,130.0,,
"[""cpp"",""python""]",https://www.youtube.com/watch?v=VnBae40DfjE,"수론적 알고리즘에 초점을 맞추며, 특히 암호학(RSA 등)의 기초가 되는 개념을 다룹니다. 유클리드 알고리즘(GCD)과 이를 확장한 확장 유클리드 알고리즘(모듈러 역원 계산)의 효율성을 설명합니다. 또한, 페르마의 소정리나 오일러의 토션 함수를 활용하여 모듈러 지수화가 왜 작동하는지, 그리고 RSA의 공개키/개인키 생성 및 복호화가 수학적으로 어떻게 보장되는지 설명합니다.","[""Math""]",algorithm,131.0,,
"[""python"", ""cpp"", ""java"", ""c""]",https://www.youtube.com/watch?v=Z-qH-RxOSwE,"컴퓨터의 빠른 속도에도 불구하고 방대한 데이터 크기 때문에 알고리즘의 효율성(속도와 메모리)이 매우 중요함을 강조합니다. 이 영상은 알고리즘의 중요성을 직관적으로 설명하며, 선형 탐색(O(n))과 이진 탐색(O(log n))의 성능 차이를 통해 알고리즘 설계가 실제 문제 해결에 미치는 영향을 시각적으로 보여줍니다. 더 나은 알고리즘 설계는 기술 발전 효과를 대체할 수 있으며, 이는 코딩 인터뷰에서 알고리즘 지식이 필수적인 이유라고 설명합니다.","[""Math"", ""Binary Search""]",algorithm,132.0,,
"[""c""]",https://www.youtube.com/watch?v=aj59L-_7V70,"알고리즘은 문제 해결을 위한 체계적인 일련의 명령문이며, 입력(Input)으로부터 원하는 출력(Output)을 도출하는 명확한 절차를 의미합니다. 단순 코딩 구현을 넘어, 수도 코드(Pseudocode)를 활용하여 논리적 표현력을 기르는 훈련이 중요하다고 강조합니다. 알고리즘 학습은 예상치 못한 오류를 방지하고 모든 경우를 다루는 컴퓨팅 사고력을 강화하는 데 필수적이며, 이는 자료 구조와 같은 선수 지식이 기반이 됨을 언급합니다.","[""Math""]",algorithm,133.0,,
"[""python"", ""cpp"", ""java"", ""c""]",https://www.youtube.com/watch?v=-I0-PFmCJHc,"알고리즘 효율성 분석의 핵심인 Big O 표기법을 소개합니다. 시간 복잡도와 공간 복잡도를 중심으로 설명하며, O(1)(상수), O(n)(선형), O(n²)(이차) 등 다양한 예시 코드를 통해 복잡도 계산법을 시연합니다. 특히, 중첩 루프(nested loop)와 순차 루프(sequential loop)의 차이를 명확히 하고, Big O 표기법에서 상수와 하위 항을 제거하여 가장 지배적인 성장률을 포착하는 규칙을 명확히 설명합니다.","[""Math"", ""Metrics""]",algorithm,134.0,,
"[""cpp"",""python""]",https://www.youtube.com/watch?v=U22u6E2udUI,"조합(Combination)은 코딩 테스트와 동적 계획법(DP)의 기초가 되는 핵심 이론입니다. 영상에서는 수학적 정의(nCr=n개 중 r개 선택nCr=n개 중 r개 선택)와 순열과의 차이점을 설명한 뒤, 알고리즘적 관점에서 조합의 점화식을 도출하는 과정을 상세히 다룹니다. 특히, 마지막 원소를 선택하거나 선택하지 않는 경우로 나누어 전체 경우의 수를 커버하는 논리를 통해 일반화된 점화식을 만드는 방법을 보여주며, 이는 DP 문제 해결의 근간이 됨을 강조합니다.","[""Math"", ""DP""]",algorithm,135.0,,
"[""python"", ""cpp"", ""java"", ""c""]",https://www.youtube.com/watch?v=bIcSWFaLZrk,"빅오(Big-O) 표기법은 알고리즘의 시간 복잡도와 공간 복잡도를 수학적으로 근사하여 표현하는 핵심 방법론입니다. 이 표기법은 알고리즘이 입력 크기(n)에 따라 얼마나 효율적인지를 환경 독립적으로 평가하게 합니다. 영상에서는 O(1), O(n), O(n log n) 등 주요 복잡도들의 의미를 설명하고, 실제 문제에서 T(n) = C * f(n) 형태의 방정식을 통해 상수 C를 구하고 원하는 입력 크기에서의 실행 시간을 예측하는 실질적인 문제 풀이 과정을 시연합니다.","[""Math"", ""Metrics""]",algorithm,136.0,,
"[""python"", ""cpp"", ""java"", ""c""]",https://www.youtube.com/watch?v=1weJkBzpAJE,"암호화 해시 함수의 핵심 자질로 결정론적, 빠른 계산 속도, 단방향성, 작은 변화에도 큰 결과값 변화(눈사태 효과), 그리고 낮은 충돌 확률을 명시합니다. 이러한 특성 덕분에 파일 다운로드 시 무결성을 검증하거나, 데이터베이스에 비밀번호를 안전하게 저장하는 데 필수적으로 활용된다고 설명합니다. MD5 같은 구형 해시 함수가 SHA-256 같은 최신 알고리즘보다 보안에 취약하다는 점을 지적하며, 데이터가 해시값으로 저장되어 서버 해킹 시에도 평문 유출 위험을 막는다는 점을 강조합니다","[""Hashing""]",algorithm,137.0,,
,https://www.youtube.com/watch?v=Fwsc5Hm6AIA,"면접에서 '모호한 상황을 처리한 경험'을 묻는 질문은 지원자의 비판적 사고 능력과 결단력을 평가하기 위해서입니다. 이러한 질문에 답할 때는 STAR 기법(상황, 과제, 행동, 결과)을 활용하여 구조적으로 설명하는 것이 중요합니다. 명확한 목표 설정과 질문을 통해 정보를 얻고, 자신감을 가지고 결정하는 모습을 보여주는 것이 성공적인 답변의 핵심입니다.",REQUIREMENT_CHECK,live_coding,138.0,,
,https://www.youtube.com/watch?v=k1oS6NUZkMk,"면접에서의 행동 질문에 대비하기 위해서는 자신이 겪었던 경험을 솔직하게 이야기하는 것이 중요합니다. 갈등 상황이 없었다면, 비슷한 의견 충돌이나 아이디어를 설득하는 경험을 활용해 자신의 영향력과 협상력을 강조하세요. 면접관은 당신의 역량을 이해하고 싶어하므로, 실제 경험을 바탕으로 자신을 어필하는 것이 효과적입니다.",REQUIREMENT_CHECK,live_coding,139.0,,
,https://www.youtube.com/watch?v=co3l_yfkPOo,"면접에서 기술적 능력뿐만 아니라 인성 및 대인관계 능력도 평가받는 것이 중요합니다. 특히, 행동 면접은 지원자의 과거 경험을 통해 미래의 성과를 예측하는 데 유용하며, 이는 조직 내에서의 상호작용과 갈등 해결 능력을 판단하는 데 큰 도움이 됩니다. 따라서 면접 준비 시, 자신의 경험을 바탕으로 사람들과의 관계를 어떻게 발전시켜왔는지를 잘 준비하는 것이 필요합니다.",REQUIREMENT_CHECK,live_coding,140.0,,
,https://www.youtube.com/watch?v=CJVpg4enHPA,"면접에서 중요한 점은 팀의 목표와 우선순위를 명확히 이해하고, 기능 요청의 효과와 노력의 비율을 고려하는 것입니다. 제품 관리자와의 소통을 통해 프로세스를 공유하고, 결과에 대한 이의 제기 가능성을 제공함으로써 팀원들의 참여를 유도하는 것이 필수적입니다. 마지막으로, 명확한 에스컬레이션 경로를 마련해 둬야 불필요한 갈등을 줄일 수 있습니다.",REQUIREMENT_CHECK,live_coding,141.0,,
,https://www.youtube.com/watch?v=pNDZ5Qx4uy0,"메서드 오버로딩 시, 인자는 우선 순위가 중요합니다. 가장 구체적인 인자 타입이 선택되므로, 예를 들어 `null`을 넘길 경우 자식 클래스인 `String`이 우선합니다. 만약 두 개의 메서드가 동일한 수준에서 인자를 받을 수 있다면, 모호성이 발생하여 컴파일 오류가 발생할 수 있습니다. 이럴 때는 항상 계층 구조를 고려해야 합니다. 면접에서 오버로딩 관련 질문이 나오면, 인자의 구체성과 계층 구조를 명확히 설명하는 것이 중요하며, 예시를 통해 이해도를 높이는 것이 좋습니다.",REQUIREMENT_CHECK,live_coding,142.0,,
,https://www.youtube.com/watch?v=fRMn_uUh_ec,"면접에서 데이터 구조 질문에 잘 대응하기 위한 몇 가지 팁을 소개합니다. 첫째, 질문을 명확히 이해하고 코딩에 바로 들어가지 말고 입력 제약 조건과 기대 출력에 대해 설명하라. 둘째, 코딩 전에 접근 방식을 설명하고, 사용하려는 데이터 구조와 알고리즘 단계를 인터뷰어에게 공유하는 것이 중요하다. 마지막으로, 코드를 작성한 후 간단한 예제를 통해 테스트하고, 시간과 공간 복잡성을 고려하여 최적화할 기회가 있을 때 이를 요청하라.",REQUIREMENT_CHECK,live_coding,143.0,,
,https://www.youtube.com/watch?v=fQW6-2yfsBY,"구글 소프트웨어 엔지니어 면접에서 성공하려면 문제를 정확히 이해하고 명확하게 소통하는 것이 중요합니다. 문제를 해결하기 전에 직접 예시를 들어 확인하고, 경계 사례를 질문하여 자신의 문제 해결 능력을 보여주세요. 처음에는 간단한 해결책부터 시작하고, 필요할 때 더 나은 솔루션으로 넘어가는 것이 좋습니다.",REQUIREMENT_CHECK,live_coding,144.0,,
,https://www.youtube.com/watch?v=Ti5vfu9arXQ,"면접에서 중요한 팁은 질문의 명확성을 확보하는 것입니다. 면접관과의 커뮤니케이션을 통해 가정이나 요구사항을 명확히 하고, 문제 해결 과정을 설명하는 것이 중요합니다. 또한, 작은 구문 오류에 신경 쓰기보다는 전반적인 로직을 중시하며, 효율적인 솔루션을 제시하는 연습을 해두는 것이 좋습니다.",REQUIREMENT_CHECK,live_coding,145.0,,
,https://www.youtube.com/watch?v=Q4C3ZRJLnac,"면접을 준비할 때, 문제를 반복해서 말하는 것은 매우 중요합니다. 이는 문제를 명확히 이해할 수 있게 도와주고, 오해를 방지하며, 사고를 정리하는 데 유용합니다. 또한, 명확한 질문을 통해 가정 사항을 점검하고 적절한 도구와 접근 방식을 파악하는 연습을 해야 합니다.",REQUIREMENT_CHECK,live_coding,146.0,,
,https://www.youtube.com/watch?v=46dZH7LDbf8,"코딩 면접에서 성공하기 위한 몇 가지 팁은 다음과 같습니다. 첫째, 문제를 이해했는지 확인하기 위해 질문을 반복해보세요. 둘째, 코드 작성을 시작하기 전에 필요한 자료구조와 알고리즘을 명확히 계획하는 것이 중요합니다. 마지막으로, 면접관의 피드백을 적극적으로 수용하고 개선점을 반영하여 다음 면접 준비에 활용하세요.",REQUIREMENT_CHECK,live_coding,147.0,,
,https://www.youtube.com/watch?v=qz9tKlF431k,"구글 코딩 면접을 준비할 때는 실제 면접과 유사한 환경을 조성하는 것이 중요합니다. 문제를 해결하는 접근 방식을 생각하며, 화면 공유를 통해 코드와 아이디어를 시각적으로 표현하는 연습을 하세요. 면접 후 피드백 세션을 통해 면접관의 시각을 이해하고 개선점을 찾아보는 것도 큰 도움이 됩니다.",REQUIREMENT_CHECK,live_coding,148.0,,
,https://www.youtube.com/watch?v=Ebyesd3mPAA,"구글의 면접은 합격률이 1%도 안 되며, 따라서 준비가 매우 중요합니다. 문제를 해결하는 과정에서 자신의 사고 과정을 명확히 전달하는 것이 필수적이며, 가능한 한 많은 예외를 고려해야 합니다. 또한, 처음에는 느린 방법으로 접근하더라도 점차 더 효율적인 해결책을 모색하는 것이 중요합니다.",REQUIREMENT_CHECK,live_coding,149.0,,
,https://www.youtube.com/watch?v=CqCqX9_86R8,"구글 면접에서 흔히 접하는 문제들은 교과서적인 것이 아니라, 예상치 못한 질문들이 많아 기본적인 코딩 실력의 중요성이 강조됩니다. 면접 중 긴장으로 인해 간단한 오류를 범하는 경우가 많으므로, 기본적인 조건문과 반복문에 대한 숙련도를 높여야 합니다. 또한, 복잡한 문제를 풀기 전에 쉬운 문제를 충분히 연습하는 것이 필요하며, 중급 문제는 기본적인 문제를 50개 이상 해결한 후에 도전해야 합니다.",REQUIREMENT_CHECK,live_coding,150.0,,
,https://www.youtube.com/watch?v=ft0owvS5tQA,"코딩 면접에서 중요한 여섯 가지 개념 중 하나로 힙(Heap) 자료구조가 있습니다. 힙은 최소값이나 최대값을 효율적으로 찾는 데 유용하며, 문제를 N개의 값을 가지고 힙을 구축할 때 O(N) 시간 복잡도로 처리할 수 있습니다. 또한 슬라이딩 윈도우 기법을 통해 배열을 두 개의 포인터로 순회하며 문제를 해결하는 방법도 자주 등장하니, 이러한 기법들을 잘 익혀 두는 것이 중요합니다.",REQUIREMENT_CHECK,live_coding,151.0,,
,https://www.youtube.com/watch?v=4tYoVx0QoN0,"면접 준비 시, 알고리즘 문제를 푸는 데 있어 기본적인 데이터 구조와 개념을 명확히 이해하는 것이 중요합니다. 특히, 문제를 해결할 때는 문제의 요구사항을 정확히 파악하고, 이를 바탕으로 접근 방법을 체계적으로 정리하는 것이 필요합니다. 또한, 실제 면접에서는 면접관과의 소통이 중요하므로, 자신의 생각을 명확히 전달하고 질문하는 연습도 게을리하지 말아야 합니다.",REQUIREMENT_CHECK,live_coding,152.0,,
,https://www.youtube.com/watch?v=EuPSibuIKIg,"면접에서 기술 문제를 해결할 때는, 문제의 요구 사항을 명확히 이해하고, 예시를 통해 접근 방식을 정리하는 것이 중요하다. 실제 면접에서는 시간 압박 속에서 문제를 해결해야 하므로, 평소에 다양한 문제를 풀어보며 연습하는 것이 필요하다. 면접 후에는 자신이 어떻게 문제를 접근했는지 되짚어보고 피드백을 받는 것이 향후 개선에 큰 도움이 된다.",REQUIREMENT_CHECK,live_coding,153.0,,
,https://www.youtube.com/watch?v=we7ba0slWrc,"구글 기술 면접 준비를 위해, 면접 환경을 미리 점검하고 필요한 장비(노트북, 웹캠, 전화기)를 준비하세요. 면접 시 본인의 문제 해결 능력과 코딩 숙련도를 잘 보여주는 것이 중요하며, 다양한 솔루션을 제시하고 그 장단점을 논의하는 것도 필요합니다. 지원하는 역할에 따라 기술적인 요구 사항이 다르므로, 면접관에게 구체적인 기대 사항을 물어보는 것이 좋습니다.",REQUIREMENT_CHECK,live_coding,154.0,,
,https://www.youtube.com/watch?v=rMj6KnxZu5M,"면접에서 가장 흔히 저지르는 실수는 문제를 명확히 이해하지 않고 즉시 코딩에 들어가는 것입니다. 면접관과 질문을 충분히 확인하고, 문제의 유형을 이해한 후에 알고리즘을 설명하는 것이 중요합니다. 또한, 문제 해결에 어려움을 겪을 때는 조용히 있지 말고 자신의 사고 과정을 공유하여 면접관에게 도움을 요청하는 것이 필요합니다.",REQUIREMENT_CHECK,live_coding,155.0,,
,https://www.youtube.com/watch?v=ajI9R-6saEk,"면접에서 좋은 인상을 남기기 위해서는 코딩 실력뿐만 아니라 비코딩 요소도 중요하다는 점을 기억해야 합니다. 문제를 명확히 이해하고 질문하는 능력, 각 단계에서 자신의 생각을 설명하는 커뮤니케이션 스킬, 코드 테스트 및 복잡도 분석 등을 통해 면접관에게 신뢰를 줄 수 있습니다. 따라서 단순히 문제 풀이에 집중하기보다는 이러한 비코딩 요소들을 충분히 활용해 면접 준비를 해야 합니다.",REQUIREMENT_CHECK,live_coding,156.0,,
,https://www.youtube.com/watch?v=-QxUp8MwbWw,"코딩 면접을 준비할 때 가장 중요한 요소는 알고리즘과 데이터 구조입니다. 문제 해결 능력을 보여주기 위해서는 개념적으로 문제를 이해하고 이를 코드로 옮길 수 있어야 하며, 다양한 알고리즘과 데이터 구조에 대한 깊은 이해가 필요합니다. 반복 학습을 통해 이 핵심 개념들을 숙지하면 면접에서 유리한 고지를 점할 수 있습니다.",REQUIREMENT_CHECK,live_coding,157.0,,
,https://www.youtube.com/watch?v=6l3ww3KOYes,"면접에서 중요한 질문을 미리 준비하는 것이 성공의 열쇠입니다. 첫째, 사용해야 할 프로그래밍 언어가 무엇인지 분명히 확인하고, 둘째, 언어에 내장된 함수나 라이브러리를 사용할 수 있는지 물어보세요. 마지막으로, 입력 데이터의 유형을 파악하는 것도 중요하며, 이를 통해 문제를 더 잘 이해하고 해결할 수 있습니다.",REQUIREMENT_CHECK,live_coding,158.0,,
,https://www.youtube.com/watch?v=Cq7eND5KSPk,"코딩 면접에서 성공하기 위한 핵심은 문제를 암기하는 대신 문제 해결 패턴을 익히는 것입니다. 면접관은 여러분의 사고 과정을 이해하고 싶어 하므로, 답변의 정답 여부보다 여러분의 접근 방식과 소통 능력이 중요합니다. 또한, 면접 준비 시 다양한 문제를 접하고 실제 상황을 고려하는 연습이 필요합니다.",REQUIREMENT_CHECK,live_coding,159.0,,
,https://www.youtube.com/watch?v=1qw5ITr3k9E,"개발자 면접에서 성공하기 위한 몇 가지 꿀팁은 다음과 같습니다. 첫째, 문제를 해결할 때 객체 지향 프로그래밍과 동적 프로그래밍을 활용하여 효율적인 코드를 작성하는 것이 중요합니다. 둘째, 면접관의 질문에 대해 깊이 있는 이해를 바탕으로 질문하고, 최적화된 솔루션을 제시하는 능력을 보여줘야 합니다. 마지막으로, 시간 관리가 중요하기 때문에 주어진 시간 내에 문제를 완수하는 연습을 게을리하지 말아야 합니다.",REQUIREMENT_CHECK,live_coding,160.0,,
,https://www.youtube.com/watch?v=rw4s4M3hFfs,"구글 면접에서 중요한 점은 실제 소프트웨어 엔지니어와의 인터뷰를 통해 더 현실적인 경험을 쌓는 것입니다. 실제 코딩 인터뷰는 Google Docs와 같은 플랫폼에서 진행되며, 문제를 해결하는 능력뿐만 아니라 긴장감을 관리하는 것도 중요합니다. 따라서 면접 준비 시 다양한 질문에 대한 연습과 함께, 피드백 세션을 통해 자신의 성과를 분석하는 것이 효과적입니다.",REQUIREMENT_CHECK,live_coding,161.0,,
,https://www.youtube.com/watch?v=T53EyLPj4UM,"구글 면접 준비 시, 추천인을 통해 지원하거나 LinkedIn에서 리크루터에게 직접 연락하는 것이 효과적입니다. 면접 일정이 늦어지더라도 적극적으로 소통하며 자신의 상황을 알리는 것이 중요하며, 이를 통해 긍정적인 결과를 얻을 수 있습니다. 마지막으로, 데이터 구조와 알고리즘을 꾸준히 연습하며 패턴을 학습하는 체계적인 준비 방식이 필요합니다.",REQUIREMENT_CHECK,live_coding,162.0,,
,https://www.youtube.com/watch?v=L9TfZdODuFQ,"시스템 설계 면접에서 중요한 것은 문제의 범위를 정확히 정의하고, 요구사항을 명확히 하는 것입니다. 다양한 솔루션을 논의하며 장단점을 분석하는 것이 핵심이며, 45분이라는 제한된 시간 안에 체계적인 접근 방식을 통해 문제를 해결해야 합니다. 면접관과의 소통을 통해 그들의 힌트를 잘 듣고, 고차원적인 시스템 구조를 설계하는 능력을 보여주는 것이 중요합니다.",REQUIREMENT_CHECK,live_coding,163.0,,
,https://www.youtube.com/watch?v=dNtks5NfUwc,"면접 질문에 대한 답변을 구조화하는 것이 중요합니다. 첫째, 질문을 잘 듣고 메모하며, 필요한 경우 명확한 질문을 통해 면접관의 기대를 확인하세요. 둘째, 답변하기 전에 잠시 생각하고 구조화된 방식으로 대답하여 일관성 있는 답변을 제공하는 것이 좋습니다.",REQUIREMENT_CHECK,live_coding,164.0,,
,https://www.youtube.com/watch?v=r7Av63y4kq8,"면접에서 기술적인 질문에 대비하기 위해, 다음 네 가지 주요 영역을 준비하는 것이 중요합니다. 첫째, 엔지니어와의 협업 경험을 묻는 질문에 대해 구체적인 사례를 준비하세요. 둘째, 과거 프로젝트의 아키텍처를 설명할 수 있도록 연습하세요. 셋째, 기초적인 컴퓨터 과학 지식을 숙지하고, 넷째, 시스템 디자인 질문에 대한 사고를 미리 해보는 것이 필요합니다. 이러한 준비를 통해 기술 면접에서 자신감을 갖고 효과적으로 대화할 수 있을 것입니다.",REQUIREMENT_CHECK,live_coding,165.0,,
,https://www.youtube.com/watch?v=bqCXVpRqTpE,"페이스북의 데이터 엔지니어링 면접에서는 면접관이 지원자가 성공하기를 진심으로 바란다는 점을 기억하는 것이 중요합니다. 면접 준비 과정에서의 시간과 비용이 막대하기 때문에 지원자는 긴장하지 않고 대화하듯 문제를 해결하는 접근이 필요합니다. 또한 다양한 지원자 그룹의 경향을 분석하여, 자신의 약점을 파악하고 보완하는 것이 면접 준비에 도움이 됩니다.",REQUIREMENT_CHECK,live_coding,166.0,,
,https://www.youtube.com/watch?v=L9TfZdODuFQ,"시스템 디자인 면접에서는 복잡한 문제를 해결하기 위한 아키텍처 설계 능력을 평가합니다. 문제의 범위를 명확히 하고 기능 및 비기능 요구사항을 정리하는 것이 중요하며, 면접관과의 소통을 통해 진행 상황을 공유해야 합니다. 또한, 고수준의 시스템 설계를 먼저 하고, 필요한 데이터 양을 추정한 후에 세부 사항을 구체화하는 접근법이 효과적입니다.",REQUIREMENT_CHECK,live_coding,167.0,,
,https://www.youtube.com/watch?v=V8DGdPkBBxg,"면접 준비 시, 자신의 편안한 프로그래밍 언어로 코드를 작성하고, 명확성과 가독성을 우선시하는 것이 중요합니다. 또한, 면접 중에는 코드 실행이 필요 없으므로 문법 오류에 대해 너무 걱정하지 않아도 됩니다. 마지막으로, 면접 후 질문할 시간을 충분히 가지며, 면접 프로세스에 대한 궁금증을 해소하는 것이 좋습니다.",REQUIREMENT_CHECK,live_coding,168.0,,
,https://www.youtube.com/watch?v=Ru54dxzCyD0,"면접 준비를 위해 시스템 디자인 인터뷰의 기본 개념과 요구 사항을 이해하는 것이 중요합니다. 특히, 기능적 요구 사항(예: 사용자 티켓 예약 기능)과 비기능적 요구 사항(예: 저지연 처리)을 명확히 하고, 이를 바탕으로 프레임워크를 세워 문제를 해결하는 접근법을 취하세요. 마지막으로, 공통적인 문제 유형을 중심으로 연습하고 패턴을 식별하는 것이 효과적인 준비 방법입니다.",REQUIREMENT_CHECK,live_coding,169.0,,
,https://www.youtube.com/watch?v=Vo1Lj5eYtgU,"면접에서 시스템 설계를 할 때는 사용자 요구사항을 명확하게 이해하고 기술적 요구사항으로 변환하는 것이 중요합니다. 시간을 효율적으로 관리하며 핵심 포인트에 집중해야 하며, 완벽한 시스템은 없다는 점을 인식하고 비즈니스와 기술 간의 균형을 맞추는 것이 필수적입니다. 마지막으로, 자신감을 가지고 질문을 주저하지 말고 필요한 부분을 명확히 하는 태도가 필요합니다.",REQUIREMENT_CHECK,live_coding,170.0,,
,https://www.youtube.com/watch?v=i7twT3x5yv8,"면접에서 시스템 디자인 프레임워크를 활용하면 구조적으로 문제를 이해하고 설계를 제안할 수 있어 시간을 효율적으로 사용할 수 있습니다. 면접의 첫 단계에서는 문제를 명확히 하고 요구사항을 파악하는 것이 중요하며, 비기능적 요구사항과 우선순위가 높은 기능에 집중해야 합니다. 마지막으로, 고수준 설계를 제안하고 면접관과 합의하는 과정을 통해 면접에 대한 확신을 얻을 수 있습니다.",REQUIREMENT_CHECK,live_coding,171.0,,
,https://www.youtube.com/watch?v=1qw5ITr3k9E,"면접에서 성공하기 위해서는 문제를 명확히 이해하고, 질문을 통해 깊이 파고드는 능력을 보여주는 것이 중요합니다. 또한, 객체 지향 프로그래밍과 동적 프로그래밍을 활용하여 문제 해결 능력을 증명해야 하며, 제한된 시간 내에 코드를 최적화하는 연습이 필요합니다. 마지막으로, 실제 면접처럼 모의 면접을 통해 경험을 쌓고, 다양한 알고리즘 문제를 다루는 것이 실력을 향상하는 데 큰 도움이 됩니다.",REQUIREMENT_CHECK,live_coding,172.0,,
,https://www.youtube.com/watch?v=KB_7X3iIHQ4,"실전 면접에서 성공하려면, 문제 해결 과정에서 자신의 생각을 명확히 전달하는 것이 중요합니다. 기본 개념에 대한 이해도를 높이고, 그 위에 고급 기술을 쌓아가는 것이 필요합니다. 또한, 장기적인 해결책을 고려하며 대규모 사용자 기반을 염두에 두는 것이 좋습니다.",REQUIREMENT_CHECK,live_coding,173.0,,
,https://www.youtube.com/watch?v=DjFAFgaFnzc,"면접에서 효과적으로 소통하기 위해서는 문제를 이해하는 데 주의를 기울이고, 해결 방법을 구조적으로 설명해야 합니다. 시간 제한이 있는 상황에서는 문제를 빠르게 분석하고 우선순위를 정해 접근하는 것이 중요합니다. 또한, 실전 경험을 통해 알고리즘과 자료 구조를 최적화하는 능력을 키우는 것이 면접 준비에 큰 도움이 됩니다.",LOGIC_DESIGN,live_coding,174.0,,
,https://www.youtube.com/watch?v=CWpjMVsruv4,"주식 매매의 최적 시점을 찾는 문제는 개발자 면접에서 자주 등장하는 난제입니다. 초반에는 모든 가능한 조합을 시도하는 '브루트 포스' 접근법이 사용되지만, 이는 비효율적이므로 각 가격을 한 번만 살펴보는 더 스마트한 방법을 찾아야 합니다. 면접에서는 알고리즘의 시간 복잡성을 고려하고, 최적화된 솔루션을 제시하는 것이 중요한 포인트입니다.",LOGIC_DESIGN,live_coding,175.0,,
,https://www.youtube.com/watch?v=u_zWHN2y2zM,"면접 준비를 위해, 문제 해결 접근 방식을 명확히 하고 다양한 방법을 익히는 것이 중요합니다. 브루트 포스 방법으로 시작해 최적의 BFS 방식을 통해 문제를 해결하는 과정이 유익하며, 이를 통해 시간 복잡성을 줄일 수 있습니다. 또한, 큐와 같은 데이터 구조를 활용하여 최소 단계로 목표 인덱스에 도달하는 방법을 연습하는 것이 좋습니다.",LOGIC_DESIGN,live_coding,176.0,,
,https://www.youtube.com/watch?v=0iKRnzUyKa4,"면접에서 중복 요소 확인 문제를 다룰 때, 문제의 핵심을 명확히 이해하고 이전 문제와의 연관성을 파악하는 것이 중요합니다. 브루트 포스 접근 방식을 활용해 배열 전체를 순회하며 중복을 찾는 방법을 시도해 보세요. 또한, 문제 해결 전에 잠시 생각할 시간을 가지며 아이디어를 정리하는 것도 도움이 됩니다.",LOGIC_DESIGN,live_coding,177.0,,
,https://www.youtube.com/watch?v=5J0vn8Wo6-w," 면접에서는 문제 해결 접근 방식을 단계별로 설명하는 것이 중요하다. 처음에는 브루트 포스 방법을 사용하고, 이후에 더 나은 최적화 방법으로 발전시키는 과정을 보여야 한다. 시간 복잡도를 명확히 분석하고, 어떤 방식으로 최적화를 할 수 있을지 고민하는 태도가 필요하다. 이를 통해 문제 해결 능력을 강조할 수 있다. 포인터 기법과 정렬 알고리즘 같은 효율적인 접근 방식을 활용하여 문제를 해결하는 방법을 제시하면, 면접관에게 깊이 있는 이해도를 어필할 수 있다.",LOGIC_DESIGN,live_coding,178.0,,
,https://www.youtube.com/watch?v=AikGLtM-GhI,"배열에서 다수 요소를 찾는 문제를 해결하는 두 가지 방법을 소개합니다. 첫 번째는 해시 맵을 사용하여 각 요소의 빈도를 세고, n/2 이상인 요소를 반환하는 방법이며, 이 방법은 O(n) 시간과 O(n) 공간 복잡도를 가집니다. 두 번째는 정렬을 이용해 배열을 정렬한 후, 현재 요소와의 비교를 통해 다수 요소를 찾아내는 방법으로, 이 경우 O(n log n) 시간 복잡도를 가지며, 공간 복잡도는 O(1)입니다. 면접 시 복잡도 분석과 최적의 접근 방식을 설명하는 것이 중요합니다.",LOGIC_DESIGN,live_coding,179.0,,
,https://www.youtube.com/watch?v=WXIi77uN96c,"코딩 면접에서 중요한 문제를 다루는 이 영상에서는 회의실 배정 문제를 해결하는 방법을 소개합니다. 핵심 포인트는 회의가 겹치는 경우 별도의 방이 필요하고, 연속적으로 진행되는 회의는 기존 방을 재사용할 수 있다는 것입니다. 면접을 준비할 때는 문제의 복잡도와 제약 조건을 고려하여 효율적인 알고리즘(O(N log N))을 선택하는 것이 중요합니다.",LOGIC_DESIGN,live_coding,180.0,,
,https://www.youtube.com/watch?v=2loBrKWUmBg,"이 면접에서는 동적 프로그래밍 기법을 활용하여 로봇이 격자판의 좌상단에서 우하단으로 이동하는 경로의 수를 계산하는 문제를 다룹니다. 면접 준비 시, 다양한 접근 방식(재귀, 상향식 DP, 하향식 DP)을 이해하고, 시간 복잡도를 고려해 최적의 해결책을 제시하는 연습이 중요합니다. 특히, 최대 10^8번의 연산 내에 문제를 해결할 수 있는 알고리즘을 구상하는 것이 핵심입니다.",LOGIC_DESIGN,live_coding,181.0,,
,https://www.youtube.com/watch?v=XWkUr9h5U6g,"면접에서 중복된 숫자가 있는지 확인하는 문제를 해결할 때, 여러 접근 방식을 고려해야 합니다. 첫 번째로, 브루트 포스 방식으로 두 개의 루프를 사용해 모든 요소를 비교하는 방법이 있지만, 이는 시간 복잡도가 O(n^2)로 비효율적입니다. 두 번째로, 배열을 정렬한 후 인접한 요소를 비교하는 방법이 있으며, 이 경우 시간 복잡도는 O(n log n)으로 개선됩니다. 마지막으로, 해시셋을 사용해 중복을 체크하는 방법도 고려할 수 있습니다.",LOGIC_DESIGN,live_coding,182.0,,
,https://www.youtube.com/watch?v=3a4PUSaG_AQ,"면접에서 중요한 코딩 문제인 3-Sum 문제를 해결할 때, 두 가지 접근법을 고려할 수 있습니다: 첫 번째는 모든 가능한 조합을 확인하는 브루트 포스 방법이고, 두 번째는 최적화된 방법입니다. 이 문제를 해결할 때는 중복된 조합을 피하고, 각 조합의 합이 0이 되는지 확인하는 것이 중요합니다. 면접 준비 시, 다양한 접근법을 이해하고 연습하는 것이 실력을 키우는 데 큰 도움이 됩니다.",LOGIC_DESIGN,live_coding,183.0,,
,https://www.youtube.com/watch?v=FisPMhdL2XM,"코딩 면접 준비를 위한 몇 가지 꿀팁을 소개합니다. 첫째, 문제의 목표를 명확히 이해하고, 다양한 접근 방식을 시도해보는 것이 중요합니다. 둘째, 코드 작성 전에는 드라이 런을 통해 알고리즘의 흐름을 점검하고, 각 단계에서 변수를 확인하는 연습을 해보세요.",LOGIC_DESIGN,live_coding,184.0,,
,https://www.youtube.com/watch?v=Y67f698sQY0,"면접에서 알고리즘 문제를 다룰 때, 단순히 '브루트 포스(brute force)' 방법만 사용하는 대신, 최적화된 알고리즘을 고민해보는 것이 중요합니다. 최적화된 접근법은 효율성을 높이고 자원을 잘 활용하여 보다 빠르게 해결책에 도달할 수 있도록 도와줍니다. 따라서 문제 해결 과정에서 다양한 시나리오를 고려하고, 결과를 분석하여 의도적으로 접근하는 것이 성공적인 면접의 열쇠입니다.",LOGIC_DESIGN,live_coding,185.0,,
,https://www.youtube.com/watch?v=aGWnHYwuuMk,"면접에서 배열의 두 숫자를 더해 특정 값을 만드는 문제를 해결할 때, 브루트포스 접근법을 사용할 수 있습니다. 이 방법은 모든 가능한 조합을 시도하여 정답을 찾는 것입니다. 또한, 같은 요소를 두 번 사용할 수 없으므로 루프를 쉽게 관리할 수 있으며, 이전에 선택한 인덱스는 다시 선택하지 않도록 주의해야 합니다.",LOGIC_DESIGN,live_coding,186.0,,
,https://www.youtube.com/watch?v=5XjMa9aUy_U,"코딩 면접에서 '유효한 애너그램' 문제를 해결하는 방법에 대해 살펴보았습니다. 가장 간단한 접근 방법인 완전탐색은 비효율적이므로, 문자열의 문자를 정렬하여 비교하는 방식이 더 효과적입니다. 정렬 알고리즘은 대부분의 프로그래밍 언어에서 기본으로 제공되므로, 이를 활용하면 간편하게 문제를 해결할 수 있습니다.",LOGIC_DESIGN,live_coding,187.0,,
,https://www.youtube.com/watch?v=Q4C3ZRJLnac,"코딩 면접에서 성공하기 위한 **6단계 전략**을 기억하세요. 첫 번째로, 문제를 반복해서 명확히 이해하고, 자신의 말로 설명해보는 것이 중요합니다. 이를 통해 생각할 시간을 벌고, 인터뷰어와의 소통을 원활하게 하며, 문제에 대한 새로운 관점을 얻을 수 있습니다. 둘째, 가정 사항을 확인하고 명확한 질문을 통해 필요한 도구를 파악하세요; 이는 문제 해결에 큰 도움이 됩니다.",LOGIC_DESIGN,live_coding,188.0,,
,https://www.youtube.com/watch?v=DkCOduhRt5s,"면접 준비에서 중요한 것은 '브레인스토밍' 능력을 향상시키는 것입니다. 문제를 해결하기 위해 다양한 아이디어를 모색하는 과정을 연습하면 면접에서도 좋은 결과를 얻을 수 있습니다. 따라서, 기술 면접 전에 충분한 준비와 연습을 통해 자신만의 방법론을 마련해 두는 것이 추천됩니다.",LOGIC_DESIGN,live_coding,189.0,,
,https://www.youtube.com/watch?v=IO5ReIDbLus,"면접 준비를 위해서는 데이터 사이언스 관련 기본 개념을 철저히 숙지하는 것이 필수적입니다. 구글링을 통해 상위 10개 질문을 확인하고, 이론적 질문에 대한 이해를 바탕으로 자신감을 가지고 답변할 수 있도록 연습하세요. 또한, 자신에 대한 소개를 미리 준비하여 면접에서 긍정적인 인상을 줄 수 있도록 하세요.",LOGIC_DESIGN,live_coding,190.0,,
,https://www.youtube.com/watch?v=OIkOfRWE3M8,"실전 면접 꿀팁: HTML, CSS, JavaScript의 기초를 확실히 이해하고, 이를 활용한 프로젝트 경험이 중요하다. 개인 사이트나 포트폴리오를 만들어 실력을 보여주는 것도 좋다. 또한, 다양한 기술을 접하고 실습하면서 기초 지식을 지속적으로 다지는 것이 필요하다.",LOGIC_DESIGN,live_coding,191.0,,
,https://www.youtube.com/watch?v=0K_eZGS5NsU,"파이썬은 동적 타이핑 언어로, 변수를 선언할 때 타입을 명시할 필요가 없어 코딩 인터뷰에서 유연하게 사용할 수 있습니다. 또한, 조건문과 반복문에서 괄호나 중괄호 없이 들여쓰기를 통해 구조를 명확히 할 수 있어 코드가 간결해집니다. 면접 준비를 위해 Python을 배우는 것이 좋으며, 무료 리소스를 제공하는 neatcode.io를 활용해보세요.",LOGIC_DESIGN,live_coding,192.0,,
,https://www.youtube.com/watch?v=kmM23OHgLpE,"면접에서 복잡한 문제를 다룰 때, 항상 문제를 시각화하는 것이 중요합니다. 예를 들어, 회전된 정렬 배열에서 특정 요소의 존재 여부를 확인할 때는, 배열의 인덱스와 값을 그래프로 표현해 이해를 돕는 방법이 효과적입니다. 또한, 문제 해결을 위한 다양한 접근 방식을 탐색하는 것이 면접에서 좋은 인상을 남길 수 있습니다.",LOGIC_DESIGN,live_coding,193.0,,
,https://www.youtube.com/watch?v=EZKgpZTK784,"개발자 면접 준비를 위해 다음과 같은 팁을 고려하세요. 첫째, 스크리너 인터뷰는 주로 기본 자격을 확인하는 단계이므로 긴장할 필요가 없습니다. 둘째, 기술 면접에서는 통계 및 머신러닝 개념에 대한 질문이 나올 수 있으므로 사전 준비가 필요합니다. 마지막으로, 문화 적합성도 중요한 평가 요소이니, 자신의 경험과 가치관을 잘 표현할 수 있도록 연습하세요.",LOGIC_DESIGN,live_coding,194.0,,
,https://www.youtube.com/watch?v=RCR1MO0ObPo,"코딩 면접에서 성공하려면 문제를 해결하기 위한 최적의 알고리즘을 작성하는 것이 중요합니다. 이를 위해 올바른 데이터 구조를 선택하는 것이 필수적이며, 데이터 구조의 기본 개념을 이해하면 복잡하지 않다는 점을 기억해야 합니다. 기본 데이터 구조인 배열과 해시 테이블의 장단점을 파악하고, 문제에 따라 적절한 데이터 구조를 선택하는 연습을 통해 면접 준비를 철저히 할 수 있습니다.",LOGIC_DESIGN,live_coding,195.0,,
,https://www.youtube.com/watch?v=kkQ3Jt8k2f0,"면접에서 데이터 구조와 알고리즘을 선택하는 것은 종종 어렵습니다. 문제를 처음 접할 때 가장 적절한 알고리즘을 찾기 힘들 수 있으므로, 다양한 자료구조에 대한 이해도를 높이고 실전 문제를 많이 풀어보는 것이 중요합니다. 또한, 면접 중 새로운 알고리즘에 대한 질문이 나올 수 있으니 항상 최신 기술 동향을 파악하고 준비하는 것이 필요합니다.",LOGIC_DESIGN,live_coding,196.0,,
,https://www.youtube.com/watch?v=ouipSd_5ivQ,"면접에서 데이터 구조에 대한 깊은 이해는 필수적입니다. 리스트, 배열, 스택, 큐, 힙, 트리, 해시 테이블 등 다양한 데이터 구조의 특징과 활용 사례를 정리해 두면, 실전 코딩 시 효율적인 문제 해결이 가능합니다. 특히, 각 데이터 구조의 사용 목적에 맞춰 적절한 선택을 하는 것이 면접에서 긍정적인 평가를 받을 수 있는 핵심 포인트입니다.",LOGIC_DESIGN,live_coding,197.0,,
,https://www.youtube.com/watch?v=O9v10jQkm5c,"기술 면접에서 데이터 구조의 중요성을 인식하고, 시간 복잡도(Big O)를 이해하는 것이 필수적입니다. Big O는 알고리즘의 효율성을 측정하는 방법으로, O(1)과 같은 상수 시간 복잡도는 가장 빠른 반면, O(N^2)와 같은 다항식 시간 복잡도는 비효율적입니다. 따라서 다양한 데이터 구조와 그 특성을 이해하고, 상황에 맞는 알고리즘 선택이 중요합니다.",LOGIC_DESIGN,live_coding,198.0,,
,https://www.youtube.com/watch?v=tNrNLoCqzco,"개발자 면접 준비 시, 자신이 이미 익숙한 프로그래밍 언어를 활용하되, 파이썬을 배우는 것이 추천됩니다. 파이썬은 코드가 간결하고 이해하기 쉬워서 문제 해결에 집중할 수 있으며, 많은 면접관들이 이 언어에 익숙합니다. 또한, '즉시 학습(jet learning)' 방식을 통해 코딩 인터뷰에 가장 필요한 핵심 개념을 선택적으로 배우고, 100개의 자주 묻는 문제를 통해 점진적으로 실력을 쌓아가는 것이 효과적입니다.",LOGIC_DESIGN,live_coding,199.0,,
,https://www.youtube.com/watch?v=F-ao3Q6I2Fc,"자료구조와 알고리즘(DSA)을 효율적으로 마스터하기 위해서는 먼저 선형 자료구조(배열, 연결 리스트 등)부터 시작하고, 그 다음에 비선형 자료구조(트리, 그래프 등)로 넘어가는 것이 중요합니다. 문제 해결 기법을 배우면서는 두 포인터, 슬라이딩 윈도우, 재귀와 같은 기본 패턴을 숙지해야 하며, 한 번에 여러 주제를 배우기보다는 한 주제에 집중하여 이해하는 것이 더 효과적입니다. 마지막으로, 알고리즘의 시간과 공간 복잡성을 이해하는 것이 DSA 학습에 큰 도움이 됩니다.",LOGIC_DESIGN,live_coding,200.0,,
,https://www.youtube.com/watch?v=cODCpXtPHbQ,"면접에서 데이터베이스 선택은 시스템의 확장성과 성능에 큰 영향을 미칩니다. 데이터의 구조, 쿼리 패턴, 그리고 필요한 스케일을 고려해 적절한 데이터베이스를 선택하는 것이 중요합니다. 또한, 캐시 솔루션을 활용하여 성능을 최적화할 수 있으며, 레디스와 같은 검증된 캐시 솔루션을 사용하는 것이 추천됩니다.",LOGIC_DESIGN,live_coding,201.0,,
,https://www.youtube.com/watch?v=E0Hmnixke2g,"머신러닝 알고리즘을 선택할 때는 문제 유형에 따라 감독 학습(supervised learning)과 비감독 학습(unsupervised learning)으로 나누고, 각 알고리즘의 기본 개념을 이해하는 것이 중요합니다. 감독 학습에서는 입력 변수와 예측할 출력 변수를 기반으로 관계를 찾는 반면, 비감독 학습은 데이터의 패턴을 스스로 발견하게 합니다. 면접 준비 시, 알고리즘의 기본 원리와 예제를 명확히 이해하고, 다양한 문제에 맞는 알고리즘을 선택할 수 있는 능력을 기르는 것이 필요합니다.",LOGIC_DESIGN,live_coding,202.0,,
,https://www.youtube.com/watch?v=1t1_a1BZ04o,"면접에서 중요한 것은 문제를 단순화하고 접근하는 방법을 명확히 하는 것이다. 코드 작성을 시작하기 전에 문제를 이해하고, 조건을 정리하는 것이 중요하며, 이를 통해 긴장을 줄일 수 있다. 또한, 면접관에게 질문하며 대화를 이어가는 태도가 긍정적인 인상을 남길 수 있다.",LOGIC_DESIGN,live_coding,203.0,,
,https://www.youtube.com/watch?v=ajI9R-6saEk,"면접에서 성공하기 위해서는 단순히 코딩 능력만큼이나 비코딩 요소도 중요하다는 것을 명심하세요. 문제를 명확히 이해하고, 각 단계에서 진행 상황을 설명하며, 충분한 테스트를 통해 신뢰성을 보여주는 것이 필수적입니다. 마지막으로, 비코딩 요소를 통해 면접관과의 소통을 강화하는 것이 좋은 성과를 내는 열쇠입니다.",LOGIC_DESIGN,live_coding,204.0,,
,https://www.youtube.com/watch?v=DIR_rxusO8Q,"면접에서 기술 문제를 해결하는 데 도움이 되는 'ReactO 접근법'을 활용하세요. 질문을 반복하여 이해를 확실히 하고, 다양한 예제를 작성해 입력과 출력을 정리한 후, 접근 방법에 대해 설명하며 대화의 흐름을 유지하는 것이 중요합니다. 마지막으로, 코드를 구현하고 테스트한 후 최적화에 대해 이야기하면 면접관에게 긍정적인 인상을 줄 수 있습니다.",LOGIC_DESIGN,live_coding,205.0,,
,https://www.youtube.com/watch?v=ft0owvS5tQA,"면접 준비 시 가장 중요한 것은 자주 출제되는 문제 패턴을 이해하는 것입니다. 다이나믹 프로그래밍은 어렵게 여겨지지만 실제 면접에서 자주 등장하지 않으므로, 더 일반적인 데이터 구조와 알고리즘에 집중하는 것이 좋습니다. 예를 들어, 힙과 슬라이딩 윈도우 알고리즘은 빈번하게 사용되며, 이들을 잘 이해하면 문제 해결 능력을 크게 향상시킬 수 있습니다.",LOGIC_DESIGN,live_coding,206.0,,
,https://www.youtube.com/watch?v=L9TfZdODuFQ,"시스템 디자인 면접에서는 문제를 명확히 정의하고 범위를 좁히는 것이 중요합니다. 면접관과의 소통을 통해 요구사항을 명확히 하고, 비즈니스 목표에 맞는 비기능적 요구사항을 고려해야 합니다. 또한, 고수준의 시스템 아키텍처를 설계할 때는 기본 구성 요소를 정리하고, 이들이 어떻게 상호작용하는지를 설명하는 것이 핵심입니다.",LOGIC_DESIGN,live_coding,207.0,,
,https://www.youtube.com/watch?v=mBNrRy2_hVs,"다이나믹 프로그래밍의 핵심 패턴을 이해하는 것은 복잡한 문제를 해결하는 데 큰 도움이 됩니다. 특히 피보나치 수열과 같은 기본적인 예제를 통해 중복 계산을 피하고 효율성을 높이는 방법을 배울 수 있습니다. 면접 준비 시, 이러한 패턴을 숙지하고 관련 문제를 연습하는 것이 중요합니다.",LOGIC_DESIGN,live_coding,208.0,,
,https://www.youtube.com/watch?v=o-k7h2G3Gco,"시스템 디자인 면접에서 성공하기 위해서는 실전 연습이 필수입니다. 실제 앱과 서비스를 설계해보며 핵심 구성 요소와 상호작용을 시각적으로 정리하는 것이 중요합니다. 또한, 다양한 디자인 패턴의 장단점을 이해하고, 문제 해결 과정에서의 의사소통 능력을 강조하는 것이 면접에서의 성과를 결정짓는 핵심 요소입니다.",LOGIC_DESIGN,live_coding,209.0,,
,https://www.youtube.com/watch?v=exgYMdo8Vdk,"면접 준비 시 긍정적인 마음가짐을 가지는 것이 중요합니다. 아마존의 면접관들은 지원자가 성공하기를 바라며, 이를 통해 높은 기준의 인재를 채용하고자 합니다. 또한, 행동 질문에 대한 STAR 기법(상황, 과제, 행동, 결과)을 활용하여 체계적으로 대답하는 연습을 하는 것이 필요합니다.",LOGIC_DESIGN,live_coding,210.0,,
,https://www.youtube.com/watch?v=1qw5ITr3k9E,"면접에서 성공하기 위해서는 문제를 이해하고, 질문을 던지며, 솔루션을 최적화하는 능력을 보여줘야 합니다. 객체 지향 프로그래밍과 동적 프로그래밍을 활용하여 실제 문제를 해결하는 방법을 연습하는 것이 중요합니다. 또한, 코드 작성 시에는 실시간으로 결과를 확인할 수 있는 도구를 사용해 보며, 디자인과 알고리즘 문제를 시간 내에 해결하는 능력을 키우는 것이 좋습니다.",LOGIC_DESIGN,live_coding,211.0,,
,https://www.youtube.com/watch?v=0K_eZGS5NsU,"면접에서 파이썬을 사용할 때 유용한 팁은 다음과 같습니다. 첫째, 파이썬은 동적 타이핑 언어로, 변수의 타입을 명시할 필요 없이 자유롭게 재할당할 수 있습니다. 둘째, 조건문과 반복문을 사용할 때는 괄호 대신 들여쓰기를 이용해 블록을 구분하기 때문에 코드가 간결해집니다. 마지막으로, 면접 준비를 위해 neatcode.io와 같은 자원을 활용해 다양한 문제 풀이를 연습하는 것이 좋습니다.",LOGIC_DESIGN,live_coding,212.0,,
,https://www.youtube.com/watch?v=Z_c4byLrNBU,"면접 준비에 있어 배열과 문자열의 효율적 활용이 중요합니다. 배열은 인덱스 접근이 빠르지만 중간 삽입이나 삭제 시 성능이 저하되므로, 문제 해결 시 이러한 특성을 잘 이해하고 활용해야 합니다. 문자열은 불변성을 가지므로, 반복문에서 문자열을 연결할 때는 리스트를 사용해 최종적으로 합치는 방식이 더 효율적입니다.",LOGIC_DESIGN,live_coding,213.0,,
,https://www.youtube.com/watch?v=CtmBGH8MkX4,"시스템 설계 면접에서의 꿀팁은 다음과 같습니다. 첫째, 세부 사항에 너무 일찍 들어가지 마세요. 면접관과의 소통을 통해 피드백을 받고, 필요한 정보에 대해서만 상세히 설명하는 것이 중요합니다. 둘째, 고정된 아키텍처를 고집하지 말고, 요구 사항에 맞춰 유연하게 설계를 조정해야 합니다. 마지막으로, 간단함을 유지하세요. 복잡한 세부 사항에 얽매이지 않고 명확하고 간결한 접근 방식을 취하는 것이 좋습니다.",LOGIC_DESIGN,live_coding,214.0,,
,https://www.youtube.com/watch?v=paNwoBzpYto,"실전 면접 꿀팁: LLD(저수준 설계) 면접에서는 질문의 유형에 따라 요구사항 수집과 코딩 시간을 적절히 조절하는 것이 중요합니다. 좁은 범위의 질문은 코딩에 더 많은 시간을 할애하고, 넓은 범위의 질문은 요구사항을 깊게 탐구해야 합니다. 또한, 면접관의 기대를 파악하고 그에 맞춰 UML 다이어그램 및 코드 작성에 집중하는 커뮤니케이션 능력이 필수적입니다.",LOGIC_DESIGN,live_coding,215.0,,
,https://www.youtube.com/watch?v=SgWb6tWx3S8,"면접에서 레이트 리미터를 설계할 때, 사용자 요청을 특정 시간 내에 제한해 서비스 거부 공격을 방지하는 것이 중요합니다. 고유 식별자(예: IP 주소)를 기반으로 사용자를 차단하고, 차단 시 HTTP 429 상태 코드를 통해 사용자에게 알리는 것이 필요합니다. 레이트 리미팅 알고리즘으로는 토큰 버킷 방식이나 고정 시간 창 방식이 있으며, 각각의 장단점을 이해하고 상황에 맞게 조정하는 것이 중요합니다.",LOGIC_DESIGN,live_coding,216.0,,
,https://www.youtube.com/watch?v=GPIuPRqDGG8,"면접 준비 시, 문제를 단순히 푸는 것보다 다양한 해법을 학습하는 데 더 많은 시간을 투자하는 것이 중요합니다. 초기에 기초적인 문제를 해결하며 패턴을 인식하고, 면접 중에는 자신의 사고 과정을 잘 표현하여 면접관과의 소통을 유지해야 합니다. 또한, 다양한 플랫폼에서 실제 면접과 유사한 환경에서 연습하여 경험을 쌓는 것이 필수적입니다.",LOGIC_DESIGN,live_coding,217.0,,
,https://www.youtube.com/watch?v=OhCp6ppX6bg,"실전 면접에서 저수준 설계(LLD) 준비는 필수입니다. LLD는 시스템 디자인과 다르게 구현 세부 사항에 집중하며, 객체 지향 프로그래밍에 대한 이해가 필요합니다. UML 다이어그램을 활용해 클래스와 객체 간의 관계를 시각적으로 표현하는 것도 중요하니, 관련 자료를 활용해 철저히 준비하세요.",LOGIC_DESIGN,live_coding,218.0,,
,https://www.youtube.com/watch?v=FS_M3s2BL8M,"아키텍처 다이어그램을 그릴 때, 먼저 전달하고자 하는 메시지를 명확히 해야 합니다. 청중의 이해도를 고려하여 정보를 적절히 조절하고, 한 번의 다이어그램으로 모든 것을 설명하려 하지 말고 필요한 경우 여러 개의 다이어그램을 사용해 단계적으로 설명하세요. 이렇게 하면 더 효과적으로 이야기를 전달하고 질문에 대답할 수 있는 기반이 마련됩니다.",LOGIC_DESIGN,live_coding,219.0,,
,https://www.youtube.com/watch?v=2qlcY9LkFik,"소프트웨어 개발에서 성공하기 위해서는 명확한 소통, 철저한 계획, 그리고 문서화가 필수적입니다. 애자일 방식론에 따라, 계획은 실행과 테스트와 함께 진행되어야 하며, 문서는 아이디어가 구체화되는 첫 단계입니다. 따라서 기능 요구사항과 비기능 요구사항을 명확히 정의하여 제품의 목표를 달성하는 것이 중요합니다.",LOGIC_DESIGN,live_coding,220.0,,
,https://www.youtube.com/watch?v=d7Rxw6_zbIc,"면접에서 중요한 점은 문제 해결 능력을 보여주는 것입니다. 실시간 스트리밍과 관련된 문제를 해결하는 과정에서, 코드와 관련된 다양한 도구 및 기술 스택을 활용하는 것이 중요합니다. 또한, 팀 내에서의 협업과 문서화는 엔터프라이즈 환경에서의 효율성을 높이는 핵심 요소입니다.",LOGIC_DESIGN,live_coding,221.0,,
,https://www.youtube.com/watch?v=8AefOzR3Ryk,"면접에서 C4 모델링 기법을 활용하여 시스템 아키텍처를 명확하게 설명하는 것이 중요합니다. 실제로 현대 웹 애플리케이션의 구조를 시각화하는 데 강력한 도구임을 강조하며, 적절한 다이어그램 사용이 면접관에게 좋은 인상을 줄 수 있습니다. 또한, 스트리밍 중 발생할 수 있는 기술적 문제를 미리 대비하여 원활한 진행을 도모하는 것이 필요합니다.",LOGIC_DESIGN,live_coding,222.0,,
,https://www.youtube.com/watch?v=i7twT3x5yv8,"면접에서 효과적인 시스템 디자인을 위해 구조적인 접근이 필요합니다. 문제를 명확히 이해하고, 우선순위에 따라 기능을 정리한 후, 비기능적 요구사항도 함께 고려해야 합니다. 각 단계에 따른 시간 배분을 통해 인터뷰 중 집중력을 유지하고, 면접관과의 합의점을 찾아가는 것이 중요합니다.",LOGIC_DESIGN,live_coding,223.0,,
,https://www.youtube.com/watch?v=ft0owvS5tQA,"개발자 면접에서 가장 자주 등장하는 주제 중 여섯 가지를 집중적으로 학습하는 것이 중요합니다. 특히, 동적 프로그래밍은 자주 출제되지 않으므로 시간을 더 효율적으로 투자할 수 있습니다. 또한, 힙(Heap)과 슬라이딩 윈도우(Sliding Window) 같은 데이터 구조와 알고리즘을 이해하고 활용하는 능력이 면접에서 큰 도움이 될 것입니다.",LOGIC_DESIGN,live_coding,224.0,,
,https://www.youtube.com/watch?v=m8Icp_Cid5o,"시스템 디자인 과정에서는 대규모 분산 시스템을 구축하기 위한 기본 엔지니어링 디자인 패턴을 배울 수 있습니다. 면접 준비 시, 이러한 디자인 패턴을 이해하고 이를 실제 문제 해결에 적용하는 능력을 강조하는 것이 중요합니다. 특히, 퍼블리셔-구독자 모델과 같은 일반적인 솔루션을 알고 있으면 복잡한 요구사항을 효과적으로 기술적 해결책으로 전환할 수 있습니다.",LOGIC_DESIGN,live_coding,225.0,,
,https://www.youtube.com/watch?v=QHdJscEpxaU,"프로그래밍은 복잡한 문제를 단순한 기본 요소로 나누어 해결하는 '첫 번째 원칙 사고'가 필요합니다. 면접 준비 시, 빠른 사고를 지양하고 느리게 깊이 생각하는 연습을 통해 더 나은 문제 해결 능력을 기르는 것이 중요합니다. 또한, 코딩에서 수학적 사고를 활용하는 것을 두려워하지 말고, 문제를 처음부터 끝까지 직접 풀어보는 연습을 통해 자신감을 키우세요.",THINK_ALOUD,live_coding,226.0,,
,https://www.youtube.com/watch?v=iETEhotVPt4,"면접에서 코딩 문제를 해결할 때는 먼저 문제를 이해하고 알고리즘을 구상하는 것이 중요합니다. 코드 작성에 바로 들어가기보다는, 각 문자를 반복하여 처리하는 방식을 생각해보는 것이 좋습니다. 문제를 해결하는 과정에서 시행착오를 겪더라도, 이를 통해 더 나은 솔루션을 찾을 수 있다는 점을 기억하세요.",THINK_ALOUD,live_coding,227.0,,
,https://www.youtube.com/watch?v=0siE31sqz0Q,"면접에서 좋은 인상을 남기기 위해서는 자신에 대한 이야기를 준비하는 것이 중요합니다. 특히 '자기소개'와 같은 기본 질문에 대한 답변을 미리 생각해 두면 면접관과의 신뢰를 쌓는 데 도움이 됩니다. 또한, 자신의 경험과 감정을 담은 이야기를 통해 지원하는 직무와 연결짓는 것이 효과적입니다.",THINK_ALOUD,live_coding,228.0,,
,https://www.youtube.com/watch?v=JXYZCk0BauM,"면접에서 문제를 처음 접할 때는 문제를 잘 이해하고 접근 방식을 명확히 하는 것이 중요합니다. 그래프 문제를 다룰 때는 복잡한 알고리즘을 사용하기보다는 간단한 접근법을 통해 해결할 수 있는지 고민해보세요. 또한, 해시맵을 활용하여 도시의 경로를 기록하는 것이 효율적인 방법이 될 수 있습니다.",THINK_ALOUD,live_coding,229.0,,
,https://www.youtube.com/watch?v=1m7qNm23auA,"면접에서 코딩 문제를 다룰 때, 문제를 명확히 이해하고 핵심 정보를 정리하는 것이 중요합니다. 예를 들어, 주어진 전화번호 문자열에서 공백과 대시를 제거한 후, 숫자를 적절한 블록으로 그룹화하는 방법을 고민해야 합니다. 또한, 단순한 해결책(브루트 포스)을 먼저 적용해 보고, 이후에 최적화된 접근 방식을 탐구하는 것이 효과적입니다.",THINK_ALOUD,live_coding,230.0,,
,https://www.youtube.com/watch?v=HlWW4tq34i8,"면접에서 성공적인 코딩 문제 해결을 위해서는 다음과 같은 꿀팁을 기억하세요. 먼저, 문제를 이해하고 접근 방식을 세우기 전에 시간을 정해두고 시작하는 것이 도움이 됩니다. 또한, 코드 작성 시에는 서두르지 말고 각 단계를 차근차근 검토하며, 필요할 경우 이전 접근 방식을 돌아보는 것도 중요합니다.",THINK_ALOUD,live_coding,231.0,,
,https://www.youtube.com/watch?v=nAX4hW4fl0w,"면접에서는 문제를 처음 접했을 때의 접근 방식이 중요합니다. BFS(너비 우선 탐색)를 활용하여 최단 경로를 찾는 것이 효과적이며, 문제를 해결하기 위해 각 상태(발견, 처리 등)를 명확히 추적해야 합니다. 또한, 경로를 찾지 못한 경우 -1을 반환해야 한다는 점을 잊지 말아야 합니다.",THINK_ALOUD,live_coding,232.0,,
,https://www.youtube.com/watch?v=AclFRChBF8Y,"면접에서 효과적으로 문제를 해결하기 위해서는, 문제를 먼저 이해하고 접근하는 과정을 명확히 정리하는 것이 중요합니다. 예를 들어, N-퀸 문제와 같은 복잡한 문제에서는 가능한 모든 배치를 고려하고, 제한 조건을 잘 파악해야 합니다. 또한, 주석을 활용하여 코드의 흐름을 쉽게 이해할 수 있도록 하는 것이 좋은 습관입니다.",THINK_ALOUD,live_coding,233.0,,
,https://www.youtube.com/watch?v=JLmECcpR2Yo,"면접에서 코딩 문제를 해결할 때는 문제를 처음 접했을 때의 접근 방식을 기록하는 것이 중요합니다. 최적의 솔루션을 찾지 못하더라도, 자신의 실수를 분석하고 학습하는 과정에서 많은 것을 배울 수 있습니다. 또한, 문제를 해결할 때는 작은 예제부터 시작하고, 각 턴의 점수를 계산하는 로직을 명확히 하여 쉽게 구현할 수 있도록 해야 합니다.",THINK_ALOUD,live_coding,234.0,,
,https://www.youtube.com/watch?v=7A4mNAr6c68,"면접에서 잘못된 신호를 인지하는 것이 중요합니다. 질문이 점점 쉬워지거나 면접이 일찍 끝나면 관심이 낮다는 신호일 수 있으며, 후속 질문이 많으면 기대 이하의 답변을 한 걸 의미할 수 있습니다. 면접 후 1~2일 내에 연락이 없으면 긍정적인 반응이 아니라는 뜻일 수 있으니, 이를 바탕으로 다음 면접을 준비하며 개선점을 찾는 것이 좋습니다.",THINK_ALOUD,live_coding,235.0,,
,https://www.youtube.com/watch?v=eza-l-kBK40,"면접에서 성공하기 위해서는 개인적인 정보나 지나치게 긴 답변을 피하는 것이 중요합니다. 특히, 면접관에게 너무 많은 개인적인 이야기를 나누면 감정적 지능이 부족하다는 인상을 줄 수 있으며, 이는 직무 수행 능력과 연결될 수 있습니다. 또한, 현재 직장을 떠나는 이유에 대해서도 솔직하게 말하되, 부정적인 인상이나 편견을 주지 않도록 주의해야 합니다.",THINK_ALOUD,live_coding,236.0,,
,https://www.youtube.com/watch?v=rrdqCiXdQrg,"면접 불안 극복을 위해 다음 세 가지 팁을 기억하세요. 첫째, 불안의 원인을 정리하고 통제 가능한 부분을 파악하세요. 둘째, 면접을 '미팅'으로 생각하여 긴장을 줄이세요. 마지막으로, 면접 중에는 천천히 말하며 긴장을 완화하는 것이 중요합니다.",THINK_ALOUD,live_coding,237.0,,
,https://www.youtube.com/watch?v=rfkylmWK8G8,"면접에서 문제 해결 질문에 잘 답하기 위해 STAR 기법(Situation, Task, Action, Result)을 활용하세요. 이 기법은 상황을 명확히 설명하고, 수행해야 할 작업을 정의한 후, 자신이 취한 행동과 그 결과를 체계적으로 전달하는 데 도움이 됩니다. 또한, 실제 경험을 바탕으로 구체적인 사례를 들어 답변하면 면접관에게 신뢰를 줄 수 있습니다.",THINK_ALOUD,live_coding,238.0,,
,https://www.youtube.com/watch?v=USGud2cinco,"케이스 인터뷰는 실제 컨설턴트가 직면하는 문제 해결 과정을 시뮬레이션한 면접 형식으로, 문제 해결 능력, 커뮤니케이션, 분석적 사고 등을 평가하는 데 적합합니다. 면접 준비를 위해 실제 사례를 분석하고, 문제의 맥락을 이해하며, 데이터나 그래프를 활용하여 적절한 솔루션을 제시하는 연습이 중요합니다. 특히, 수익성, 시장 진입, 인수합병, 가격 책정 등의 다양한 문제 유형을 준비하면, 면접에서 차별화된 성과를 낼 수 있습니다.",THINK_ALOUD,live_coding,239.0,,
,https://www.youtube.com/watch?v=dNtks5NfUwc,"면접에서 성공하기 위한 몇 가지 팁은 다음과 같습니다. 첫째, 질문을 듣고 중요한 포인트를 메모하면서 적극적으로 경청하세요. 둘째, 답변하기 전에 명확한 질문을 던져 면접관의 기대를 파악하고, 셋째, 답변하기 전에 잠시 멈추고 생각하는 시간을 가지세요. 이러한 준비 과정은 더 명확하고 구조적인 답변을 제공하는 데 도움이 됩니다.",THINK_ALOUD,live_coding,240.0,,
,https://www.youtube.com/watch?v=U_fOHHBLv8k,"면접에서 협업과 문제 해결 능력을 평가받는 것은 매우 중요합니다. 특히, 다른 사람과의 협력이 요구되는 과제가 어려움을 주는 경우가 많으니, 파트너와의 소통에 집중하고 각자의 화면 상태를 이해하며 협업하는 연습이 필요합니다. 마지막으로, 21세기 직무에 필요한 비판적 사고와 의사결정 능력을 키우기 위한 다양한 프로젝트와 경험이 중요하다는 점을 잊지 마세요.",THINK_ALOUD,live_coding,241.0,,
,https://www.youtube.com/watch?v=uQnCZTjOrjg,"실전 면접에서의 핵심 포인트는 갈등이 있는 제품 요구사항을 해결하는 방법입니다. 팀 간의 목표가 다를 때, 경험과 성장을 조화롭게 고려하고, 문제를 명확히 전달하여 상위 레벨에서 결정을 내리도록 하는 것이 중요합니다. 이러한 에스컬레이션 과정을 통해 최종적으로 제품의 품질을 높이고 사용자 경험을 개선할 수 있습니다.",THINK_ALOUD,live_coding,242.0,,
,https://www.youtube.com/watch?v=0siE31sqz0Q,"면접에서 성공하기 위해서는 철저한 준비가 필수입니다. 가장 일반적인 질문인 '자기소개'에 대해 미리 준비하고, 자신의 이야기를 통해 면접관과의 유대감을 형성하는 것이 중요합니다. 또한, 기술적 능력뿐만 아니라 인성적인 면을 드러낼 수 있는 경험담을 공유하면 더 긍정적인 인상을 줄 수 있습니다.",THINK_ALOUD,live_coding,243.0,,
,https://www.youtube.com/watch?v=NA5_WyR6xYM,"면접에서 자신감을 가지는 것이 중요합니다. 면접 전에 긍정적인 자기 대화를 통해 자신을 지지하고, 성공적인 경험을 떠올려 마음을 다스리는 것이 필요합니다. 또한, 전문가로서의 시각을 가지고, 요구사항에 부합하는 자신만의 가치를 어필하는 것이 면접 성공의 열쇠입니다.",THINK_ALOUD,live_coding,244.0,,
,https://www.youtube.com/watch?v=PzGwYzVHp-0,"패널 면접에서 인상 깊은 모습을 보이기 위해서는 준비가 중요합니다. 면접관과의 첫 만남에서 각 면접관과 악수하고, 각자에게 이력서를 제공하는 것이 자신감을 높이는 데 도움이 됩니다. 또한 '자기소개', '왜 우리 회사에 지원했는지', '왜 당신을 채용해야 하는지'와 같은 질문에 대한 답변을 미리 준비하여 자신감 있게 대답하는 것이 필수적입니다.",THINK_ALOUD,live_coding,245.0,,
,https://www.youtube.com/watch?v=9bYtcbTmL-0,"면접 준비에서 완벽한 답변을 외우는 것만으로는 성공할 수 없습니다. 인터뷰 과정의 구조를 이해하고 주도적으로 접근해야 하며, 지원서 작성 시 채용 담당자에게 직접 메시지를 보내는 등의 5-10%의 추가 노력이 차별화된 결과를 가져올 수 있습니다. 면접관의 바쁜 일정을 고려하여 자신이 평균 이상의 후보자임을 효과적으로 보여주는 것이 중요합니다.",THINK_ALOUD,live_coding,246.0,,
,https://www.youtube.com/watch?v=ZMByWenSRdI,"면접에서 성공 확률을 높이기 위한 10가지 효과적인 발언을 준비하는 것이 중요합니다. 첫째, 면접 시작 시 감사 인사를 통해 좋은 인상을 남기고, 둘째, 회사에 대한 열정과 장기 근무 의지를 강조하세요. 셋째, 직무 설명서를 읽고 요구하는 기술과 경험이 있음을 언급하면 채용 담당자에게 긍정적인 영향을 미칠 수 있습니다.",THINK_ALOUD,live_coding,247.0,,
,https://www.youtube.com/watch?v=0Is871FysC8,"최종 면접은 단순한 형식이 아니며, 철저한 준비가 필요합니다. 면접 전에 회사에 대한 깊이 있는 연구를 통해 지원 동기를 명확히 하고, 이력서 및 추천서를 준비하여 전문성을 강조하세요. 또한, 최종 면접에서도 프로페셔널한 복장과 태도를 유지하는 것이 중요합니다.",THINK_ALOUD,live_coding,248.0,,
,https://www.youtube.com/watch?v=PpbhaVjV2QI,"온라인 면접 준비 시, 면접 소프트웨어를 최소 24시간 전에 다운로드하고 테스트하여 익숙해지는 것이 중요합니다. 또한, 면접 시작 10분 전에는 미리 로그인하여 마음을 가다듬는 시간을 가지세요. 면접 장소는 강력한 인터넷 연결이 가능한 조용한 곳을 선택하고, 조명이 본인 앞쪽에서 비추도록 설정하여 면접관이 잘 볼 수 있도록 해야 합니다. 면접에서는 전문적인 복장을 착용하고, 카메라를 바라보며 대화하는 연습을 통해 면접관과의 신뢰를 구축하는 것이 필요합니다.",THINK_ALOUD,live_coding,249.0,,
,https://www.youtube.com/watch?v=P3l0zFqCSIc,"면접을 성공적으로 진행하기 위해서는 세 가지 주요 단계를 기억하세요. 첫째, 지원자에게 적합한 질문을 통해 그들의 능력과 인성을 파악해야 합니다. 둘째, 지원자에게 회사와 직무의 매력을 잘 전달하여 그들이 관심을 가질 수 있도록 해야 하며, 마지막으로 지원자가 궁금한 점을 물어볼 수 있는 시간을 충분히 제공하여 면접을 쌍방향으로 진행하세요.",THINK_ALOUD,live_coding,250.0,,
,https://www.youtube.com/watch?v=u8vDZZa-88Y,"구글 GCA 면접은 지원자의 미래 잠재력을 평가하는 데 중점을 둡니다. 면접에서는 복잡한 문제를 단순화하고, 가정할 수 있는 능력, 그리고 정보를 종합하여 합리적인 해결책을 제시하는 것이 중요합니다. 따라서, 면접 준비 시에는 창의적이고 큰 사고를 통해 문제를 해결할 수 있는 능력을 강조하는 것이 좋습니다.",THINK_ALOUD,live_coding,251.0,,
,https://www.youtube.com/watch?v=fYHR0KgnGHU,"면접에서 성공하기 위해서는 질문에 대해 깊이 들어가기 전에 명확히 파악하는 것이 중요합니다. 질문이 모호할 경우, 자신의 경험을 간단히 요약하고 나서 면접관에게 구체적으로 어떤 정보를 원하는지 물어보세요. 이렇게 하면 면접관이 기대하는 답변을 제공할 수 있으며, 대화의 흐름을 자연스럽게 이끌어갈 수 있습니다.",THINK_ALOUD,live_coding,252.0,,
,https://www.youtube.com/watch?v=0siE31sqz0Q,"면접에서 성공하기 위한 핵심은 사전 준비와 인맥 형성이다. 흔히 나오는 질문들, 예를 들어 ""자기소개를 해 주세요""와 같은 질문에 대한 답변을 미리 준비하는 것이 중요하다. 개인적인 이야기를 통해 면접관과의 관계를 구축하면 더 좋은 인상을 남길 수 있다.",THINK_ALOUD,live_coding,253.0,,
,https://www.youtube.com/watch?v=ZU9x1vFx5lI,"면접 준비의 첫 번째 팁은 철저한 사전 조사입니다. 지원하는 회사와 직무에 대한 정보를 충분히 수집하고, 면접관과의 개인적 연관성을 찾아보는 것이 중요합니다. 다음으로, 자신의 강점을 이야기할 수 있는 compelling story를 준비하여, 면접에서 자연스럽게 자신의 경험과 가치를 전달하세요.",THINK_ALOUD,live_coding,254.0,,
,https://www.youtube.com/watch?v=R_dxlajqA4s,"면접에서 자신을 소개할 때는 단순히 이력서를 반복하기보다는, 자신의 이야기를 통해 지원자로서의 정체성을 잘 드러내는 것이 중요합니다. 또한, 약점을 이야기할 때는 진솔하면서도 직무에 해가 되지 않는 내용을 선택하고, 이를 어떻게 극복하는지를 설명하는 3단계 접근 방식을 따르는 것이 좋습니다. 마지막으로, 구체적인 성취 사례를 제시하여 자신의 성장 과정을 보여주는 것이 면접관에게 긍정적인 인상을 줄 수 있습니다.",THINK_ALOUD,live_coding,255.0,,
,https://www.youtube.com/watch?v=-JNjsOX0N0c,"면접에서 성공하기 위해서는 작은 대화로 분위기를 부드럽게 만들고, 면접관의 질문에 간결하게 대답하는 것이 중요합니다. 특히 '자기소개' 질문에서는 학력과 경력에 집중해 자신의 경험을 효과적으로 전달하는 연습을 해야 합니다. 면접 준비 시에는 자신의 대답을 녹화해보고, 개선할 부분을 찾아 반복 연습하는 것이 큰 도움이 됩니다.",THINK_ALOUD,live_coding,256.0,,
,https://www.youtube.com/watch?v=P1fnGEgu-_Y,"면접 준비에서 가장 중요한 것은 실제 상황을 가정한 모의 면접을 통해 연습하는 것입니다. 다양한 질문 유형에 익숙해지고, 피드백을 통해 자신의 약점을 파악하는 것이 필수적입니다. 또한, 온라인 자원과 프로그램을 활용하여 지속적으로 준비하고, 필요한 경우 전문가의 도움을 받는 것을 추천합니다.",THINK_ALOUD,live_coding,257.0,,
,https://www.youtube.com/watch?v=MUj-UaHrHS8,"면접 준비 시, 자신의 전공 분야를 잘 이해하고 관련된 흥미로운 주제를 자연스럽게 이야기하는 것이 중요합니다. 또한, 일상적인 루틴을 유지하며 자신에게 맞는 방법으로 하루를 시작하는 것이 면접에서 좋은 인상을 줄 수 있습니다. 마지막으로, 자신이 추천하고 싶은 장소나 활동에 대해 구체적이고 생생하게 설명하면 면접관의 관심을 끌기 좋습니다.",THINK_ALOUD,live_coding,258.0,,
,https://www.youtube.com/watch?v=1t1_a1BZ04o,"면접에서 긴장감을 줄이고 문제를 효과적으로 해결하는 방법은 다음과 같습니다. 먼저, 복잡한 문제를 단순화하여 조건을 명확히 하고, 필요시 흐름도를 사용하거나 의사 코드로 접근하세요. 마지막으로, 코드를 작성하기 전 문제를 충분히 이해하고 질문을 통해 면접관과 소통하는 것이 중요합니다.",THINK_ALOUD,live_coding,259.0,,
,https://www.youtube.com/watch?v=tgSe27eoBG0,"면접에서 성공하기 위한 핵심 팁은 실전 경험을 바탕으로 준비하는 것입니다. 시스템 디자인 인터뷰는 사용자 중심의 제품 설계와 인프라 설계 질문으로 나뉘며, 중급 개발자는 주로 제품 설계 질문을 받을 가능성이 높습니다. 따라서 자주 출제되는 주제에 대해 미리 연구하고 준비하는 것이 중요합니다.",THINK_ALOUD,live_coding,260.0,,
,https://www.youtube.com/watch?v=tZY_y4XUj1A,"면접에서 자신감을 가지고 소통하는 것이 중요합니다. 긴장감을 극복하기 위해 면접관에게 감사를 표하며 시작하는 것이 좋습니다. 또한, 자신의 경험과 강점을 명확하게 전달하고, 상대방의 관심을 끌 수 있는 흥미로운 이야기나 활동을 준비하는 것이 도움이 됩니다.",THINK_ALOUD,live_coding,261.0,,
,https://www.youtube.com/watch?v=WLBcmyNaeKc,"코딩 면접에서 막힐 경우, 자신의 사고 과정을 면접관에게 소리 내어 반복하는 것이 큰 도움이 됩니다. 문제의 요구사항, 엣지 케이스, 고려했던 접근 방법 등을 자세히 설명하면 새로운 통찰을 얻을 수 있습니다. 준비가 되어 있더라도 막힐 수 있으니, 자신감을 잃지 말고 적극적으로 대화하세요.",CRISIS_MGMT,live_coding,262.0,,
,https://www.youtube.com/watch?v=b6sgd9kUIos,"면접에서의 긴장감으로 인한 '브레인 프리즈'를 극복하는 것이 중요합니다. 과도한 스트레스는 인지능력을 저하시켜 면접 성과에 부정적인 영향을 미치므로, 이를 관리하는 방법을 익혀야 합니다. 심호흡이나 간단한 준비 운동 등으로 긴장을 완화하는 연습을 통해 좋은 성과를 낼 수 있는 환경을 조성하세요.",CRISIS_MGMT,live_coding,263.0,,
,https://www.youtube.com/watch?v=QSVrjXLyOVI,"면접 준비 시, 급박한 질문에 휘둘리지 않고 잠시 멈춰서 깊게 생각한 후 대답하는 것이 중요합니다. 또한, 면접관과의 대화에서 자신의 의견을 존중받기 위해 적절한 반론을 준비하는 것도 필요합니다. 마지막으로, 충분한 수면과 에너지 관리를 통해 면접 당일 최상의 컨디션을 유지하는 것이 성공적인 면접에 큰 도움이 됩니다.",CRISIS_MGMT,live_coding,264.0,,
,https://www.youtube.com/watch?v=8wysIxzqgPI,"면접 준비를 위해서는 기초적인 데이터 구조와 알고리즘을 충분히 이해하고, 문제를 푸는 순서를 신중하게 정하는 것이 중요합니다. 매일 한두 개의 문제를 꾸준히 푸는 것이 단기 집중보다 더 효과적이며, 자신이 해결할 수 있는 시간을 정해놓고 연습하는 것이 필요합니다. 또한, 문제를 해결하는 과정에서 언어 선택이 중요하며, Python과 같은 간결한 언어가 유리할 수 있습니다.",CRISIS_MGMT,live_coding,265.0,,
,https://www.youtube.com/watch?v=nac0ekXBqcg,"면접은 긴장감을 유발할 수 있는 경험입니다. 첫 번째 팁은 각 질문에 대해 마치 그 질문이 유일한 질문인 것처럼 철저하게 대답하는 것입니다. 이렇게 하면 긴장을 줄이고 답변의 구체성을 높일 수 있습니다. 또한, 불필요한 세부사항에 빠지지 않도록 주의하면서 핵심 정보를 전달하는 것이 중요합니다.",CRISIS_MGMT,live_coding,266.0,,
,https://www.youtube.com/watch?v=0w6cK9Wjx90,"면접에서 ""어려운 상황을 어떻게 처리했나요?""라는 질문은 매우 자주 나옵니다. 이 질문에 답할 때는 STAR 기법(상황, 임무, 행동, 결과)을 활용하여 구체적인 사례를 통해 문제 해결 능력을 보여주는 것이 중요합니다. 또한, 긍정적인 결과를 강조하여 면접관에게 자신이 신뢰할 수 있는 직원임을 어필하는 것이 좋습니다.",CRISIS_MGMT,live_coding,267.0,,
,https://www.youtube.com/watch?v=ngaNPNytv0E,"팀원 중 성과가 저조한 구성원을 다루는 것은 관리자가 직면하는 큰 도전 중 하나입니다. 문제를 무시하지 않고 조기에 대화하여 성과 저조의 원인을 파악하는 것이 중요하며, 구체적인 사례를 통해 피드백을 제공해야 합니다. 이러한 대화를 통해 문제를 이해하고, 직원이 발전할 수 있도록 지원하는 것이 팀 전체에 긍정적인 영향을 미칠 것입니다.",CRISIS_MGMT,live_coding,268.0,,
,https://www.youtube.com/watch?v=HM7nbwSNZpc,"면접에서 성공을 위한 강력한 팁은 면접이 끝날 무렵 ""저에게 이 일 주세요""라는 다섯 마디를 직접 요청하는 것입니다. 대부분의 지원자들이 이 요청을 하지 않지만, 면접관들은 지원자가 그 직무를 간절히 원한다는 신호로 받아들여 긍정적인 반응을 보일 수 있습니다. 단, 이 요청은 면접관과의 rapport(상호 신뢰 관계)를 형성한 후에 해야 하며, 자신의 가치를 충분히 보여줘야 효과적입니다.",CRISIS_MGMT,live_coding,269.0,,
,https://www.youtube.com/watch?v=qMiepo_sM3Y,"내부 면접을 준비하면서 다음의 세 가지 팁을 기억하세요. 첫째, 면접 전에 팀과의 사전 대화를 통해 관계를 구축하고 정보를 얻는 것이 중요합니다. 둘째, 내부 지원자라고 해서 준비를 소홀히 하지 말고, 외부 면접처럼 철저히 준비하세요. 셋째, 자신의 경험을 구체적으로 설명해 다른 지원자들에게 자신을 효과적으로 어필해야 합니다.",CRISIS_MGMT,live_coding,270.0,,
,https://www.youtube.com/watch?v=JkHOvJa4_hc,"면접에서 STAR 기법을 활용하는 것은 매우 중요한 전략입니다. STAR는 상황(Situation), 업무(Task), 행동(Action), 결과(Result)를 포함한 답변 방식으로, 면접관이 원하는 구체적인 사례를 제시하는 데 유용합니다. 면접 시에는 가상의 상황이 아닌 실제 경험을 바탕으로 답변해야 하며, 이를 통해 더 기억에 남는 대답을 만들어낼 수 있습니다.",CRISIS_MGMT,live_coding,271.0,,
,https://www.youtube.com/watch?v=PzGwYzVHp-0,"패널 면접에서 인상 깊은 모습을 보이려면, 먼저 면접관들과의 신체 접촉을 통해 자신감을 보여주는 것이 중요합니다. 자기소개나 ""왜 우리 회사에서 일하고 싶은가?""와 같은 질문에 대한 답변을 명확하고 자신감 있게 준비하세요. 마지막으로, 면접관의 이름을 미리 알아두고, 질문이 있을 때는 항상 적극적으로 대답하는 태도를 유지하는 것이 좋습니다.",CRISIS_MGMT,live_coding,272.0,,
,https://www.youtube.com/watch?v=fKDnamEANs8,"면접 후 연락하는 방법에 대한 팁을 강조합니다. 면접 후 5일이 지나도 소식이 없다면, 정중하고 문법적으로 정확한 이메일을 보내는 것이 중요합니다. 이메일 제목은 ""면접에 대한 감사""로 시작하고, 면접 날짜와 함께 감사의 뜻을 전하며, 추가 정보 제공을 제안하는 내용을 포함해야 합니다.",CRISIS_MGMT,live_coding,273.0,,
,https://www.youtube.com/watch?v=JJkWemM03Lg,"면접에서 알고리즘과 데이터 구조의 중요성을 강조하세요. 기업들은 이 두 가지를 통해 문제 해결 능력을 평가하므로, 이에 대한 깊은 이해가 필요합니다. 또한, 알고리즘을 배우는 과정에서 흥미를 느끼는 것이 학습의 가장 큰 동기부여가 될 수 있습니다.",CRISIS_MGMT,live_coding,274.0,,
,https://www.youtube.com/watch?v=1t1_a1BZ04o,"개발자 면접에서 중요한 점은 문제를 단순화하고 명확하게 접근하는 것입니다. 복잡한 코드 작성에 대한 두려움을 버리고, 먼저 문제를 이해하고 조건을 정리한 후에 이를 기반으로 코드를 작성하는 것이 효과적입니다. 또한, 면접관에게 질문을 하며 소통하는 것이 자신감을 높이고 긍정적인 인상을 줄 수 있습니다.",CRISIS_MGMT,live_coding,275.0,,
,https://www.youtube.com/watch?v=ajI9R-6saEk,"면접에서 성공하기 위해서는 코딩 스킬뿐만 아니라 소통 능력도 중요하다는 점을 명심해야 합니다. 문제를 명확히 이해하고, 각 단계에서 자신의 생각을 잘 설명하며, 테스트와 복잡도 분석을 통해 면접관에게 신뢰를 줄 필요가 있습니다. 기본적인 자료구조와 알고리즘 이해는 필수이며, 비코딩 요소를 잘 활용하면 면접에서 더 좋은 성과를 낼 수 있습니다.",CRISIS_MGMT,live_coding,276.0,,
,https://www.youtube.com/watch?v=Q4C3ZRJLnac,"코딩 면접에서 성공하기 위한 중요한 팁은 다음과 같습니다. 첫째, 문제를 반복해서 명확히 이해하고, 이를 통해 생각할 시간을 벌어야 합니다. 둘째, 가정이나 의문점을 명확히 하여 면접관과의 소통을 원활히 하고, 문제 해결에 필요한 도구를 파악하는 것이 중요합니다. 이러한 과정을 통해 문제를 다르게 바라보고 해결책을 찾는 데 도움이 됩니다.",CRISIS_MGMT,live_coding,277.0,,
,https://www.youtube.com/watch?v=roanIWKtGMY,"면접에서 복잡한 문제에 직면했을 때는 너무 오랜 시간 고민하기보다는 솔루션을 참고하는 것도 괜찮다는 점을 기억하세요. 문제를 해결하는 방법을 이해하는 것뿐만 아니라, 그 해결책의 동기를 파악하는 것이 중요합니다. 결국, 알고리즘을 아는 것도 필요하지만, 그 이상으로 왜 그런 접근을 해야 하는지를 고민하는 것이 실력을 향상시키는 데 도움이 됩니다.",CRISIS_MGMT,live_coding,278.0,,
,https://www.youtube.com/watch?v=r4TgqWbKRtA,"프로그래밍 면접에서 가장 중요한 것은 문제 해결 능력입니다. 복잡한 문제를 작은 단위로 나누어 접근하고, 효과적으로 해결책을 제시하는 것이 면접관에게 큰 인상을 줄 수 있습니다. 또한, Algo Expert와 같은 플랫폼을 활용해 다양한 문제를 연습하고, 인터페이스를 통해 코드를 작성하고 테스트하는 것이 실력을 향상시키는 데 도움이 됩니다.",CRISIS_MGMT,live_coding,279.0,,
,https://www.youtube.com/watch?v=GPIuPRqDGG8,"코딩 인터뷰 준비를 위해서는 문제를 푸는 것보다 먼저 해답을 학습하여 주제에 대한 직관을 기르는 것이 중요합니다. 인터뷰에서는 자신의 생각 과정을 공유하고 면접관과 소통하며 문제를 해결하는 것처럼 행동하는 것이 필요합니다. 또한, 기초적인 문제를 충분히 연습한 후, 실제 인터뷰와 유사한 환경에서 문제를 풀어보는 것이 효과적입니다.",CRISIS_MGMT,live_coding,280.0,,
,https://www.youtube.com/watch?v=OTNe0eV8418,"면접에서 성공하기 위해서는 리드코드 문제를 단순히 많이 푸는 것보다 체계적인 접근 방식이 중요합니다. 문제를 단순화하고 입력과 출력을 명확히 이해한 후, 엣지 케이스에 대한 질문을 통해 문제를 깊이 파악하세요. 마지막으로, 알고리즘과 자료구조에 대한 이해를 바탕으로 패턴을 인식하고, 가장 간단한 솔루션부터 설명하는 연습을 통해 더 나은 해결책을 찾는 것이 핵심입니다.",CRISIS_MGMT,live_coding,281.0,,
,https://www.youtube.com/watch?v=urrv-iq42WM,"코딩 면접에서 성공하려면 알고리즘 지식보다 문제 해결 과정과 의사소통 능력을 강조해야 합니다. 지원자는 명확한 질문을 통해 문제를 분석하고, 자신의 생각을 잘 설명하며, 코드 구조를 깔끔하게 유지하는 것이 중요합니다. 면접은 단순한 코딩 테스트가 아닌, 협업적 문제 해결 과정으로 접근해야 하며, 심리적 압박을 관리하는 것도 큰 도움이 됩니다.",CRISIS_MGMT,live_coding,282.0,,
,https://www.youtube.com/watch?v=Xr6v0lI517A,"면접 준비 시, 문제를 푸는 과정에서의 고난이 진정한 학습이 이루어지는 지점임을 명심하세요. 45분 간의 집중적인 노력을 통해 스스로 고민하고 다양한 접근 방식을 시도한 후, 필요할 경우 힌트를 참고하되, 솔루션 전체를 보지 않도록 하세요. 문제를 해결한 후에는 반드시 반성의 시간을 가져, 어떤 개념이 문제를 어렵게 했는지, 유사한 문제를 미래에 어떻게 인식할지를 고민하는 것이 중요합니다.",CRISIS_MGMT,live_coding,283.0,,
,https://www.youtube.com/watch?v=DIR_rxusO8Q,"면접에서 기술적인 질문을 잘 풀어내기 위한 핵심은 'ReactO 접근법'을 활용하는 것입니다. 첫 번째 단계로 질문을 반복하여 확실히 이해하고, 두 번째로 다양한 예시를 들어 문제의 입력과 출력을 명확히 하는 것이 중요합니다. 마지막으로, 자신의 접근 방식을 설명하면서 면접관에게 논리적 사고를 보여주는 것이 면접 성공의 열쇠입니다.",CRISIS_MGMT,live_coding,284.0,,
,https://www.youtube.com/watch?v=BgLTDT03QtU,"코딩 면접을 준비할 때, 알고리즘의 시간 복잡도인 빅오 표기법을 이해하는 것이 중요합니다. 특히, O(1) 시간 복잡도는 입력 크기에 관계없이 항상 일정한 시간 내에 작업을 수행할 수 있어 가장 효율적입니다. 반면, O(n) 시간 복잡도는 입력 크기에 따라 실행 시간이 비례적으로 증가하므로, 알고리즘의 성능을 고려할 때 이 두 가지를 명확히 구분하는 것이 필요합니다.",CODE_VERIFICATION,live_coding,285.0,,
,https://www.youtube.com/watch?v=rv_ZacJYRFA,"빅 오 표기는 면접에서 중요한 개념으로, 알고리즘의 효율성을 평가하는 데 필수적입니다. 입력 크기가 커질수록 알고리즘의 실행 시간도 증가하므로, 시간 복잡도를 이해하고 이를 기반으로 문제를 해결하는 것이 중요합니다. 또한, AI 도구인 Warp를 활용하면 코드 디버깅과 최적화를 도와줄 수 있어 면접 준비에 큰 도움이 될 수 있습니다.",CODE_VERIFICATION,live_coding,286.0,,
,https://www.youtube.com/watch?v=CB8JPjg_3cM,"면접에서 성공하기 위한 핵심은 코드를 작성하는 것뿐 아니라, 코드의 효율성을 평가할 수 있는 능력입니다. 특히, 시간 복잡성을 정확히 이해하고 설명하는 것이 중요하며, 이는 면접에서 떨어지는 원인이 될 수 있습니다. 따라서 다양한 코드를 반복해서 분석하고, 알고리즘의 성능을 평가하는 연습을 통해 자신감을 키우는 것이 필요합니다.",CODE_VERIFICATION,live_coding,287.0,,
,https://www.youtube.com/watch?v=oJ5s2hs_cKk,"프로그래밍 면접을 준비할 때는 알고리즘의 기본 개념과 효율성을 이해하는 것이 필수입니다. 특히, 빅오(Big O) 개념을 정확히 이해하고 문제 해결 과정에서 이론을 설명하는 능력을 길러야 합니다. 단순히 암기하는 것이 아니라, 문제를 해결하며 시간과 공간 복잡도를 분석하는 연습을 통해 면접에서 높은 점수를 받을 수 있습니다.",CODE_VERIFICATION,live_coding,288.0,,
,https://www.youtube.com/watch?v=ft0owvS5tQA,"코딩 면접에서 자주 등장하는 개념들을 이해하는 것이 중요합니다. 특히, 동적 프로그래밍은 실제 면접에서는 흔히 나오지 않으니, 다른 더 보편적인 자료구조와 알고리즘에 집중하는 것이 좋습니다. 예를 들어, 힙(Heap)과 슬라이딩 윈도우(Sliding Window) 기법은 면접에서 자주 사용되므로, 이들에 대한 깊은 이해를 가지는 것이 필수적입니다.",CODE_VERIFICATION,live_coding,289.0,,
,https://www.youtube.com/watch?v=CQ12FXH-tfg,"알고리즘적 사고에서 문제를 해결하는 최적의 방법을 단계별로 찾는 것이 중요합니다. 이를 위해 '빅 오 표기법'을 사용해 알고리즘의 실행 시간을 분석하고, 입력 크기에 따른 성능 변화를 이해해야 합니다. 면접에서는 알고리즘의 복잡도를 계산할 때 상수를 무시하고, 입력 크기(n)에 따라 시간 복잡도를 표현하는 것이 핵심입니다.",CODE_VERIFICATION,live_coding,290.0,,
,https://www.youtube.com/watch?v=ai60wnHCap0,"면접에서 알고리즘 문제를 다룰 때, 기본 사례와 재귀 호출을 잘 이해하는 것이 중요합니다. 균형 이진 탐색 트리의 경우, 노드를 모두 방문해야 하므로 시간 복잡도는 O(n)이며, 단순히 log(n)으로 생각하면 안 됩니다. 면접 중에는 알고리즘의 작동 방식을 면밀히 분석하고, 긴장을 풀고 문제를 차근차근 해결하는 태도가 필요합니다.",CODE_VERIFICATION,live_coding,291.0,,
,https://www.youtube.com/watch?v=ayQ9PNgLXyo,"면접에서 빅 오 표기법(Big O Notation)을 다룰 때, 입력 값의 크기에 따른 시간 복잡성을 반드시 이해해야 합니다. 중첩 루프가 있는 경우, 각 루프의 입력 배열 크기를 고려하여 n과 m으로 표현하는 것이 중요하며, 단순한 연산은 무시할 수 있습니다. 또한, 알고리즘의 성능을 제대로 평가하기 위해서는 두 배열의 크기가 독립적일 수 있음을 기억해야 합니다.",CODE_VERIFICATION,live_coding,292.0,,
,https://www.youtube.com/watch?v=USGud2cinco,"실전 면접 꿀팁으로, 케이스 면접은 문제 해결 능력을 평가하는 중요한 과정으로, 컨설팅뿐 아니라 기술 스타트업에서도 널리 활용됩니다. 다양한 문제를 다루게 되며, 수익성, 시장 진입, 인수합병, 가격 책정 등 여러 카테고리로 나뉘어 진행됩니다. 면접 준비 시, 실제 사례를 바탕으로 분석하고 추천을 제시하는 연습이 필요합니다.",CODE_VERIFICATION,live_coding,293.0,,
,https://www.youtube.com/watch?v=fQW6-2yfsBY,"구글 소프트웨어 엔지니어 면접은 1%의 후보자만 통과할 정도로 매우 어렵습니다. 면접 준비 시 문제를 명확히 하고, 간단한 해결책부터 접근하는 것이 중요합니다. 복잡한 알고리즘에 집착하기보다는 기본적인 개념을 확실히 하고, 면접 중에는 자신의 생각을 잘 전달하는 것이 핵심입니다.",CODE_VERIFICATION,live_coding,294.0,,
,https://www.youtube.com/watch?v=TD4fUVzDCgA,"면접 준비 시, 주어진 문제를 명확히 이해하고 상황을 정리하는 것이 중요합니다. 또한, 시장 규모, 재무적 영향, 위험 요소 등 세 가지 핵심 요소를 분석하여 결정을 내리는 접근 방식을 보여줄 필요가 있습니다. 마지막으로, 경쟁사 분석과 고객의 수요를 고려하여 가격 전략을 세우는 것이 효과적인 제품 출시를 위한 중요한 단계입니다.",CODE_VERIFICATION,live_coding,295.0,,
,https://www.youtube.com/watch?v=1t1_a1BZ04o,"면접에서 성공하기 위한 핵심 팁은, 문제를 단순하게 나누고 접근하는 방식입니다. 먼저, 문제를 이해하고 조건을 정리한 뒤, 복잡한 문법에 신경 쓰지 말고 의사코드를 작성해보세요. 긴장감을 줄이는 가장 좋은 방법은 질문을 하고 대화를 나누는 것이니, 면접관과 적극적으로 소통하는 것이 중요합니다.",CODE_VERIFICATION,live_coding,296.0,,
,https://www.youtube.com/watch?v=fuys5fWCxJM,"면접에서 성공하기 위해서는 기업의 비즈니스 모델과 시장 반응 속도를 이해하는 것이 중요합니다. 특히, 고객 피드백을 바탕으로 신속히 생산과 재고를 조정하는 능력은 큰 강점으로 작용할 수 있습니다. 또한, 인수합병 전략을 고민할 때는 해당 기업의 성장 가능성과 지속 가능한 수익 창출 능력을 면밀히 분석해야 합니다.",CODE_VERIFICATION,live_coding,297.0,,
,https://www.youtube.com/watch?v=akdsoi71R6U,"실전 면접에서 성공하기 위해서는 케이스 인터뷰의 구조를 이해하는 것이 중요합니다. 문제 해결 과정에서 명확한 질문을 하고, 체계적으로 사고하며, 마지막에는 논리적 근거를 바탕으로 추천안을 제시해야 합니다. 또한, 노트 작성 시 정보를 효과적으로 정리하는 방법을 활용해 면접관과의 소통을 원활하게 하는 것도 필수적입니다.",CODE_VERIFICATION,live_coding,298.0,,
,https://www.youtube.com/watch?v=OUyjQOj83Uw,"실전 면접에서 성공적으로 답변하기 위해서는 문제를 명확히 이해하고 정의하는 것이 중요합니다. 또한, 사용자의 세분화와 그들의 문제점을 파악한 후, 우선순위를 정해 해결책을 제시해야 합니다. 마지막으로 다양한 아이디어를 브레인스토밍하며 창의적인 접근법을 탐색하는 것이 좋은 결과로 이어질 수 있습니다.",CODE_VERIFICATION,live_coding,299.0,,
,https://www.youtube.com/watch?v=PzGwYzVHp-0,"패널 인터뷰에서 인상 깊게 보이기 위해서는 면접관들과의 첫 인사에서 자신감을 보여주는 것이 중요하며, 각 면접관에게 이력서를 제공하는 것이 좋습니다. 자기소개, 회사에 대한 관심, 그리고 자신이 왜 채용되어야 하는지에 대한 질문에 대해 명확하고 자신감 있게 준비하는 것이 필수적입니다. 마지막으로, 면접관의 이름을 미리 확인해 두는 것도 면접 진행에 큰 도움이 될 수 있습니다.",CODE_VERIFICATION,live_coding,300.0,,
,https://www.youtube.com/watch?v=r6m-fjXRt2M,"면접에서 효과적인 문제 해결을 위해 충분한 테스트 케이스를 만드는 것이 중요합니다. 특히 면접 시간 내에 최소한의 케이스로 코드의 완성도를 입증할 수 있도록 하세요. 효율적인 테스트 방법을 익히면, 문제 해결에 필요한 시간을 크게 줄일 수 있습니다.",CODE_VERIFICATION,live_coding,301.0,,
,https://www.youtube.com/watch?v=8BgVtn7Lo9U,"LBO 모델 면접 준비를 위해, 기본적인 수학 원리를 이해하고 설명할 수 있어야 합니다. 면접에서는 LBO 후보의 이상적인 조건, 수익률(IRR) 계산 및 다양한 시나리오에 대한 질문이 이어질 수 있으므로, 이를 체계적으로 연습하는 것이 중요합니다. 복잡한 사례 연구에 대한 두려움을 버리고, 간단하고 빠른 수치 문제에 익숙해지는 것이 실전에서 더 많이 도움이 됩니다.",CODE_VERIFICATION,live_coding,302.0,,
,https://www.youtube.com/watch?v=tJGrie7k97c,코드를 손으로 추적하는 것은 면접과 시험에서 중요한 기술입니다. 변수의 변화를 표로 정리하며 코드의 흐름을 이해하는 연습을 통해 문제 해결 능력을 향상시킬 수 있습니다. 반복문과 메서드 호출 시 변수의 값이 어떻게 변하는지 시각적으로 나타내는 방법을 익히는 것이 중요합니다.,CODE_VERIFICATION,live_coding,303.0,,
,https://www.youtube.com/watch?v=zvWMzZysW5w,"이 비디오에서 파이썬 코드의 재귀 함수의 출력을 추적하는 방법을 설명합니다. 면접 준비 시, 재귀 함수의 구조를 잘 이해하고 단계별로 문제를 해결하는 것이 중요하며, 각 조건문과 반복문에서 어떤 값이 어떻게 변하는지를 명확히 파악해야 합니다. 또한, 면접 중에는 코드의 흐름을 설명하며 논리적으로 접근하는 방식이 큰 도움이 됩니다.",CODE_VERIFICATION,live_coding,304.0,,
,https://www.youtube.com/watch?v=Z4HL5JF4kp8,"면접에서 반복(iteration)과 재귀(recursion)를 이해하는 것은 매우 중요합니다. 학생들에게 코드의 동작을 손으로 추적해보는 방법을 가르치는 것은 이 개념을 확실히 이해하는 데 도움이 됩니다. 또한, 다양한 프로그래밍 언어를 지원하는 플랫폼을 활용하면 실습 환경을 유연하게 구성할 수 있어 유익합니다.",CODE_VERIFICATION,live_coding,305.0,,
,https://www.youtube.com/watch?v=N-oyB_UYZ74,"프로그래밍 면접에서 중요한 것은 코드의 실행 과정을 단계별로 추적하는 것입니다. 이를 통해 컴퓨터가 각 명령을 어떻게 처리하는지 이해하고, 코드 작성 시 예측력을 키울 수 있습니다. 또한, 컴퓨터는 각 명령을 독립적으로 해석하므로, 명확하고 간결한 코드를 작성하는 것이 중요합니다.",CODE_VERIFICATION,live_coding,306.0,,
,https://www.youtube.com/watch?v=tK7aDr-HgPA,"면접에서 효과적으로 자신의 기술적 이해도를 보여주려면, 복잡한 개념을 간단하게 설명하는 능력이 중요합니다. 예를 들어, 오류 수정 코드와 같은 기술적 요소를 물리학의 법칙과 연결 지어 설명하면 면접관에게 깊은 인상을 줄 수 있습니다. 또한, IT와 과학의 융합에 대한 통찰력을 갖추는 것이 필요한 시대인 만큼, 최신 기술 동향을 이해하고 대화할 수 있는 준비가 필요합니다.",CODE_VERIFICATION,live_coding,307.0,,
,https://www.youtube.com/watch?v=6NkFemtrRZs,"면접에서 중요한 점은 이론적 지식과 실제 코딩 능력을 동시에 보여주는 것입니다. 특히, 복잡한 개념을 명확하게 설명할 수 있는 능력이 필요하며, 이는 면접관에게 깊이 있는 이해도를 전달합니다. 또한, 실험과 예측의 중요성을 인식하고, 자신의 이론이 실제로 검증될 수 있도록 준비하는 자세가 중요합니다.",CODE_VERIFICATION,live_coding,308.0,,
,https://www.youtube.com/watch?v=wexzvClUcUk,"면접에서 좋은 인상을 남기는 첫 단추는 시간 약속을 지키고, 전문적인 복장으로 등장하는 것입니다. 면접 시작 전에 미리 준비한 자기소개를 읽고, 직무 설명서를 다시 확인하면 긴장을 줄이고 자신감을 높일 수 있습니다. 자기소개 시에는 본인의 관련 기술, 경험, 주요 성과, 그리고 역할에 대한 포부를 포함하는 것이 중요합니다.",CODE_VERIFICATION,live_coding,309.0,,
,https://www.youtube.com/watch?v=NSpSjSJPf1A,"면접에서는 엣지 케이스(특수 상황)의 중요성을 강조해야 합니다. 일반적인 경우와 달리, 빈 리스트나 잘못된 입력과 같은 엣지 케이스를 고려하여 예외 처리를 철저히 준비하는 것이 필요합니다. 테스트 커버리지를 높이기 위해 다양한 입력을 통해 코드가 모든 상황에서 올바르게 작동하는지 확인해야 합니다.",CODE_VERIFICATION,live_coding,310.0,,
,https://www.youtube.com/watch?v=vLzS25TIlQw,"경계점 분석은 소프트웨어 테스트에서 매우 중요한 기법으로, 극단적인 입력값을 통해 애플리케이션의 반응을 검증하는 과정입니다. 경계값을 설정하고, 그 근처의 극단적인 값들을 테스트하여 소프트웨어의 강점과 약점을 파악하는 것이 핵심입니다. 이러한 기법을 마스터하면 숨겨진 버그를 찾아내고 소프트웨어의 품질을 높이는 데 큰 도움이 됩니다.",CODE_VERIFICATION,live_coding,311.0,,
,https://www.youtube.com/watch?v=2KIZq4c4spc,"면접에서 AI와 자동화의 활용 방안을 설명하는 것이 중요합니다. 특히 소프트웨어 품질을 유지하면서 비용과 속도를 동시에 고려해야 하며, 복잡한 시스템에서의 트레이스 가능성과 설명 가능성 문제를 해결하는 것이 핵심입니다. 또한, 혁신이 가져오는 위험 요소를 인식하고 이를 관리하기 위한 접근 방식이 필요합니다.",CODE_VERIFICATION,live_coding,312.0,,
,https://www.youtube.com/watch?v=zUdaJufz5ho,"코드를 작성할 때는 항상 테스트를 고려해야 합니다. 프로그래머로서 실수를 하는 것은 자연스러운 일이며, 테스트와 디버깅은 프로그래밍 과정의 중요한 부분이라는 점을 명심해야 합니다. 따라서 코드를 작성하기 전에 테스트 전략을 세우는 것이 필수적이며, 이를 통해 프로그램이 기대한 대로 작동하는지 확인할 수 있습니다.",CODE_VERIFICATION,live_coding,313.0,,
,https://www.youtube.com/watch?v=-K3adLEojHA,"소프트웨어 개발은 창의성과 논리가 결합된 복잡한 과정으로, 품질 보증을 위한 소프트웨어 테스트가 핵심이다. 최근에는 AI 기반의 자동화 테스트 도구가 등장해 테스트 효율성과 정확성을 높이고 있지만, 알고리즘의 편향성과 같은 새로운 도전 과제가 존재한다. 따라서 AI를 활용한 테스트를 도입할 때는 장단점을 균형 있게 고려하여 소프트웨어 품질을 책임감 있게 향상시켜야 한다.",CODE_VERIFICATION,live_coding,314.0,,
,https://www.youtube.com/watch?v=BSjRmiYP7vg,"소프트웨어 테스트에서 테스트 케이스 설계 기법은 결함을 찾기 위한 필수적인 도구로, 다양한 접근 방식을 통해 테스트 범위를 넓힐 수 있습니다. 특히, 오류 추정(Error Guessing) 기법은 테스트 엔지니어의 분석적 사고에 의존하여 부정확한 데이터를 입력함으로써 결함을 발견하는 방식입니다. 면접 준비 시, 이러한 기법들을 이해하고 적용하는 능력을 강조하면 좋은 인상을 남길 수 있습니다.",CODE_VERIFICATION,live_coding,315.0,,
,https://www.youtube.com/watch?v=wdifOXeVEtw,"실전 면접 꿀팁은 **엣지 케이스를 고려한 테스트 작성**입니다. 일반적인 예시 기반 테스트는 버그를 놓칠 수 있으므로, **속성 기반 테스트를 활용해 다양한 입력 상황을 시뮬레이션**하는 것이 중요합니다. 이를 통해 프로그램의 신뢰성을 높이고, 향후 발생할 수 있는 문제를 미리 방지할 수 있습니다.",CODE_VERIFICATION,live_coding,316.0,,
python,https://www.youtube.com/watch?v=BsYbdUnKZ-Y,"깊이 우선 탐색(DFS)과 너비 우선 탐색(BFS)은 그래프 탐색 알고리즘으로, 각각의 특징에 따라 문제를 해결하는 방식이 다릅니다. DFS는 한 경로를 끝까지 탐색한 후 다른 경로로 이동하는 방식으로, 재귀함수를 통해 구현됩니다. 반면 BFS는 여러 경로를 동시에 탐색하며, 큐를 사용하여 순서대로 탐색합니다. 두 알고리즘 모두 경로 탐색, 네트워크 연결 확인, 조합 생성 문제에 활용됩니다.

DFS는 동작 검증이 용이하고 코드가 간결해지는 장점이 있지만, 최악의 경우 모든 조합을 탐색해야 할 수 있어 시간이 초과될 위험이 있습니다. BFS는 모든 경우를 한 단계씩 탐색하므로 안정적이지만, 초기 탐색 속도가 느릴 수 있습니다. 문제의 난이도와 특성에 따라 적절한 알고리즘을 선택하는 것이 중요합니다.

- DFS는 재귀함수로 구현하며, 조합 검증이 쉽다.
- BFS는 큐를 사용하여 순서대로 탐색한다.
- 두 알고리즘 모두 경로 탐색, 네트워크 문제, 조합 문제에 사용된다.
- 문제의 특성에 따라 DFS 또는 BFS를 선택해야 한다.
- 코딩 테스트에서 DFS와 BFS 유형 문제는 자주 출제된다.

[tags] DFS, BFS, 그래프 탐색, 재귀, 큐
[lang] unknown",BFS,,,BsYbdUnKZ-Y,"[""DFS"", ""BFS"", ""그래프 탐색"", ""재귀"", ""큐""]"
python,https://www.youtube.com/watch?v=bTMV-VeaTws,"스파이가 다양한 의상을 조합하여 위장하는 문제를 해결하기 위해, 의상을 종류별로 분류하고 조합의 수를 계산하는 방법을 설명한다. 각 의상은 이름과 종류로 이루어져 있으며, 최소 1개의 의상은 착용해야 한다. 문제를 해결하기 위해 해시맵이나 카운터를 사용하여 의상의 종류별 개수를 세고, 각 종류의 의상 수에 1을 더한 값을 곱하여 전체 조합 수를 구한다. 마지막으로, 아무것도 착용하지 않는 경우를 제외하기 위해 1을 빼준다.

- 의상을 종류별로 분류한다.
- 입지 않는 경우를 추가하여 조합을 계산한다.
- 최소 1개 이상의 의상 착용 조건을 고려한다.
- 해시맵 또는 카운터를 활용하여 개수를 세고 조합을 계산한다.

[tags] HashMap, Counter, Combination, Reduce
[lang] python",BFS,,,bTMV-VeaTws,"[""HashMap"", ""Counter"", ""Combination"", ""Reduce""]"
python,https://www.youtube.com/watch?v=9aHVA7mJcqQ,"완전탐색의 기본 코드에 대해 설명하며, 두 가지 예제를 통해 포문과 순열 구현을 다룬다. 첫 번째 예제는 포커 카드 N장 중 2장을 선택하여 합이 M에 최대한 가까운 값을 찾는 문제로, 이중 포문을 사용하여 두 수가 겹치지 않도록 처리한다. 그러나 N이 10만 이상일 경우 시간 초과가 발생할 수 있다. 두 번째 예제는 n개의 정수로 이루어진 순열 중 사전 순으로 n번째 위치한 순열을 찾는 문제로, do while 문과 Permutation 함수를 사용하여 구현한다. 이 경우 n이 10 이상일 경우에도 시간 초과가 발생할 수 있다.

- 완전탐색은 문제에 따라 다양한 방식으로 구현 가능
- 이중 포문 사용 시 인덱스 겹침 주의
- 순열 문제는 n!의 시간 복잡도 고려 필요
- 내장 함수 활용 시 코드 간결화 가능

[tags] 완전탐색, 이중 포문, 순열, Permutation
[lang] unknown",BFS,,,9aHVA7mJcqQ,"[""완전탐색"", ""이중 포문"", ""순열"", ""Permutation""]"
python,https://www.youtube.com/watch?v=naZB_PZ1lb0,"BFS(너비 우선 탐색)는 방향성이 없는 그래프에서 출발 노드에서 도착 노드까지의 최소 간선 수를 찾는 전형적인 알고리즘입니다. 이 문제는 인접 리스트를 사용하여 그래프를 표현하고, 큐를 통해 탐색을 진행합니다. 초기에는 방문 배열과 큐를 설정하고, 시작 노드를 큐에 추가한 후, 큐가 비어있지 않은 동안 반복적으로 노드를 꺼내어 연결된 노드를 탐색합니다. 방문하지 않은 노드는 큐에 추가하고 방문 표시를 하며, 도착 노드에 도달하면 경과한 간선 수를 반환합니다. 만약 도착 노드에 도달하지 못하면 0을 반환합니다.

- BFS는 그래프 탐색에 적합하며, 최단 경로 문제에 자주 사용된다.
- 인접 리스트를 통해 그래프를 효율적으로 표현할 수 있다.
- 큐를 사용하여 탐색 순서를 관리하며, 방문 배열로 중복 방문을 방지한다.
- 문제에 따라 초기 데이터 설정이 필요할 수 있다.
- BFS의 기본 구조는 다양한 문제에 적용 가능하다.

[tags] BFS
[lang] unknown",BFS,,,naZB_PZ1lb0,"[""BFS""]"
python,https://www.youtube.com/watch?v=Cm3-AxNsQWg,"깊이 우선 탐색(DFS)은 그래프를 탐색하는 방법으로, 시작 노드에서 깊이 방향으로 탐색을 진행하며 더 이상 방문할 노드가 없을 경우 이전 노드로 돌아가 반복하는 방식이다. DFS는 재귀 호출 또는 스택을 사용하여 구현할 수 있으며, 인접 리스트나 인접 행렬로 그래프를 표현할 수 있다. DFS의 주요 활용 예로는 플러드 필 알고리즘과 특정 시작점에서 도착점까지의 경로 확인이 있다.

DFS를 구현할 때는 방문 여부를 체크하는 배열을 사용하고, 인접 노드를 탐색할 때는 조건을 통해 방문하지 않은 노드와 간선이 있는 노드만을 선택해야 한다. DFS의 시간 복잡도는 O(V + E)로, V는 정점의 수, E는 간선의 수를 의미한다.

- DFS는 깊이 우선 탐색 알고리즘이다.
- 재귀 호출 또는 스택을 사용하여 구현할 수 있다.
- 인접 리스트 또는 인접 행렬로 그래프를 표현할 수 있다.
- 플러드 필 알고리즘 등 다양한 문제에 활용된다.
- 시간 복잡도는 O(V + E)이다.

[tags] DFS, Graph, Flood Fill
[lang] unknown",BFS,,,Cm3-AxNsQWg,"[""DFS"", ""Graph"", ""Flood Fill""]"
python,https://www.youtube.com/watch?v=D_ZuvwIkinQ,"그래프의 표현 방법은 크게 엣지 리스트, 인접 행렬, 인접 리스트의 세 가지로 나눌 수 있다. 엣지 리스트는 엣지를 중심으로 그래프를 표현하며, 가중치가 없는 경우에는 2차원 배열로 간단히 표현할 수 있다. 그러나 노드 중심의 알고리즘을 사용할 때는 탐색이 비효율적일 수 있다. 인접 행렬은 노드의 개수에 따라 NxN 크기의 2차원 배열로 표현되며, 노드 간의 연결 여부를 직접적으로 확인할 수 있지만, 공간 효율성이 떨어지고 탐색 시간이 길어질 수 있다. 마지막으로 인접 리스트는 가변적인 배열을 사용하여 노드와 연결된 엣지를 효율적으로 탐색할 수 있는 장점이 있다.

- 그래프 표현 방법: 엣지 리스트, 인접 행렬, 인접 리스트
- 엣지 리스트는 엣지를 중심으로 표현, 노드 중심 알고리즘에 비효율적
- 인접 행렬은 NxN 배열로 표현, 공간 효율성 저하
- 인접 리스트는 가변 배열로 효율적인 탐색 가능

[tags] Edge List, Adjacency Matrix, Adjacency List
[lang] unknown",BFS,,,D_ZuvwIkinQ,"[""Edge List"", ""Adjacency Matrix"", ""Adjacency List""]"
python,https://www.youtube.com/watch?v=sN8IVvzF3zI,"1부터 n까지의 수를 이어서 썼을 때, 그 수의 자릿수를 계산하는 문제를 다룬다. 주어진 n에 대해, 1부터 n까지의 수를 이어붙인 결과의 자릿수를 구하는 방법은 각 자릿수 범위에 따라 계산하는 것이다. 예를 들어, 1부터 9까지는 9개의 1자리 수, 10부터 99까지는 90개의 2자리 수, 100부터 n까지는 3자리 수로 계산하여 총 자릿수를 구한다. 이 과정에서 각 범위의 수의 개수와 자릿수를 곱하여 더하는 방식으로 최종 자릿수를 도출한다.

이 알고리즘은 O(log n) 시간 복잡도를 가지며, n이 1억까지 가능하므로 효율적인 접근이 필요하다. 또한, 최대 공약수(GCD) 합을 구하는 문제도 다루어지며, 이중 포문을 통해 모든 쌍의 GCD를 계산하여 합산하는 방식으로 해결한다. 이 경우에도 시간 복잡도는 O(n^2)로, n이 100일 때는 충분히 처리 가능하다.

- 1부터 n까지 수 이어쓰기
- 자릿수 계산
- GCD 합 구하기
- 이중 포문 사용
- 시간 복잡도 고려

[tags] [""GCD"", ""이중 포문"", ""수 이어쓰기"", ""시간 복잡도""]
[lang] java",BFS,,,sN8IVvzF3zI,"[""[\""GCD\"""", ""\""이중 포문\"""", ""\""수 이어쓰기\"""", ""\""시간 복잡도\""]""]"
python,https://www.youtube.com/watch?v=ygdfQDKLTD4,"깊이 우선 탐색(DFS)과 너비 우선 탐색(BFS)은 그래프 탐색의 두 가지 주요 방법입니다. DFS는 한 방향으로 최대한 깊이 탐색한 후, 더 이상 갈 수 없을 때 가장 가까운 갈림길로 돌아와 다른 방향을 탐색하는 방식입니다. 이 과정은 재귀적으로 구현되며, 방문한 노드를 기록하여 중복 방문을 방지합니다. 반면, BFS는 현재 위치에서 갈 수 있는 모든 노드를 한 번에 탐색하고, 방문한 노드를 큐에 저장하여 순차적으로 처리하는 방식입니다. BFS는 먼저 들어온 노드가 먼저 처리되는 FIFO(First In, First Out) 구조를 사용합니다.

- DFS는 깊이를 우선시하여 탐색하며, 재귀적 구조로 구현된다.
- BFS는 너비를 우선시하여 탐색하며, 큐를 사용하여 노드를 순차적으로 처리한다.
- 두 알고리즘 모두 그래프의 모든 노드를 방문할 수 있다.
- DFS는 스택을, BFS는 큐를 사용하여 구현된다.

[tags] DFS, BFS
[lang] unknown",BFS,,,ygdfQDKLTD4,"[""DFS"", ""BFS""]"
python,https://www.youtube.com/watch?v=zFL29ydL9D8,"해시는 키-값 쌍으로 데이터를 저장하는 자료구조로, 전화번호부와 유사한 개념이다. 해시는 문자열과 같은 다양한 데이터 타입을 키로 사용할 수 있어, 배열로는 접근할 수 없는 정보를 효율적으로 관리할 수 있다. 예를 들어, 마라톤 문제에서 완주하지 못한 선수를 찾기 위해 해시맵을 사용하면, 선수의 이름을 키로 하여 그들의 완주 여부를 쉽게 기록하고 조회할 수 있다. 해시를 사용할 때는 주로 문자열을 키로 사용하며, 기본적으로 `put`, `get`, `getOrDefault` 세 가지 함수를 기억하면 된다.

- 해시는 전화번호부와 유사한 구조이다.
- 문자열을 키로 사용하여 정보를 관리할 수 있다.
- `put`, `get`, `getOrDefault` 함수가 핵심이다.
- 해시는 배열보다 효율적인 데이터 접근을 가능하게 한다.
- 문자열 기반 문제에서 해시를 활용하는 것이 좋다.

[tags] HashMap, String, Key-Value, Data Structure
[lang] unknown",BFS,,,zFL29ydL9D8,"[""HashMap"", ""String"", ""Key-Value"", ""Data Structure""]"
python,https://www.youtube.com/watch?v=K1A7Zj_hoew,"이 문제는 백준 13905번 세부로, 그래프에서 다리의 무게 제한을 고려하여 최대한 많은 빼빼로를 운반할 수 있는 경로를 찾는 문제입니다. 해결 방법으로는 BFS와 이분 탐색을 활용하는 방법, 최대 신장 트리를 이용하는 방법, 그리고 다익스트라 알고리즘을 응용하는 방법이 있습니다. BFS를 통해 특정 무게의 빼빼로를 들고 목적지에 도달할 수 있는지를 확인하고, 이분 탐색으로 가능한 최대 무게를 찾아냅니다. 최대 신장 트리 방법은 유니온-파인드 알고리즘을 사용하여 간선을 큰 것부터 연결하며, 다익스트라 알고리즘은 최대 힙을 사용하여 각 지점에서 가장 많은 빼빼로를 유지하는 경로를 찾습니다.

- BFS와 이분 탐색을 통해 경로 탐색
- 최대 신장 트리와 유니온-파인드 활용
- 다익스트라 알고리즘의 변형 사용
- 시간 복잡도: O(V + E log K) (K는 다리의 수)

[tags] BFS, Dijkstra, Union-Find, Binary Search
[lang] python",BFS,,,K1A7Zj_hoew,"[""BFS"", ""Dijkstra"", ""Union-Find"", ""Binary Search""]"
python,https://www.youtube.com/watch?v=d3R1s_OmwAk,"주어진 문제는 그래프 탐색 알고리즘인 DFS(깊이 우선 탐색)와 BFS(너비 우선 탐색)를 구현하는 것입니다. 입력으로 주어진 노드와 간선 정보를 바탕으로 그래프를 인접 행렬 형태로 표현하고, 방문 여부를 기록하기 위한 비지티드 배열을 사용합니다. DFS는 재귀적으로 노드를 방문하며, 방문한 노드는 비지티드 배열에 기록하여 중복 방문을 방지합니다. BFS는 큐를 사용하여 현재 노드에서 갈 수 있는 모든 노드를 탐색하고, 방문한 노드를 큐에 추가하여 순차적으로 탐색합니다.

- DFS는 깊이 우선으로 탐색하며, 재귀 호출을 통해 구현됩니다.
- BFS는 큐를 사용하여 너비 우선으로 탐색하며, 각 노드의 인접 노드를 차례로 방문합니다.
- 비지티드 배열은 방문한 노드를 기록하여 중복 방문을 방지합니다.
- 그래프는 인접 행렬로 표현되며, 간선 정보에 따라 업데이트됩니다.

[tags] DFS, BFS
[lang] unknown",BFS,,,d3R1s_OmwAk,"[""DFS"", ""BFS""]"
python,https://www.youtube.com/watch?v=ShXeNmIHtB0,"콜라 문제는 주어진 콜라병의 개수를 바탕으로 쿠폰을 통해 새로운 콜라를 받는 단순 구현 문제이다. 주어진 정수 n(초기 콜라병 수), a(반납 시 필요한 콜라병 수), b(반납 시 받는 새로운 콜라 수)를 이용해, 반복적으로 콜라를 교환하는 과정을 구현한다. 첫 번째 풀이에서는 남은 콜라병 수가 a 이상일 때까지 반복하며, 매 턴마다 a개를 사용하고 b개를 추가하는 방식으로 진행된다. 두 번째 풀이에서는 한 턴을 현재 가진 콜라를 모두 소진하는 것으로 정의하여, 더 효율적으로 새로운 콜라를 계산한다.

- 문제의 핵심은 단순한 구현 능력이다.
- 반복문을 사용하여 조건에 따라 콜라를 교환한다.
- 비효율적인 방법도 정답을 도출할 수 있다.
- 실수를 줄이기 위해 각 턴의 계산을 명확히 해야 한다.
- 단순 구현 문제를 반복적으로 연습하는 것이 중요하다.

[tags] 
[lang] python",BFS,,,ShXeNmIHtB0,[]
python,https://www.youtube.com/watch?v=cJ9xdW_hqR4,"완주하지 못한 선수 문제는 주어진 두 배열, 참가자와 완주자를 비교하여 완주하지 못한 한 명의 선수를 찾는 것입니다. 이 문제를 해결하기 위해 세 가지 방법을 제안합니다. 첫 번째는 두 배열을 정렬한 후, 순차적으로 비교하여 차이를 찾는 방법입니다. 이 경우, 정렬된 배열을 비교하면서 완주하지 못한 선수를 찾을 수 있으며, 예외적으로 마지막 참가자가 완주하지 못한 경우를 처리해야 합니다. 두 번째 방법은 해시맵을 사용하여 참가자 이름을 키로 하고 해시 값을 계산한 후, 완주자 배열의 해시 값을 빼는 방식입니다. 마지막으로, 카운터 클래스를 활용하여 참가자와 완주자 배열의 요소 개수를 세고, 두 카운터의 차이를 구해 완주하지 못한 선수를 찾는 방법이 있습니다.

- 참가자와 완주자 배열을 비교하여 차이를 찾는 문제
- 정렬 후 비교, 해시맵, 카운터를 활용한 세 가지 해결책
- 동명인 처리에 대한 주의 필요
- 시간 복잡도: 정렬 O(n log n), 해시 O(n), 카운터 O(n)

[tags] sorting, hash, counter
[lang] python",BFS,,,cJ9xdW_hqR4,"[""sorting"", ""hash"", ""counter""]"
python,https://www.youtube.com/watch?v=fPmMPqusEq8,"주어진 문제는 자연수 n에서 시작하여 m을 만들기 위해 최소한의 연산 횟수를 구하는 것입니다. 사용할 수 있는 연산은 더하기 1, 빼기 1, 곱하기 2, 빼기 10의 네 가지로 제한되며, 중간 결과는 항상 1부터 100만 이하의 자연수여야 합니다. 이 문제는 BFS(너비 우선 탐색)를 통해 해결할 수 있으며, 각 상태를 큐에 넣고 방문 여부를 체크하는 방식으로 진행됩니다. BFS를 사용하면 모든 가능한 연산을 탐색하면서 최단 경로를 찾을 수 있습니다.

BFS를 구현할 때는 큐와 방문 배열을 사용하여 중복 방문을 방지하고, 각 연산 후의 결과가 유효한 범위 내에 있는지 확인해야 합니다. 최종적으로 m에 도달하면 연산 횟수를 반환하고, 도달할 수 없는 경우에는 -1을 반환합니다. 이 알고리즘의 시간 복잡도는 O(V + E)로, V는 정점의 수, E는 간선의 수에 해당합니다.

- BFS를 사용하여 최단 경로 탐색
- 4가지 연산: +1, -1, *2, -10
- 중간 결과는 1~100만 범위 내
- 방문 배열을 사용하여 중복 방지
- 최악의 경우 O(V + E) 시간 복잡도

[tags] BFS
[lang] unknown",BFS,,,fPmMPqusEq8,"[""BFS""]"
python,https://www.youtube.com/watch?v=vGkQ6hB4GeI,"주어진 문제는 백준 11720번 '숫자의 합'으로, 입력된 숫자 문자열의 합을 구하는 간단한 문제이다. 첫 번째 방법은 일반적인 방식으로, 입력받은 문자열을 정수로 변환한 후 누적하여 합을 구하는 방식이다. 이 과정에서 각 문자를 정수로 변환하고, 이를 누적하는 변수를 사용하여 최종 결과를 도출한다. 두 번째 방법은 Python의 특성을 활용한 더 간결한 방식으로, `map` 함수를 사용하여 입력된 문자열을 정수로 변환하고, `sum` 함수를 통해 직접 합산하여 결과를 출력하는 방식이다.

- 입력은 첫 번째 줄에 숫자의 개수, 두 번째 줄에 숫자 문자열이 주어진다.
- 첫 번째 방법은 반복문을 사용하여 각 문자를 정수로 변환 후 누적한다.
- 두 번째 방법은 `map`과 `sum`을 활용하여 코드의 간결성을 높인다.
- Pythonic한 접근은 코드의 가독성을 향상시킨다.

[tags] 
[lang] python",BFS,,,vGkQ6hB4GeI,[]
python,https://www.youtube.com/watch?v=qpBUjNSzGX8,"DFS(Depth First Search) 알고리즘을 활용하여 미로를 탐색하는 방법을 설명합니다. DFS는 깊이 우선 탐색 방식으로, 가능한 경로를 따라 깊이 들어가며 탐색을 진행합니다. 미로는 2차원 배열로 표현되며, 각 칸은 0(통로) 또는 1(벽)으로 표시됩니다. 탐색을 시작하기 전에 미로의 크기를 설정하고, 각 칸을 순회하며 시각적으로 표현합니다. 

탐색 과정에서 기저 사례를 설정하여, 도착 지점에 도달하거나 더 이상 이동할 수 없는 경우 탐색을 종료합니다. 또한, 이미 방문한 경로는 다시 방문하지 않도록 표시하여 무한 루프를 방지합니다. DFS는 경로가 존재하는지 확인하거나 여러 경로를 찾는 데 유용하지만, 최단 경로를 찾는 데는 적합하지 않습니다.

- DFS는 깊이 우선 탐색 알고리즘이다.
- 미로는 2차원 배열로 표현된다.
- 기저 사례를 통해 탐색 종료 조건을 설정한다.
- 이미 방문한 경로는 다시 방문하지 않도록 표시한다.
- 최단 경로 탐색에는 적합하지 않다.

[tags] DFS, Depth First Search, 2D Array
[lang] unknown",BFS,,,qpBUjNSzGX8,"[""DFS"", ""Depth First Search"", ""2D Array""]"
python,https://www.youtube.com/watch?v=gl5RhtU2mF8,"그래프를 탐색하는 두 가지 방법인 깊이 우선 탐색(DFS)과 너비 우선 탐색(BFS)에 대해 설명한다. DFS는 깊이 우선으로 노드를 탐색하며, 재귀적 방법과 반복적 방법으로 구현할 수 있다. 재귀적 방법은 호출 스택을 사용하고, 반복적 방법은 스택을 사용하여 노드를 처리한다. 이 과정에서 방문한 노드를 해시셋에 저장하여 중복 처리를 방지한다. BFS는 너비 우선으로 노드를 탐색하며, 큐를 사용하여 구현된다. 두 방법 모두 시간 복잡도는 O(V + E)이며, 공간 복잡도는 해시셋과 스택 또는 큐의 크기를 고려하여 V에 비례한다.

- DFS는 깊이 우선 탐색으로, 재귀적 또는 반복적으로 구현 가능.
- BFS는 너비 우선 탐색으로, 큐를 사용하여 구현.
- 두 탐색 방법 모두 그래프의 모든 노드를 방문할 수 있는지 확인하는 데 사용.
- 시간 복잡도는 O(V + E), 공간 복잡도는 O(V).

[tags] DFS, BFS
[lang] unknown",BFS,,,gl5RhtU2mF8,"[""DFS"", ""BFS""]"
python,https://www.youtube.com/watch?v=3M4yiLbmPAU,"그래프는 데이터 간의 관계를 표현하는 자료구조로, 정점, 간선, 가중치로 구성된다. 그래프의 종류에는 방향 그래프, 무방향 그래프, 가중치 그래프가 있으며, 각 그래프는 간선의 방향성과 가중치 유무에 따라 구분된다. 그래프를 표현하는 방법으로는 인접행렬과 인접리스트가 있다. 인접행렬은 정점의 개수에 따라 2차원 배열을 사용하여 간선의 존재 여부와 가중치를 저장하는 방식으로, 랜덤 접근이 가능하지만 메모리 낭비가 크다. 반면 인접리스트는 링크드 리스트를 활용하여 각 정점의 간선 정보를 저장하며, 메모리 효율이 좋지만 탐색 시 성능이 떨어진다. 일반적으로 정점 수가 1,000개 미만일 경우 인접행렬을, 그 이상일 경우 인접리스트를 사용하는 것이 권장된다.

- 그래프의 구성 요소: 정점, 간선, 가중치
- 그래프의 종류: 방향 그래프, 무방향 그래프, 가중치 그래프
- 그래프 표현 방법: 인접행렬, 인접리스트
- 성능 비교: 인접행렬은 랜덤 접근 가능, 인접리스트는 메모리 효율적
- 사용 권장: 정점 수에 따라 표현 방식 선택

[tags] 그래프, 인접행렬, 인접리스트, 방향 그래프, 무방향 그래프
[lang] unknown",BFS,,,3M4yiLbmPAU,"[""그래프"", ""인접행렬"", ""인접리스트"", ""방향 그래프"", ""무방향 그래프""]"
python,https://www.youtube.com/watch?v=mDYEhcKpiz0,"너비 우선 탐색(BFS)은 그래프 이론에서 사용되는 알고리즘으로, 주어진 그래프의 모든 정점을 최소한 한 번씩 방문하는 체계적인 방법을 제공합니다. 이 알고리즘은 루트 노드에서 시작하여 인접한 정점들을 차례로 방문하며, 큐를 사용하여 방문할 정점을 관리합니다. BFS는 웹 크롤러, 최단 경로 문제, 최소 신장 트리 등 다양한 분야에서 활용됩니다.

BFS의 기본 흐름은 다음과 같습니다:
1. 시작 정점을 큐에 추가하고 방문 목록에 기록합니다.
2. 큐가 비어있지 않은 동안 반복하여 큐에서 정점을 꺼내고, 그 정점의 자식 정점들을 확인합니다.
3. 자식 정점이 방문되지 않았다면 방문 목록에 추가하고 큐에 넣습니다.
4. 이 과정을 반복하여 모든 정점을 방문합니다.

- BFS는 그래프의 모든 정점을 레벨 순서로 방문합니다.
- 방향 그래프와 비방향 그래프 모두에 적용 가능합니다.
- 큐를 사용하여 FIFO(선입선출) 방식으로 정점을 처리합니다.

[tags] BFS
[lang] python",BFS,,,mDYEhcKpiz0,"[""BFS""]"
python,https://www.youtube.com/watch?v=-uR7BSfNJko,"이 영상에서는 파이썬을 사용하여 무방향 그래프에 대한 너비 우선 탐색(BFS) 알고리즘을 구현하는 방법을 설명한다. 그래프는 10개의 정점(A부터 J까지)으로 구성되며, 두 개의 클래스인 Vertex와 Graph를 사용하여 구현된다. Vertex 클래스는 정점의 이름, 이웃 리스트, 거리, 색상 변수를 포함하고, Graph 클래스는 정점들을 저장하는 딕셔너리와 정점을 추가하거나 엣지를 추가하는 기능을 가진다. BFS 함수는 시작 정점을 받아 큐를 사용하여 정점을 탐색하고, 각 정점의 거리를 업데이트한다.

- Vertex 클래스는 정점의 속성을 정의하고, 이웃을 추가하는 메서드를 포함한다.
- Graph 클래스는 정점을 추가하고 엣지를 연결하는 메서드를 제공한다.
- BFS는 큐를 사용하여 정점을 탐색하며, 방문한 정점의 색상을 변경하고 거리를 기록한다.
- 코드 실행 후 각 정점의 이웃과 거리 정보를 출력한다.

[tags] BFS, Graph, Vertex
[lang] python",BFS,,,-uR7BSfNJko,"[""BFS"", ""Graph"", ""Vertex""]"
python,https://www.youtube.com/watch?v=nZJBR5m9bGM,"너드 그래프 탐색에서 두 가지 주요 방법인 너비 우선 탐색(BFS)과 깊이 우선 탐색(DFS)을 다룬다. 이 영상에서는 BFS에 초점을 맞추며, 큐(Queue) 데이터 구조를 사용하여 그래프의 노드를 레벨별로 탐색하는 방법을 설명한다. BFS는 시작 노드를 고정한 후, 해당 노드를 큐에 추가하고, 큐에서 노드를 꺼내면서 인접한 노드를 탐색하는 방식으로 진행된다. 이 과정에서 방문한 노드를 추적하기 위해 방문 집합(Visited Set)을 사용한다.

BFS의 핵심 아이디어는 레벨 순서로 노드를 탐색하는 것이며, 이로 인해 그래프의 구조를 효과적으로 이해할 수 있다. BFS를 구현하기 위해서는 큐와 방문 집합이 필수적이며, 시작 노드를 정한 후 큐에 추가하는 것이 첫 단계이다. 이 알고리즘은 그래프의 모든 노드를 탐색할 수 있는 효율적인 방법이다.

- BFS는 큐를 사용하여 레벨 순서로 탐색한다.
- 방문한 노드를 추적하기 위해 방문 집합을 사용한다.
- 시작 노드를 고정하고 큐에 추가하는 것이 첫 단계이다.
- 그래프의 모든 노드를 탐색할 수 있다.

[tags] BFS
[lang] unknown",BFS,,,nZJBR5m9bGM,"[""BFS""]"
python,https://www.youtube.com/watch?v=CnECo0rUbzo,"너비 우선 탐색(BFS) 알고리즘은 그래프의 모든 노드를 레벨 순서로 탐색하는 방법이다. 이 알고리즘은 큐와 방문한 노드를 저장할 리스트 또는 집합을 사용하여 구현된다. 시작 노드에서부터 인접한 노드를 큐에 추가하고, 큐에서 노드를 꺼내어 방문한 리스트에 추가하는 과정을 반복한다. 이때 이미 방문한 노드는 다시 큐에 추가하지 않도록 주의해야 한다. BFS는 그래프의 구조를 인접 행렬이나 인접 리스트로 표현할 수 있으며, 이 강의에서는 인접 리스트를 사용한 예시를 통해 설명된다.

- BFS는 큐를 사용하여 노드를 탐색한다.
- 방문한 노드는 리스트에 추가하여 중복을 방지한다.
- 인접 노드를 탐색할 때는 이미 방문한 노드를 체크해야 한다.
- 그래프의 모든 노드를 레벨 순서로 탐색할 수 있다.

[tags] BFS
[lang] python",BFS,,,CnECo0rUbzo,"[""BFS""]"
python,https://www.youtube.com/watch?v=lyVRSBFVQQM,"너비 우선 탐색(Breadth-First Search, BFS)은 트리나 그래프의 모든 노드를 레벨 순서로 탐색하는 알고리즘이다. 이 알고리즘은 큐를 사용하여 구현되며, 방문한 노드의 자식 노드를 큐에 추가하고, 큐에서 노드를 꺼내어 방문하는 방식으로 진행된다. BFS의 기본 흐름은 루트 노드를 큐에 추가하고, 큐에서 노드를 꺼내면서 그 자식 노드를 큐에 추가하는 과정을 반복하는 것이다. 이 과정은 모든 노드를 방문할 때까지 계속된다.

BFS는 다음과 같은 특징을 가진다:
- 큐를 사용하여 노드를 관리한다.
- 각 노드를 방문할 때 자식 노드를 큐에 추가한다.
- 레벨 순서로 노드를 탐색하므로, 같은 레벨의 노드가 먼저 방문된다.
- 시간 복잡도는 O(V + E)로, V는 정점의 수, E는 간선의 수를 의미한다.

[tags] BFS
[lang] unknown",BFS,,,lyVRSBFVQQM,"[""BFS""]"
python,https://www.youtube.com/watch?v=yN6iRgv09mc,"너비 우선 탐색(BFS) 알고리즘은 그래프나 트리 구조에서 노드를 탐색하는 방법으로, 각 레벨을 순차적으로 탐색하는 방식이다. BFS는 큐를 사용하여 구현되며, 시작 노드에서부터 자식 노드를 차례로 큐에 추가하고, 방문한 노드는 다시 큐에 추가하지 않도록 관리한다. 이 과정에서 각 레벨의 노드를 모두 탐색한 후 다음 레벨로 이동하는 방식으로 진행된다. BFS는 그래프의 최단 경로를 찾는 데 유용하며, 복잡한 그래프에서도 동일한 원리를 적용할 수 있다.

BFS를 구현할 때는 큐의 효율성을 고려하여 리스트 대신 deque를 사용하는 것이 좋다. 이로 인해 노드를 추가하고 제거하는 과정에서 발생할 수 있는 비효율성을 줄일 수 있다. BFS의 시간 복잡도는 O(V + E)로, V는 정점의 수, E는 간선의 수를 의미한다.

- BFS는 각 레벨을 순차적으로 탐색한다.
- 큐를 사용하여 방문한 노드를 관리한다.
- 그래프와 트리 모두에 적용 가능하다.
- 시간 복잡도는 O(V + E)이다.

[tags] BFS
[lang] python",BFS,,,yN6iRgv09mc,"[""BFS""]"
python,https://www.youtube.com/watch?v=tswq532WVF4,"너비 우선 탐색(BFS)은 그래프 데이터 구조에서 노드를 탐색하는 기법으로, 주로 인접한 노드를 먼저 방문하는 방식으로 작동한다. 이 알고리즘은 큐를 사용하여 구현되며, 시작 노드에서부터 인접한 모든 노드를 탐색한 후, 그 다음 레벨의 노드로 이동하는 방식으로 진행된다. BFS는 그래프의 모든 노드를 방문할 수 있으며, 주로 최단 경로 문제나 그래프의 연결성을 확인하는 데 유용하다.

BFS를 구현하기 위해서는 먼저 방문한 노드를 기록할 배열(또는 집합)을 생성하고, 시작 노드를 큐에 추가한다. 이후 큐가 비어있지 않은 동안 반복적으로 큐에서 노드를 꺼내고, 그 노드의 인접 노드를 확인하여 방문하지 않은 노드를 큐에 추가하는 과정을 반복한다. 이 과정에서 이미 방문한 노드는 다시 큐에 추가하지 않도록 주의해야 한다.

- BFS는 인접 노드를 먼저 탐색한다.
- 큐를 사용하여 노드를 관리한다.
- 방문한 노드는 중복 방문하지 않는다.
- 그래프의 모든 노드를 탐색할 수 있다.

[tags] BFS
[lang] python",BFS,,,tswq532WVF4,"[""BFS""]"
python,https://www.youtube.com/watch?v=46VmSgebZP4,"BFS(너비 우선 탐색) 알고리즘은 그래프를 탐색하는 방법으로, 큐 자료구조를 사용하여 구현된다. 이 알고리즘은 시작 노드를 선택하고, 해당 노드를 큐에 추가한 후 방문 표시를 한다. 이후 큐에서 노드를 제거하고, 그 노드와 인접한 모든 미방문 노드를 큐에 추가하며 방문 표시를 반복한다. 이 과정은 큐가 비어있을 때까지 계속된다. BFS를 구현하기 위해서는 그래프와 시작 노드, 방문한 노드를 추적할 집합이 필요하다.

BFS 함수는 먼저 시작 노드가 그래프에 존재하는지 확인하고, 존재하지 않을 경우 함수 실행을 중단한다. 그 후 큐를 생성하고 시작 노드를 추가한 뒤, 반복문을 통해 큐가 비어있지 않은 동안 탐색을 진행한다. 이때, 큐는 리스트 또는 collections 모듈의 deque 클래스를 사용할 수 있다.

- BFS는 큐를 사용하여 그래프를 탐색한다.
- 시작 노드가 그래프에 존재하는지 확인해야 한다.
- 방문한 노드는 집합을 통해 관리한다.
- 큐는 리스트 또는 deque로 구현할 수 있다.
- 탐색은 큐가 비어있을 때까지 반복된다.

[tags] BFS, Queue
[lang] python",BFS,,,46VmSgebZP4,"[""BFS"", ""Queue""]"
python,https://www.youtube.com/watch?v=e0RBEHvAI_4,"이번 강의에서는 그래프 탐색 알고리즘 중 너비 우선 탐색(BFS)에 대해 다룬다. 이전 강의에서 깊이 우선 탐색(DFS)을 설명한 후, BFS의 기본 개념을 소개하며, BFS는 큐를 사용하여 노드를 탐색하는 방식임을 강조한다. BFS는 시작 노드에서 인접한 모든 노드를 먼저 방문하고, 그 다음 단계로 넘어가는 방식으로 작동한다. 이 과정에서 큐의 사용이 중요하며, 큐의 특성을 이해하는 것이 BFS 구현에 필수적이다.

BFS의 구현은 DFS와 유사하지만, 큐를 사용하여 노드를 관리하는 점에서 차이가 있다. 강의에서는 BFS의 최소 구현과 일반 구현을 보여주며, BFS가 메모리 사용량이 많을 수 있다는 점도 언급한다. BFS는 가중치나 휴리스틱을 고려하지 않는 탐색에 적합하며, 다음 강의에서는 이러한 요소들을 활용하는 알고리즘을 다룰 예정이다.

- BFS는 큐를 사용하여 노드를 탐색한다.
- DFS와 BFS는 유사한 구조를 가지고 있다.
- BFS는 메모리 사용량이 많을 수 있다.
- BFS는 가중치나 휴리스틱을 고려하지 않는다.

[tags] BFS, DFS
[lang] unknown",BFS,,,e0RBEHvAI_4,"[""BFS"", ""DFS""]"
python,https://www.youtube.com/watch?v=U5-bRX2AHNY,"너비 우선 탐색(BFS)은 그래프나 트리의 노드를 레벨 순서로 탐색하는 알고리즘이다. 이 알고리즘은 큐를 사용하여 현재 노드의 자식 노드를 탐색하고, 방문한 노드를 기록하여 중복 방문을 방지한다. BFS의 기본 흐름은 초기 노드를 큐에 추가하고, 큐가 비어있지 않은 동안 반복적으로 큐에서 노드를 꺼내어 그 노드의 자식 노드를 큐에 추가하는 방식으로 진행된다. 이 과정에서 방문한 노드는 '방문 배열'에 기록된다.

BFS를 구현하기 위해서는 그래프의 구조를 배열로 정의하고, 방문 배열과 큐를 초기화해야 한다. 각 노드의 자식 노드를 확인하고, 방문하지 않은 노드만 큐에 추가하는 방식으로 탐색을 진행한다. 최종적으로 출력되는 순서는 BFS의 탐색 결과로, 주어진 그래프의 노드를 레벨 순서로 나열한 것이다.

- BFS는 큐를 사용하여 노드를 탐색한다.
- 방문한 노드는 기록하여 중복 방문을 방지한다.
- 그래프의 구조를 배열로 정의해야 한다.
- 탐색 결과는 노드를 레벨 순서로 나열한 것이다.

[tags] BFS
[lang] python",BFS,,,U5-bRX2AHNY,"[""BFS""]"
python,https://www.youtube.com/watch?v=6T90pTJ03YY,"너비 우선 탐색(BFS) 알고리즘은 그래프의 노드를 탐색하는 방법으로, 시작 노드에서 인접한 노드로 ""불이 퍼지는"" 방식으로 작동한다. 이 알고리즘은 그래프의 모든 연결된 노드를 방문하기 위해 큐를 사용하여 현재 불이 붙은 노드를 추적하고, 방문한 노드는 boolean 배열로 관리한다. BFS는 다양한 문제에 적용될 수 있으며, 특히 최단 경로를 찾거나 격자에서 섬의 개수를 세는 데 유용하다.

BFS의 구현 과정은 다음과 같다:
- 그래프를 2D 리스트로 표현하고, 방문 여부를 나타내는 boolean 배열을 초기화한다.
- 시작 노드를 큐에 추가하고 불을 붙인다.
- 큐가 비어있지 않은 동안, 큐의 앞에서 노드를 꺼내 인접한 노드에 불을 붙인다.
- 모든 노드를 방문한 후, 방문하지 않은 노드를 확인하여 접근 가능성을 판단한다.

BFS의 시간 복잡도는 O(V + E)이며, 공간 복잡도 또한 O(V + E)이다. 이 알고리즘은 다양한 문제에 적용 가능하므로, 여러 문제를 풀어보며 이해도를 높이는 것이 중요하다.

[tags] BFS, 그래프, 최단 경로, 큐
[lang] python",BFS,,,6T90pTJ03YY,"[""BFS"", ""그래프"", ""최단 경로"", ""큐""]"
python,https://www.youtube.com/watch?v=oTH9wKi2Rac,"너비 우선 탐색(BFS) 알고리즘은 그래프의 모든 노드를 방문하는 방법을 제시하는 알고리즘으로, 주로 그래프 탐색 및 문제 해결에 사용된다. 이 알고리즘은 큐(Queue) 자료구조를 활용하여 구현되며, FIFO(선입선출) 원칙에 따라 노드를 탐색한다. BFS는 시작 노드에서 인접한 노드를 차례로 방문하며, 각 단계에서 방문한 노드를 기록하고 큐에 추가하여 반복적으로 진행된다. 이 과정은 모든 노드를 방문할 때까지 계속된다.

BFS 알고리즘의 구현은 다음과 같은 단계로 이루어진다:
1. 시작 노드를 큐와 방문 리스트에 추가한다.
2. 큐에서 노드를 꺼내 인접 노드를 확인하고, 방문하지 않은 노드를 방문 리스트와 큐에 추가한다.
3. 큐가 비어질 때까지 이 과정을 반복한다.

BFS는 그래프의 모든 노드를 탐색하는 데 유용하며, 특정 노드를 찾는 경우에는 해당 노드를 발견하는 즉시 탐색을 종료할 수 있다.

- BFS는 그래프 탐색의 기본 알고리즘이다.
- 큐 자료구조를 사용하여 노드를 관리한다.
- 모든 노드를 방문할 때까지 반복한다.
- 특정 노드를 찾는 경우 탐색을 조기에 종료할 수 있다.

[tags] BFS, Queue
[lang] python",BFS,,,oTH9wKi2Rac,"[""BFS"", ""Queue""]"
python,https://www.youtube.com/watch?v=GroMLA3arYs,"너비 우선 탐색(BFS)은 그래프의 모든 노드를 레벨 순서로 탐색하는 알고리즘이다. BFS는 큐(Queue) 자료구조를 사용하여 현재 노드의 모든 인접 노드를 먼저 탐색한 후, 그 다음 레벨의 노드로 이동하는 방식으로 작동한다. 예를 들어, 시작 노드에서 인접한 노드들을 큐에 추가하고, 큐에서 노드를 하나씩 꺼내면서 그 노드의 인접 노드를 다시 큐에 추가하는 과정을 반복한다. 이 과정은 모든 노드가 탐색될 때까지 계속된다.

BFS의 주요 특징은 다음과 같다:
- 모든 노드를 레벨 순서로 탐색한다.
- 큐를 사용하여 탐색 순서를 관리한다.
- DFS와 달리, BFS는 깊이보다는 너비를 우선으로 탐색한다.
- 시간 복잡도는 O(V + E)로, V는 노드 수, E는 간선 수를 의미한다.

[tags] BFS, Queue
[lang] unknown",BFS,,,GroMLA3arYs,"[""BFS"", ""Queue""]"
python,https://www.youtube.com/watch?v=3piXbPdLRGQ,"그래프 탐색 프로젝트에서는 너비 우선 탐색(BFS)과 깊이 우선 탐색(DFS) 두 가지 방법을 사용하여 그래프를 탐색하는 방법을 설명한다. BFS는 루트 노드에서 시작하여 각 레벨을 차례로 탐색하는 방식이며, DFS는 루트 노드에서 시작하여 왼쪽 자식 노드를 깊이 있게 탐색하는 방식이다. 이 프로젝트에서는 Python을 사용하여 그래프를 시각화하고, BFS와 DFS 버튼을 클릭하여 각각의 탐색 결과를 확인할 수 있도록 구현한다.

코드에서는 그래프의 초기화, 버튼 생성, 노드 연결 및 탐색 결과를 시각적으로 표시하는 기능이 포함되어 있다. BFS는 레벨별로 노드를 방문하며, DFS는 깊이 우선으로 노드를 탐색한다. 각 탐색 방식에 따라 노드의 색상이 변경되며, 모든 노드가 방문되었는지 여부를 확인할 수 있다. 이 프로젝트는 그래프 탐색의 기본 개념을 이해하고 시각적으로 표현하는 데 유용하다.

- BFS는 레벨별 탐색, DFS는 깊이별 탐색
- Python을 사용하여 그래프 시각화
- 버튼 클릭으로 탐색 결과 확인 가능
- 노드 방문 시 색상 변경
- 모든 노드 방문 여부 확인

[tags] BFS, DFS
[lang] python",BFS,,,3piXbPdLRGQ,"[""BFS"", ""DFS""]"
python,https://www.youtube.com/watch?v=YtD2KGRdn3s,"너비 우선 탐색(BFS)은 그래프나 그래프와 유사한 데이터 구조를 탐색하는 데 필수적인 알고리즘으로, 시간 복잡도는 노드 수와 간선 수의 합인 O(V + E)이다. 이 알고리즘은 두 노드 간의 최단 경로를 계산하는 데 사용되며, Ford-Fulkerson 알고리즘과 같은 다른 응용 프로그램에서도 활용된다. BFS는 큐를 사용하여 탐색을 진행하며, 시작 노드의 이웃을 큐에 추가하고 방문한 노드는 표시하여 반복적으로 탐색한다.

BFS를 통해 최단 경로를 찾기 위해서는 약간의 수정이 필요하다. 이때, 각 노드의 부모 노드를 기록하는 딕셔너리를 사용하여 최단 경로를 역추적할 수 있다. 최종적으로, 시작 노드에서 끝 노드까지의 경로를 반환하는 함수를 작성하여 경로를 생성하고, 이를 통해 최단 경로를 확인할 수 있다.

- BFS는 그래프 탐색에 유용하다.
- 시간 복잡도는 O(V + E)이다.
- 큐를 사용하여 탐색을 진행한다.
- 최단 경로를 찾기 위해 부모 노드를 기록한다.
- Python을 사용하여 구현할 수 있다.

[tags] BFS, Shortest Path
[lang] python",BFS,,,YtD2KGRdn3s,"[""BFS"", ""Shortest Path""]"
python,https://www.youtube.com/watch?v=PQhMkmhYZjQ,"너비 우선 탐색(BFS) 알고리즘을 파이썬으로 구현하는 과정이 설명된다. 먼저, 그래프를 인접 리스트 형식으로 정의하고, 각 노드의 방문 여부, 레벨(거리), 부모 노드를 추적하기 위한 딕셔너리를 초기화한다. BFS의 시작 노드를 설정하고, 큐를 사용하여 탐색을 진행한다. 큐에서 노드를 꺼내고, 인접한 노드를 방문하면서 레벨과 부모 정보를 업데이트한다. 탐색이 완료되면 BFS 순회 결과와 각 노드의 거리 정보를 출력한다.

BFS는 연결된 그래프에서 최단 경로를 찾는 데 유용하며, 비연결 그래프의 경우 추가적인 처리가 필요하다. 이 알고리즘은 시간 복잡도가 O(V + E)로, V는 정점의 수, E는 간선의 수를 나타낸다.

- BFS는 그래프의 최단 경로를 찾는 데 사용된다.
- 큐를 사용하여 탐색 순서를 관리한다.
- 비연결 그래프의 경우 추가 처리가 필요하다.
- 각 노드의 레벨을 통해 거리 정보를 제공한다.

[tags] BFS
[lang] python",BFS,,,PQhMkmhYZjQ,"[""BFS""]"
java,https://www.youtube.com/watch?v=02qvSxd-yL8,"너비 우선 탐색(BFS)은 그래프 탐색 알고리즘으로, 가까운 노드부터 차례로 탐색하는 방식입니다. 예를 들어, 친구를 통해 짝사랑하는 사람을 찾는 상황을 비유로 설명하며, 주변 친구들에게 물어보는 과정을 통해 탐색이 이루어집니다. BFS는 큐를 사용하여 방문한 노드를 관리하고, 인접한 노드를 탐색하면서 방문 여부를 기록합니다. 이 과정에서 타겟 노드에 도달하면 탐색을 종료하고, 최단 경로를 반환할 수 있습니다.

BFS의 주요 특징은 다음과 같습니다:
- 가까운 노드부터 탐색하여 최단 경로를 찾는 데 유리함.
- 큐를 사용하여 방문한 노드를 관리.
- 타겟 노드에 도달하면 탐색을 종료하고 경로를 반환.

[tags] BFS
[lang] unknown",BFS,,,02qvSxd-yL8,"[""BFS""]"
java,https://www.youtube.com/watch?v=Cs8DaupoSPM,"너비 우선 탐색(BFS)은 그래프를 탐색하는 알고리즘으로, 시작 노드에서 가까운 노드를 우선적으로 방문하는 방식입니다. BFS는 FIFO(First In First Out) 원칙을 따르며, 큐 자료구조를 사용하여 구현됩니다. 이 알고리즘은 모든 노드를 탐색하며, 목표 노드에 도달하는 경로가 여러 개일 경우 최단 경로를 보장합니다. 시간 복잡도는 노드 수와 엣지 수의 합으로, DFS와 유사합니다.

BFS의 기본 단계는 다음과 같습니다:
- 시작 노드를 정하고 큐와 방문 배열을 초기화합니다.
- 큐에서 노드를 꺼내고, 그 노드와 연결된 인접 노드를 큐에 추가합니다.
- 방문 배열을 업데이트하며, 큐가 비어질 때까지 이 과정을 반복합니다.

BFS는 구현이 중요하므로, 이론을 이해한 후 직접 코딩해보는 것이 필요합니다.

[tags] BFS, Queue
[lang] unknown",BFS,,,Cs8DaupoSPM,"[""BFS"", ""Queue""]"
java,https://www.youtube.com/watch?v=09IFRI93gs4,"이 강의는 Do-It 알고리즘 코딩 테스트 책과 연계된 동영상 강의로, 초보자와 코딩 테스트에 두려움을 느끼는 이들을 위한 내용을 담고 있다. 강의는 이론 강의와 문제풀이 강의로 나뉘며, 먼저 알고리즘의 핵심 이론을 학습한 후, 이를 바탕으로 다양한 코딩 테스트 문제를 해결하는 과정을 소개한다. 문제를 분석하고 전략을 세운 후, 손으로 직접 풀어보며, 마지막으로 슈도 코드와 실제 코드를 작성하는 4단계의 과정을 통해 학습한다.

강의는 총 100문제를 다루며, 시간 복잡도 분석과 디버깅 방법에 대한 기초적인 내용을 포함하고 있다. 이러한 과정을 통해 수강생들은 코딩 테스트에 대한 자신감을 키울 수 있을 것으로 기대된다.

- 강의는 이론과 문제풀이로 구성됨
- 문제 분석 후 손으로 전략 세우기
- 슈도 코드 작성 후 실제 코드 구현
- 총 100문제를 통해 학습
- 시간 복잡도와 디버깅 방법 포함

[tags] 
[lang] unknown",BFS,,,09IFRI93gs4,[]
java,https://www.youtube.com/watch?v=w419jCHXeEI,"이번 강의에서는 C언어와 자바에서 마방진을 구현하는 코드의 차이점을 살펴봅니다. 자바 프로그램은 클래스 내에서 변수와 메소드를 선언해야 하며, 메인 메소드를 포함하는 클래스를 통해 실행됩니다. 자바에서는 배열을 객체로 인식하므로, 2차원 배열을 선언할 때는 `new` 예약어를 사용하여 객체 형태로 생성해야 합니다. C언어와 유사한 부분도 많지만, 배열 선언 방식과 출력 메소드에서 차이가 있습니다.

- 자바의 배열 선언은 `new` 예약어를 사용하여 객체 형태로 이루어짐.
- 메인 메소드는 자바 프로그램의 시작점으로, 클래스 내에 반드시 포함되어야 함.
- 출력 메소드인 `System.out.println`은 C언어의 `printf`와 유사한 기능을 수행하지만, 서식 문자열을 사용하지 않음.
- 마방진 관련 코드의 대부분은 C코드와 유사하므로, 이전 학습 내용을 참고하면 좋음.

[tags] 
[lang] unknown",BFS,,,w419jCHXeEI,[]
java,https://www.youtube.com/watch?v=s14vkkAvLRI,"세준이는 주어진 수식에서 괄호를 적절히 배치하여 최소값을 만들고자 한다. 문제는 양수와 더하기, 빼기 연산자로 구성된 수식이 주어지며, 괄호를 통해 수식의 값을 최소화하는 방법을 찾는 것이다. 이 문제는 그리디 알고리즘을 통해 해결할 수 있으며, 마이너스 연산 뒤에 있는 수식의 값을 최대화하는 것이 핵심이다. 즉, 마이너스가 나올 때까지의 모든 더하기 연산을 괄호로 묶어 최대값을 빼는 방식으로 접근한다.

구현 과정은 다음과 같다. 먼저 수식을 마이너스를 기준으로 나누고, 각 부분에서 더하기 연산을 수행하여 결과를 구한다. 이후, 첫 번째 부분은 더하고 나머지 부분은 빼는 방식으로 최종 결과를 도출한다. 이 과정에서 문자열을 스플릿하여 각 연산을 처리하는 함수를 정의하고, 최종적으로 계산된 값을 출력한다.

- 마이너스 연산 뒤의 수식을 최대화하여 최소값을 도출
- 수식을 마이너스 기준으로 나누고 각 부분에서 더하기 연산 수행
- 첫 번째 부분은 더하고 나머지는 빼는 방식으로 결과 계산
- 문자열 스플릿을 통해 연산 처리

[tags] Greedy
[lang] unknown",BFS,,,s14vkkAvLRI,"[""Greedy""]"
java,https://www.youtube.com/watch?v=i2C4hW-c0m4,"주어진 문제는 특정 연도가 윷년인지 판단하는 프로그램을 작성하는 것입니다. 윷년은 연도가 4의 배수이면서 100의 배수가 아닐 때 또는 400의 배수일 때 해당합니다. 입력으로 주어진 연도를 기준으로 조건을 확인하고, 윷년이면 1을, 아니면 0을 출력하는 방식으로 구현됩니다. 이 과정에서 if문을 사용하여 조건을 체크하고, 스캐너를 통해 연도를 입력받습니다.

또한, 두 번째 문제는 1부터 n까지의 합을 구하는 프로그램으로, n은 1 이상 10,000 이하의 자연수입니다. 이 문제는 for문을 사용하여 간단히 해결할 수 있으며, 입력받은 n에 대해 1부터 n까지의 합을 계산하여 출력합니다. 두 문제 모두 기본적인 조건문과 반복문을 활용하여 해결할 수 있습니다.

- 윷년 조건: 4의 배수이면서 100의 배수가 아닐 때 또는 400의 배수
- 입력 범위: 1 ≤ 연도 ≤ 4000, 1 ≤ n ≤ 10,000
- 출력: 윷년이면 1, 아니면 0 / 1부터 n까지의 합
- 사용된 자료구조: 스캐너, 변수, 조건문, 반복문

[tags] 
""조건문"", ""반복문"", ""스캐너""
[lang] java",BFS,,,i2C4hW-c0m4,[]
java,https://www.youtube.com/watch?v=7OSsRByEwZs,"동혁이는 체스판과 피스를 발견했지만, 흰색 피스의 개수가 올바르지 않다. 체스는 총 16개의 피스로 구성되며, 각 피스의 올바른 개수는 킹 1개, 퀸 1개, 룩 2개, 비숍 2개, 나이트 2개, 폰 8개이다. 주어진 흰색 피스의 개수를 바탕으로 몇 개를 더하거나 빼야 올바른 세트가 되는지를 계산하는 프로그램을 작성해야 한다. 입력으로 주어진 피스의 개수와 올바른 개수의 차이를 계산하여 출력하면 된다.

이 문제를 해결하기 위해서는 먼저 올바른 피스의 개수를 배열로 초기화한 후, 입력받은 피스의 개수와 비교하여 차이를 계산한다. 이 차이를 출력하는 방식으로 문제를 해결할 수 있다. 복잡도는 O(1)로, 입력의 크기와 관계없이 일정한 시간에 해결할 수 있다.

- 체스 피스의 올바른 개수 배열 초기화
- 입력받은 피스 개수와의 차이 계산
- 결과 출력 형식에 주의
- 복잡도 O(1)

[tags] 
[lang] java",BFS,,,7OSsRByEwZs,[]
java,https://www.youtube.com/watch?v=GAtyPIM9TP8,"트리 순회(Tree Traversal)는 트리 구조에서 노드를 탐색하는 방법으로, 주로 넓이 우선 탐색(Breadth-First Search, BFS)과 깊이 우선 탐색(Depth-First Search, DFS)으로 나뉜다. BFS는 루트 노드에서 시작하여 각 레벨을 차례로 탐색하며, 큐를 사용하여 노드를 저장하고 결과를 배열에 담는다. 반면, DFS는 노드를 깊게 탐색하며, Pre-Order, In-Order, Post-Order 방식으로 구현할 수 있다. Pre-Order는 루트 노드를 먼저 방문하고, In-Order는 왼쪽 자식 노드를 먼저 방문한 후 루트, 오른쪽 자식 순으로 탐색하며, Post-Order는 모든 자식 노드를 탐색한 후 루트 노드를 방문한다.

- BFS는 큐를 사용하여 레벨 순서로 탐색한다.
- DFS는 재귀를 통해 깊이 있게 탐색하며, 세 가지 방식(Pre, In, Post)으로 구현 가능하다.
- 각 탐색 방식의 결과는 노드 방문 순서에 따라 다르다.

[tags] BFS, DFS, Pre-Order, In-Order, Post-Order
[lang] unknown",BFS,,,GAtyPIM9TP8,"[""BFS"", ""DFS"", ""Pre-Order"", ""In-Order"", ""Post-Order""]"
java,https://www.youtube.com/watch?v=x8Zwup81DlA,"그래프 탐색 알고리즘에는 깊이 우선 탐색(DFS)과 너비 우선 탐색(BFS) 두 가지가 있다. DFS는 스택을 사용하여 구현되며, 가장 최근에 추가된 노드를 먼저 방문하는 방식으로, 인접한 노드를 깊이 있게 탐색한다. 반면 BFS는 큐를 사용하여 구현되며, 가까운 노드부터 차례로 방문하는 방식으로, 인접한 노드를 넓게 탐색한다. 두 알고리즘 모두 그래프를 배열 또는 행렬로 표현할 수 있으며, 노드와 간선의 연결 상태를 관리하는 것이 중요하다.

DFS는 Last In First Out(LIFO) 원칙을 따르며, 스택에 노드를 푸시하고 팝하면서 탐색을 진행한다. BFS는 First In First Out(FIFO) 원칙을 따르며, 큐에 노드를 추가하고 제거하면서 탐색을 진행한다. 이 두 알고리즘은 그래프의 구조에 따라 다양한 경로를 탐색할 수 있으며, 구현 시 방문한 노드를 기록하여 중복 방문을 방지해야 한다.

- DFS는 스택을 사용하여 깊이 우선으로 탐색.
- BFS는 큐를 사용하여 너비 우선으로 탐색.
- 그래프는 배열 또는 행렬로 표현 가능.
- 방문한 노드를 기록하여 중복 방문 방지 필요.

[tags] DFS, BFS
[lang] unknown",BFS,,,x8Zwup81DlA,"[""DFS"", ""BFS""]"
java,https://www.youtube.com/watch?v=r3iW552f-kk,"이진 검색 트리를 구성하는 배열을 찾는 알고리즘은 주어진 트리 구조를 기반으로 가능한 모든 배열의 조합을 생성하는 방법을 설명합니다. 이진 검색 트리는 각 노드의 왼쪽 자식은 해당 노드보다 작고, 오른쪽 자식은 큰 값을 가져야 합니다. 알고리즘은 먼저 루트 노드를 고정하고, 그 후 왼쪽과 오른쪽 서브트리의 노드들을 순서대로 배열에 추가하는 방식으로 진행됩니다. 이때, 왼쪽과 오른쪽 서브트리의 노드들은 서로 교차하여 배열에 추가될 수 있으며, 이 과정에서 가능한 모든 조합을 생성합니다.

알고리즘의 핵심은 각 서브트리에서 가능한 배열을 재귀적으로 생성하고, 이를 조합하여 최종 결과를 도출하는 것입니다. 이 과정에서 선택의 기로에 놓일 때마다 새로운 경우의 수를 생성하는 '평행 우주' 개념을 사용하여 모든 조합을 탐색합니다. 이 알고리즘은 트리의 구조에 따라 경우의 수가 기하급수적으로 증가할 수 있으며, 각 경우의 수를 저장하여 최종적으로 모든 가능한 배열을 반환합니다.

- 이진 검색 트리의 구조 이해
- 루트 노드 고정 후 서브트리 조합
- 재귀적 배열 생성 및 조합
- 경우의 수 기하급수적 증가
- '평행 우주' 개념 활용

[tags] 
[""Binary Search Tree"", ""Recursion"", ""Combinatorial Generation""]
[lang] unknown",BFS,,,r3iW552f-kk,[]
java,https://www.youtube.com/watch?v=ftOmGdm95XI,"BFS(너비 우선 탐색)는 그래프의 모든 노드를 방문하기 위한 알고리즘으로, 주어진 문제를 해결하는 데 유용하다. 이 강의에서는 BFS를 활용하여 Flood Fill 기능을 구현하는 방법을 설명한다. Flood Fill은 특정 색상의 영역을 한 번에 변경하는 기능으로, BFS를 통해 클릭한 칸의 상하좌우를 탐색하며 같은 색상의 인접한 칸을 방문하는 방식으로 구현된다. BFS의 기본 흐름은 시작점을 큐에 넣고, 큐가 빌 때까지 인접한 칸을 탐색하여 방문 표시를 남기고 큐에 추가하는 것이다. 이 과정에서 시간 복잡도는 O(N) 또는 O(RC)로, 모든 칸이 한 번씩 큐에 들어가게 된다.

BFS의 구현 시 주의할 점은 방문 표시를 적절히 남기는 것이며, 이를 통해 중복 방문을 방지해야 한다. 또한, BFS는 다양한 문제에 응용될 수 있으며, 예를 들어 미로 탐색, 그림 찾기, 거리 측정 등에서 활용된다. BFS의 기본 틀을 익히고, 다양한 문제를 풀어보는 것이 중요하다.

- BFS는 그래프 탐색 알고리즘이다.
- Flood Fill 기능을 구현하는 데 사용된다.
- 큐를 사용하여 인접한 칸을 탐색한다.
- 시간 복잡도는 O(N) 또는 O(RC)이다.
- 방문 표시를 통해 중복 방문을 방지해야 한다.

[tags] BFS, Flood Fill, 그래프 탐색
[lang] unknown",BFS,,,ftOmGdm95XI,"[""BFS"", ""Flood Fill"", ""그래프 탐색""]"
java,https://www.youtube.com/watch?v=lq85zEW1S_s,"이진트리는 각 노드가 최대 두 개의 자식을 가지는 트리 구조로, 높이가 n인 이진트리의 최대 노드 수는 \(2^n - 1\)입니다. 이진트리는 정의 이진트리, 포화 이진트리, 완전 이진트리, 사양 이진트리의 네 가지 유형으로 나뉘며, 각 유형은 자식 노드의 수와 깊이에 따라 구분됩니다. 이진트리는 링크드 리스트 형태로 구현할 수 있으며, 각 노드는 데이터와 왼쪽, 오른쪽 자식 노드에 대한 포인터를 포함합니다.

이진트리의 순회 방법에는 전위 순회, 중위 순회, 후위 순회가 있으며, 각 방법은 노드를 방문하는 순서가 다릅니다. 전위 순회는 현재 노드를 방문한 후 왼쪽 자식, 오른쪽 자식을 탐색하고, 중위 순회는 왼쪽 자식을 탐색한 후 현재 노드를 방문하고 오른쪽 자식을 탐색합니다. 후위 순회는 왼쪽, 오른쪽 자식을 탐색한 후 현재 노드를 방문하는 방식입니다. 이러한 순회 방법은 재귀적으로 구현할 수 있습니다.

- 이진트리의 최대 노드 수: \(2^n - 1\)
- 이진트리의 종류: 정의 이진트리, 포화 이진트리, 완전 이진트리, 사양 이진트리
- 순회 방법: 전위 순회, 중위 순회, 후위 순회

[tags] 이진트리, 전위 순회, 중위 순회, 후위 순회
[lang] unknown",BFS,,,lq85zEW1S_s,"[""이진트리"", ""전위 순회"", ""중위 순회"", ""후위 순회""]"
java,https://www.youtube.com/watch?v=WooOuXIiRjE,"트리는 문자열을 저장하기 위한 데이터 구조인 트라이(Trie)에 대해 설명한다. 트라이는 문자열의 공통된 접두사를 공유하는 노드들로 구성되어 있으며, 각 노드는 알파벳을 가리키는 포인터를 가진다. 예를 들어, ""baby"", ""bool"", ""tree"", ""try""와 같은 단어를 저장할 때, 루트 노드에서 시작하여 각 알파벳에 따라 하위 노드로 이동하며 문자열을 구성한다. 트라이의 주요 장점은 문자열 검색과 추가 작업이 단어의 길이에 비례하는 O(m)의 시간 복잡도를 가지며, 이는 m이 찾고자 하는 단어의 길이임을 의미한다.

트라이의 노드는 배열이나 해시맵으로 구현할 수 있으며, 각 노드는 해당 알파벳이 끝나는 지점을 나타내는 is-end 속성을 가진다. 또한, 마침표(.)를 포함한 검색 기능을 통해 모든 경로를 탐색할 수 있어 유연한 검색이 가능하다. 이러한 특성 덕분에 트라이는 문자열 자동 완성 기능과 같은 다양한 응용 프로그램에서 유용하게 사용된다.

- 트라이 구조는 문자열의 공통 접두사를 공유하는 노드로 구성됨.
- 문자열 검색 및 추가는 O(m)의 시간 복잡도를 가짐.
- 노드는 배열 또는 해시맵으로 구현 가능.
- is-end 속성을 통해 단어의 끝을 표시.
- 마침표 검색 기능으로 유연한 검색 가능.

[tags] Trie, 문자열 검색, 데이터 구조
[lang] unknown",BFS,,,WooOuXIiRjE,"[""Trie"", ""문자열 검색"", ""데이터 구조""]"
java,https://www.youtube.com/watch?v=P70dOq-tU-Y,"최선우선 탐색(Best-First Search) 알고리즘은 최적의 해에 빠르게 도달하기 위한 탐색 전략으로, 주어진 상태에서 가장 유망한 노드를 우선적으로 확장하는 방식입니다. 이 알고리즘은 너비우선 탐색(BFS)과 깊이우선 탐색(DFS)의 개념을 바탕으로 하며, 특히 우선순위 큐를 사용하여 노드를 관리합니다. 노드의 한계값(bound)을 계산하여 가장 유망한 노드를 선택하고, 이를 통해 최적의 해를 찾습니다. 이 과정에서 힙 자료구조를 활용하여 효율적으로 노드를 관리하고, 최적의 값을 유지합니다.

- 최선우선 탐색은 유망한 노드를 우선적으로 확장
- 우선순위 큐를 사용하여 노드를 관리
- 힙 자료구조를 통해 효율적인 노드 선택
- 깊이우선 탐색과 너비우선 탐색의 개념을 포함
- 최적의 해를 찾기 위해 한계값을 계산

[tags] Best-First Search, Priority Queue, Heap, BFS, DFS
[lang] unknown",BFS,,,P70dOq-tU-Y,"[""Best-First Search"", ""Priority Queue"", ""Heap"", ""BFS"", ""DFS""]"
java,https://www.youtube.com/watch?v=pbPX0EGi3TQ,"깊이 우선 탐색(DFS)과 너비 우선 탐색(BFS)은 트리나 그래프와 같은 비선형 구조를 탐색하는 두 가지 기본적인 방법이다. DFS는 한 정점을 방문한 후 연결된 다른 정점으로 깊이 들어가며, 더 이상 방문할 곳이 없으면 이전 상태로 돌아가 다시 탐색을 계속하는 방식이다. 반면 BFS는 방문한 정점에 연결된 모든 정점을 먼저 방문한 후, 다음 깊이의 정점들을 순서대로 탐색하는 방법이다. DFS는 스택 구조를 사용하여 구현되며, BFS는 큐 구조를 사용한다.

이 두 탐색 방법은 다양한 문제 해결에 활용될 수 있으며, 특히 DFS는 백트래킹 기법과 함께 사용되어 모든 가능한 경우를 탐색하는 데 유용하다. 예를 들어, 두더지굴 문제에서는 DFS를 통해 연결된 1의 개수를 세고, 각 굴의 크기를 정렬하여 출력하는 방식으로 문제를 해결할 수 있다. BFS 또한 유사한 방식으로 문제를 해결할 수 있다.

- DFS는 깊이 우선으로 탐색하며, 스택을 사용한다.
- BFS는 너비 우선으로 탐색하며, 큐를 사용한다.
- DFS는 백트래킹과 함께 사용될 수 있다.
- 두더지굴 문제는 DFS를 통해 해결할 수 있다.
- 두 탐색 방법 모두 비선형 구조의 탐색에 효과적이다.

[tags] DFS, BFS, Backtracking
[lang] unknown",BFS,,,pbPX0EGi3TQ,"[""DFS"", ""BFS"", ""Backtracking""]"
java,https://www.youtube.com/watch?v=BStHJOq_mnY,"깊이 우선 탐색(DFS)과 너비 우선 탐색(BFS)의 차이점에 대해 설명하고, 각각의 탐색 방법을 적용한 예시를 통해 방문 순서를 도출하는 과정을 다룬다. DFS는 스택을 사용하여 깊이 있게 탐색하며, 더 이상 갈 곳이 없을 때 백트래킹을 통해 이전 노드로 돌아간다. 반면 BFS는 큐를 사용하여 넓게 탐색하며, 인접한 노드를 차례로 방문한다. 

예시로 주어진 그래프에서 DFS를 통해 A, B, E, F, G, C, D의 순서로 방문하게 되며, BFS를 통해서는 A, B, C, D, E, F, G의 순서로 방문하게 된다. DFS는 스택을 사용하지 않고도 구현할 수 있지만, BFS는 큐를 반드시 사용해야 한다는 점이 중요하다.

- DFS는 스택을 사용하여 깊이 탐색
- BFS는 큐를 사용하여 넓이 탐색
- 백트래킹은 더 이상 갈 곳이 없을 때 수행
- 방문 순서는 탐색 방법에 따라 다름

[tags] DFS, BFS
[lang] unknown",BFS,,,BStHJOq_mnY,"[""DFS"", ""BFS""]"
java,https://www.youtube.com/watch?v=y4dWsmd7Gqg,"너비 우선 탐색(BFS)의 구현 방법에 대해 설명한다. BFS를 실행하기 위해서는 먼저 그래프의 정점과 간선을 정의해야 하며, 이를 위해 노드 클래스를 생성한다. 각 노드는 정수 값을 가지며, 인접한 노드들의 리스트를 포함한다. BFS의 핵심은 시작 노드에서부터 인접한 노드를 차례로 방문하는 것으로, 이를 위해 해시셋과 큐를 사용한다. 해시셋은 방문한 노드를 추적하고, 큐는 다음에 방문할 노드를 관리한다.

BFS의 구현 과정은 시작 노드를 큐에 추가하고, 큐가 비어있지 않은 동안 반복하여 노드를 방문하는 방식이다. 각 노드를 방문할 때마다 해당 노드의 값이 목표 값과 일치하는지 확인하고, 일치하지 않으면 자식 노드를 큐에 추가한다. 모든 노드를 방문한 후에도 목표 노드를 찾지 못하면 false를 반환한다. 이 알고리즘은 최악의 경우 O(V + E)의 시간 복잡도를 가진다.

- BFS는 그래프 탐색 알고리즘이다.
- 해시셋을 사용하여 방문한 노드를 추적한다.
- 큐를 사용하여 인접 노드를 순차적으로 방문한다.
- 목표 노드에 도달하면 true를 반환하고, 그렇지 않으면 false를 반환한다.

[tags] BFS
[lang] java",BFS,,,y4dWsmd7Gqg,"[""BFS""]"
java,https://www.youtube.com/watch?v=kkDwvvzTAa8,"너비 우선 탐색(BFS) 알고리즘은 트리를 레벨별로 탐색하는 방법으로, 먼저 같은 레벨의 모든 노드를 방문한 후 다음 레벨로 이동한다. 이 알고리즘을 구현하기 위해서는 트리 구조를 정의하고, 큐를 사용하여 탐색을 진행한다. 루트 노드를 큐에 추가한 후, 큐가 비어있지 않은 동안 반복적으로 노드를 꺼내어 탐색하며, 찾고자 하는 값을 발견하면 탐색을 종료한다. 만약 찾고자 하는 값이 현재 노드에 없다면, 해당 노드의 자식 노드를 큐에 추가하여 다음 탐색을 준비한다.

BFS의 주요 특징은 모든 노드를 같은 레벨에서 먼저 방문하기 때문에, 최단 경로를 찾는 데 유리하다. 이 알고리즘은 트리 또는 그래프 구조에서 사용되며, 큐를 활용하여 구현된다. 시간 복잡도는 O(V + E)로, V는 정점의 수, E는 간선의 수를 나타낸다.

- BFS는 레벨별 탐색을 수행한다.
- 큐를 사용하여 탐색 순서를 관리한다.
- 트리 구조를 정의하고 자식 노드를 추가하는 방법이 필요하다.
- 최단 경로 탐색에 유리하다.

[tags] BFS, Tree, Queue
[lang] java",BFS,,,kkDwvvzTAa8,"[""BFS"", ""Tree"", ""Queue""]"
java,https://www.youtube.com/watch?v=rTk9dewULy8,"BFS(너비 우선 탐색)는 그래프나 트리 데이터 구조를 탐색하는 알고리즘으로, 시작 노드에서 인접한 모든 노드를 먼저 방문한 후 다음 레벨의 노드로 이동하는 방식으로 작동합니다. BFS는 큐를 사용하여 구현되며, 그래프에서는 사이클이 존재할 수 있기 때문에 방문한 노드를 추적하기 위해 불리언 배열을 사용해야 합니다. 이와 달리 트리에서는 사이클이 없으므로 방문 추적이 필요하지 않습니다.

BFS의 기본 흐름은 다음과 같습니다. 시작 노드를 큐에 추가하고 방문 표시를 한 후, 큐에서 노드를 꺼내어 출력하고 해당 노드의 이웃 노드를 큐에 추가합니다. 이 과정을 반복하여 모든 노드를 방문할 때까지 진행합니다. BFS는 그래프의 모든 노드를 탐색할 수 있으며, 시간 복잡도는 O(V + E)로, V는 정점의 수, E는 간선의 수를 나타냅니다.

- BFS는 큐를 사용하여 구현된다.
- 그래프에서는 사이클이 존재할 수 있으므로 방문한 노드를 추적해야 한다.
- 시간 복잡도는 O(V + E)이다.
- BFS는 인접 리스트를 사용하여 그래프를 표현할 수 있다.

[tags] BFS, 그래프, 큐
[lang] unknown",BFS,,,rTk9dewULy8,"[""BFS"", ""그래프"", ""큐""]"
java,https://www.youtube.com/watch?v=7Cox-J7onXw,"너비 우선 탐색(BFS)은 트리나 그래프 데이터 구조를 탐색하는 알고리즘으로, 깊이 우선 탐색(DFS)과 달리 한 번에 한 레벨씩 탐색한다. BFS는 큐를 사용하여 방문하지 않은 노드를 저장하고, 시작 노드에서 인접한 노드를 차례로 큐에 추가하며 진행된다. 예를 들어, 노드 A에서 시작하여 인접한 노드 B와 D를 큐에 추가하고, 이들 각각의 인접 노드를 계속해서 큐에 추가하는 방식으로 탐색을 진행한다.

BFS의 구현에서는 인접 행렬을 사용하여 노드의 방문 여부를 기록하는 불리언 배열을 활용한다. 큐의 크기가 0이 아닐 때까지 반복하며, 큐에서 노드를 꺼내고 해당 노드의 인접 노드를 확인하여 방문하지 않은 노드를 큐에 추가한다. BFS는 목적지가 시작점과 가까운 경우에 유리하며, 형제 노드를 자식 노드보다 먼저 방문하는 특징이 있다.

- BFS는 큐를 사용하여 레벨 단위로 탐색한다.
- 인접 행렬을 통해 노드의 방문 여부를 관리한다.
- BFS는 목적지가 가까운 경우에 효과적이다.
- 형제 노드를 자식 노드보다 먼저 방문한다.

[tags] BFS
[lang] unknown",BFS,,,7Cox-J7onXw,"[""BFS""]"
java,https://www.youtube.com/watch?v=9Oev6UgLhiI,"너비 우선 탐색(BFS) 알고리즘은 그래프의 모든 정점과 간선을 한 번씩 방문하는 방법으로, 시작 정점을 선택한 후 그 정점의 이웃을 먼저 탐색하고, 다음 깊이의 정점으로 이동하는 방식으로 진행된다. BFS는 정점을 '방문한' 것과 '방문하지 않은' 것으로 구분하여, 각 정점을 한 번만 방문하도록 보장한다. 탐색은 큐를 사용하여 구현되며, 정점이 발견되면 큐에 추가되고, 큐가 비어질 때까지 이 과정을 반복한다.

BFS 구현 시 주의할 점은 사이클이 있는 그래프에서 무한 루프에 빠지지 않도록 방문하지 않은 정점의 이웃만 큐에 추가해야 한다는 것이다. 이를 통해 BFS는 모든 정점을 정확한 순서로 탐색할 수 있다. 이 알고리즘은 그래프의 구조에 따라 다양한 응용이 가능하며, 일반적으로 시간 복잡도는 O(V + E)로, V는 정점의 수, E는 간선의 수를 나타낸다.

- BFS는 정점과 간선을 한 번씩 방문한다.
- 큐를 사용하여 탐색 순서를 관리한다.
- 방문하지 않은 정점의 이웃만 큐에 추가해야 한다.
- 시간 복잡도는 O(V + E)이다.

[tags] BFS
[lang] unknown",BFS,,,9Oev6UgLhiI,"[""BFS""]"
java,https://www.youtube.com/watch?v=KoX1arfQA0Y,"너비 우선 탐색(BFS)은 그래프를 탐색하는 기법으로, 큐(Queue) 자료구조를 사용하여 구현된다. BFS는 시작 노드에서 인접한 모든 노드를 방문한 후, 다음 레벨의 노드로 이동하는 방식으로 작동한다. 이 과정에서 각 노드는 한 번만 방문되며, 레벨별로 노드를 탐색한다. 예를 들어, A에서 시작하여 B와 C를 방문한 후, B의 인접 노드인 D와 E를 탐색하고, C의 인접 노드인 F와 G를 탐색하는 식이다.

BFS의 구현 과정은 다음과 같다:
1. 시작 노드를 큐에 삽입한다.
2. 큐에서 노드를 제거하고 BFS 결과에 추가한다.
3. 제거한 노드의 인접 노드를 큐에 삽입한다.
4. 큐가 비어있지 않을 때까지 이 과정을 반복한다.

BFS의 시간 복잡도는 O(V + E)로, V는 정점의 수, E는 간선의 수를 의미한다.

- BFS는 큐를 사용하여 구현된다.
- 노드는 레벨별로 탐색된다.
- 각 노드는 한 번만 방문된다.
- 시간 복잡도는 O(V + E)이다.

[tags] BFS, Queue
[lang] unknown",BFS,,,KoX1arfQA0Y,"[""BFS"", ""Queue""]"
java,https://www.youtube.com/watch?v=_I401xw0irg,"너비 우선 탐색(BFS) 알고리즘은 그래프의 탐색 기법으로, 루트 노드에서 시작하여 인접한 노드를 차례로 방문하는 방식으로 작동한다. BFS는 큐 자료구조를 사용하여 방문한 노드와 미방문 노드를 관리하며, 모든 인접 노드를 탐색한 후 다음 노드로 이동한다. 이 과정은 원하는 노드를 찾을 때까지 반복된다. 예를 들어, 노드 A에서 시작하여 B와 C를 방문하고, 이후 D와 E를 탐색하는 식으로 진행된다.

BFS 알고리즘의 구현은 C 언어로 이루어지며, 2차원 배열을 사용하여 그래프를 표현하고, 방문 여부를 기록하는 배열을 활용한다. 사용자는 그래프의 정점 수와 인접 행렬을 입력하여 BFS를 실행하고, 특정 시작 노드에서 도달 가능한 모든 노드를 출력할 수 있다. BFS의 시간 복잡도는 O(V + E)로, V는 정점의 수, E는 간선의 수를 의미한다.

- BFS는 큐를 사용하여 노드를 관리한다.
- 모든 인접 노드를 탐색한 후 다음 노드로 이동한다.
- 시간 복잡도는 O(V + E)이다.
- C 언어로 구현된 예시가 제공된다.

[tags] BFS
[lang] c",BFS,,,_I401xw0irg,"[""BFS""]"
java,https://www.youtube.com/watch?v=kmBJ7IJR_pQ,"너비 우선 탐색(BFS)은 그래프를 레벨별로 탐색하는 알고리즘으로, 주어진 노드에서 시작하여 인접한 노드를 차례로 방문하는 방식이다. BFS는 큐를 사용하여 현재 노드의 이웃을 저장하고, 방문한 노드는 다시 방문하지 않도록 관리한다. 이 알고리즘은 그래프의 모든 노드를 한 번씩 방문하며, 시간 복잡도는 O(N + E)로, 여기서 N은 노드의 수, E는 간선의 수를 의미한다. 공간 복잡도 또한 O(N + E)로, 방문 배열과 큐를 포함한다.

BFS의 기본 흐름은 다음과 같다:
- 시작 노드를 큐에 추가하고 방문 표시.
- 큐에서 노드를 꺼내고, 그 노드의 이웃을 확인.
- 이웃 중 방문하지 않은 노드를 큐에 추가하고 방문 표시.
- 큐가 비어질 때까지 이 과정을 반복.

BFS는 다양한 문제에 적용 가능하며, 기본적인 형태에서 한 줄의 코드 수정으로 여러 문제를 해결할 수 있다.

[tags] BFS
[lang] unknown",BFS,,,kmBJ7IJR_pQ,"[""BFS""]"
java,https://www.youtube.com/watch?v=IWc2NU1yrik,"그래프의 탐색 알고리즘인 BFS와 DFS를 사용하여 연결되지 않은 그래프를 탐색하는 방법에 대해 설명한다. 연결되지 않은 그래프는 여러 개의 컴포넌트로 나뉘어 있으며, 각 컴포넌트는 서로 연결되어 있지 않다. 이 문제를 해결하기 위해서는 각 노드를 방문했는지 확인하고, 방문하지 않은 노드에서 BFS 또는 DFS를 시작해야 한다. 이를 통해 모든 노드를 탐색할 수 있다.

주요 포인트는 다음과 같다:
- BFS와 DFS는 시작 노드에서 연결된 모든 노드를 탐색한다.
- 연결되지 않은 그래프에서는 각 컴포넌트의 시작 노드를 반복적으로 선택해야 한다.
- 방문 여부를 체크하여 이미 방문한 노드는 건너뛰고, 방문하지 않은 노드에서 탐색을 시작한다.
- 코드에서의 변경은 시작 노드를 하드코딩하는 대신 반복문을 사용하여 동적으로 설정하는 것이다.

[tags] BFS, DFS
[lang] unknown",BFS,,,IWc2NU1yrik,"[""BFS"", ""DFS""]"
c,https://www.youtube.com/watch?v=l0Rsu7dziws,"깊이 우선 탐색(DFS)은 그래프 탐색 알고리즘으로, 스택을 사용하여 각 노드를 탐색하는 방식입니다. DFS는 시작 노드를 스택에 넣고, 스택의 최상단 노드를 꺼내어 그 노드의 인접 노드 중 방문하지 않은 노드를 스택에 추가하며 탐색을 진행합니다. 만약 방문하지 않은 인접 노드가 없다면, 스택에서 노드를 제거하고 이전 노드로 돌아갑니다. 이 과정을 반복하여 모든 노드를 방문하게 됩니다. DFS는 재귀 함수를 사용하여 구현할 수 있으며, 이는 내부적으로 스택 프레임을 활용하는 방식입니다.

DFS의 주요 특징은 다음과 같습니다:
- 스택을 사용하여 깊이 우선으로 탐색.
- 재귀 함수를 통해 간결하게 구현 가능.
- 그래프의 모든 노드를 방문할 수 있음.
- 너비 우선 탐색(BFS)과는 다른 탐색 방식.

[tags] DFS
[lang] unknown",BFS,,,l0Rsu7dziws,"[""DFS""]"
c,https://www.youtube.com/watch?v=Z27rnUEO1R0,"깊이 우선 탐색(DFS)은 스택 구조를 기반으로 하여 데이터를 탐색하는 방법으로, 가능한 한 깊게 탐색한 후 더 이상 진행할 수 없을 때 돌아와서 다른 경로를 탐색하는 방식이다. 이 알고리즘은 그래프나 트리 구조에서 사용되며, 미로 탈출 문제와 같은 다양한 문제를 해결하는 데 활용된다. DFS는 재귀적으로 구현할 수 있으며, 방문한 경로를 기록하고 벽이나 이미 방문한 위치를 피하는 방식으로 진행된다.

DFS의 주요 흐름은 다음과 같다:
- 시작점에서 가능한 방향으로 깊게 탐색.
- 더 이상 진행할 수 없을 경우, 이전 위치로 돌아가 다른 경로 탐색.
- 목표 지점에 도달하면 경로를 반환하고, 도달하지 못하면 null을 반환.

체크포인트:
- DFS는 후입 선출(LIFO) 방식으로 작동.
- 그래프의 정점과 간선으로 표현.
- 벽(1)과 비어있는 공간(0)으로 미로를 구성.
- 재귀 호출을 통해 탐색 경로를 기록.

[tags] DFS, 그래프, 재귀
[lang] unknown",BFS,,,Z27rnUEO1R0,"[""DFS"", ""그래프"", ""재귀""]"
c,https://www.youtube.com/watch?v=RNU2j-l6mCM,"DFS(Depth-First Search) 알고리즘은 문제 해결에 필수적인 기법으로, 주사위를 n번 던져 나올 수 있는 모든 경우를 출력하는 문제를 통해 설명된다. 주사위의 각 면(1~6)을 깊이 우선 탐색 방식으로 탐색하며, 입력값 n에 따라 재귀적으로 DFS를 호출하여 모든 조합을 생성한다. 이 과정에서 깊이(Depth)는 재귀 호출의 깊이를 나타내며, 각 호출에서 1부터 6까지의 숫자를 나열하는 방식으로 진행된다. DFS를 사용하지 않으면 중첩된 반복문을 사용해야 하므로 비효율적이다.

- DFS는 재귀 호출을 통해 깊이 우선으로 탐색한다.
- 주사위의 경우, 각 호출에서 1~6의 숫자를 나열한다.
- 입력값 n에 따라 호출 깊이가 결정된다.
- DFS와 반복문을 적절히 조합하여 문제를 해결한다.
- 그래프 문제에서도 DFS의 원리가 적용된다.

[tags] DFS, 재귀, 그래프
[lang] unknown",BFS,,,RNU2j-l6mCM,"[""DFS"", ""재귀"", ""그래프""]"
c,https://www.youtube.com/watch?v=9aas7w8d6ek,"팩토리얼을 구하는 방법에는 반복문을 사용하는 방법과 재귀 함수를 사용하는 방법이 있다. 반복문을 이용한 팩토리얼 함수는 1부터 n까지의 곱을 계산하여 결과를 반환한다. 이때, 초기값을 1로 설정하고, n까지 반복하여 곱하는 방식으로 구현된다. 반면, 재귀 함수를 이용한 팩토리얼 함수는 함수 내에서 자신을 호출하여 n이 1 또는 0일 때 1을 반환하고, 그 외의 경우 n과 n-1의 팩토리얼을 곱하여 결과를 도출한다. 

재귀 호출은 함수가 자기 자신을 호출하는 방식으로, 주로 트리 구조 탐색이나 복잡한 문제 해결에 유용하다. 팩토리얼을 구하는 두 가지 방법 모두 결과적으로 동일한 값을 출력하지만, 재귀 함수는 코드가 간결해지는 장점이 있다. 그러나 재귀 호출은 스택 메모리를 사용하므로, 큰 n 값에 대해서는 스택 오버플로우가 발생할 수 있다.

- 반복문을 사용한 팩토리얼 함수
- 재귀 함수를 사용한 팩토리얼 함수
- 0! = 1로 정의
- 재귀 호출의 장점과 단점
- 스택 메모리 사용 주의

[tags] 
""Recursion"", ""Factorial"", ""Iteration""
[lang] unknown",BFS,,,9aas7w8d6ek,[]
c,https://www.youtube.com/watch?v=gK8ap1-5Eio,"너비 우선 탐색(BFS) 알고리즘은 그래프와 트리 구조에서 경로를 찾는 데 사용된다. BFS는 시작 노드에서 인접한 노드를 차례로 방문하며, 각 노드를 방문할 때마다 해당 노드를 '방문한' 것으로 표시하여 중복 방문을 방지한다. 이 과정에서 BFS는 최단 경로를 찾을 수 있으며, 이는 모든 간선의 가중치가 동일할 때만 유효하다. BFS의 시간 복잡도는 정점의 수와 간선의 수에 비례하며, 공간 복잡도는 방문한 정점을 저장하기 위해 필요한 메모리와 관련이 있다.

- BFS는 그래프와 트리 구조에서 사용된다.
- 방문한 노드를 기록하여 중복 방문을 방지한다.
- 최단 경로를 찾을 수 있지만, 간선의 가중치가 동일해야 한다.
- 시간 복잡도는 O(V + E)이며, 공간 복잡도는 O(V)이다.

[tags] BFS
[lang] unknown",BFS,,,gK8ap1-5Eio,"[""BFS""]"
c,https://www.youtube.com/watch?v=-B76_z-WWNg,"너비 우선 탐색(BFS)은 그래프의 최단 경로를 찾기 위한 알고리즘으로, 큐를 사용하여 구현된다. 시작 노드 S에서 시작하여, 큐에 S를 추가하고, 큐가 비어있지 않은 동안 반복적으로 노드를 팝하여 그 이웃 노드를 큐에 추가한다. 이 과정에서 각 노드의 거리를 기록하는 배열과 방문 여부를 기록하는 배열을 유지한다. 

BFS는 FIFO(선입선출) 방식으로 작동하며, 각 노드의 이웃을 탐색하면서 거리를 업데이트한다. 모든 노드를 방문한 후, 큐가 비어있게 되면 최단 경로 정보를 출력할 수 있다. 이 알고리즘은 그래프의 모든 노드를 한 번씩 방문하므로 시간 복잡도는 O(V + E)이며, 여기서 V는 노드의 수, E는 간선의 수를 의미한다.

- BFS는 큐를 사용하여 구현된다.
- 각 노드의 이웃을 탐색하며 거리를 기록한다.
- 시간 복잡도는 O(V + E)이다.
- 모든 노드를 한 번씩 방문한다.

[tags] BFS
[lang] c++",BFS,,,-B76_z-WWNg,"[""BFS""]"
c,https://www.youtube.com/watch?v=cDS5ZTeANZM,"너비 우선 탐색(BFS) 알고리즘은 그래프 탐색 기법으로, 주어진 정점에서 시작하여 현재 깊이의 모든 이웃을 탐색한 후 다음 깊이로 이동하는 방식으로 작동한다. 이 알고리즘은 주로 비가중 그래프나 트리에서 목표 노드에 도달하기 위한 최단 경로 또는 최소 단계 수를 찾는 데 사용된다. 예를 들어, n개의 정점과 m개의 간선을 가진 비가중 그래프에서 출발 정점에서 목표 정점까지의 최단 경로를 찾기 위해 BFS를 활용할 수 있다. 이 과정에서 방문한 정점과 출발 정점으로부터의 거리를 추적하기 위해 두 개의 배열(visited, distance)을 사용하고, 큐 자료구조를 통해 구현한다.

BFS 알고리즘의 시간 복잡도는 O(m + n)으로, 여기서 m은 간선의 수, n은 정점의 수를 나타낸다. 이는 각 정점과 간선을 최대 한 번씩 방문하기 때문이다. 작은 입력에 대해서는 효과적이지만, 큰 입력에 대해서는 비현실적일 수 있다.

- BFS는 그래프 탐색 알고리즘이다.
- 최단 경로를 찾는 데 유용하다.
- 큐 자료구조를 사용하여 구현한다.
- 시간 복잡도는 O(m + n)이다.
- 비가중 그래프에 적합하다.

[tags] BFS
[lang] cpp",BFS,,,cDS5ZTeANZM,"[""BFS""]"
c,https://www.youtube.com/watch?v=aFpHhmMl9hg,"너비 우선 탐색(BFS)은 목표에 도달하기 위해 정보를 사용하지 않고 노드를 하나씩 탐색하는 비정보 탐색 알고리즘이다. 이 방법은 모든 노드를 순차적으로 방문하며, 각 노드의 자식 노드를 큐에 추가하여 탐색을 진행한다. BFS는 구현이 간단하지만, 메모리 효율성이 떨어지고 대규모 탐색 공간에서는 시간이 많이 소요될 수 있다. 

BFS의 기본 흐름은 다음과 같다:
- 시작 노드에서 시작하여 너비 방향으로 탐색.
- 큐를 사용하여 방문할 노드를 관리하고, FIFO(선입선출) 방식으로 노드를 처리.
- 각 노드를 방문할 때마다 자식 노드를 큐에 추가하고, 목표 노드에 도달할 때까지 반복.

체크포인트:
- BFS는 비정보 탐색으로 분류된다.
- 구현이 간단하지만 비효율적일 수 있다.
- 큐를 사용하여 노드를 관리한다.

[tags] BFS, Queue
[lang] unknown",BFS,,,aFpHhmMl9hg,"[""BFS"", ""Queue""]"
c,https://www.youtube.com/watch?v=oDqjPvD54Ss,"너비 우선 탐색(BFS) 알고리즘은 그래프의 노드와 엣지를 탐색하는 기본적인 방법 중 하나로, 주로 최단 경로를 찾는 데 유용하다. BFS는 시작 노드에서 인접한 노드들을 먼저 탐색하고, 그 다음 레벨의 노드로 이동하는 방식으로 작동한다. 이 과정에서 큐 자료구조를 사용하여 방문할 노드를 관리하며, 시간 복잡도는 O(V + E)로, V는 정점의 수, E는 엣지의 수를 나타낸다.

BFS의 구현 과정은 다음과 같다. 먼저 시작 노드를 큐에 추가하고, 방문 여부를 기록하는 배열을 초기화한다. 큐가 비어있지 않은 동안, 큐에서 노드를 꺼내고 그 노드의 이웃 노드를 탐색하여 방문하지 않은 노드를 큐에 추가한다. 최종적으로, 이전 노드를 기록한 배열을 통해 시작 노드에서 끝 노드까지의 경로를 재구성한다. 만약 두 노드 간의 경로가 존재하지 않으면 빈 경로를 반환한다.

- BFS는 최단 경로 탐색에 적합하다.
- 큐를 사용하여 탐색 순서를 관리한다.
- 그래프가 분리되어 있을 경우 경로가 없을 수 있다.
- 시간 복잡도는 O(V + E)이다.

[tags] BFS
[lang] unknown",BFS,,,oDqjPvD54Ss,"[""BFS""]"
c,https://www.youtube.com/watch?v=wNOwQmIlSXI,"너비 우선 탐색(BFS) 알고리즘은 그래프의 모든 노드를 최소 한 번 방문하는 방법으로, 큐를 사용하여 구현된다. BFS는 시작 노드에서 인접한 노드를 차례로 방문하며, 방문한 노드는 큐에 추가하고, 모든 인접 노드를 방문한 후에는 큐에서 제거한다. 이 과정을 반복하여 모든 노드를 탐색하게 된다. BFS는 가중치가 없는 그래프에서 모든 정점을 연결하는 최소 신장 트리를 형성할 수 있다.

BFS의 주요 특징은 다음과 같다:
- 큐를 사용하여 노드를 관리한다.
- 시작 노드는 임의로 선택할 수 있다.
- 모든 인접 노드를 방문한 후 큐에서 제거한다.
- 모든 노드가 방문될 때까지 과정을 반복한다.

[tags] BFS
[lang] unknown",BFS,,,wNOwQmIlSXI,"[""BFS""]"
c,https://www.youtube.com/watch?v=-2CI8oUbjO8,"BFS(너비 우선 탐색) 알고리즘은 그래프를 탐색하는 방법으로, 시작 노드에서 인접한 노드를 먼저 방문한 후, 그 노드와 연결된 노드를 차례로 방문하는 방식이다. 이 알고리즘은 DFS(깊이 우선 탐색)와 달리 깊이보다는 너비를 우선으로 탐색한다. BFS를 수행하기 위해서는 먼저 시작 노드를 선택하고, 그 노드와 연결된 모든 미방문 노드를 방문한 후, 다음 단계로 이전에 방문한 노드와 연결된 미방문 노드를 탐색한다.

BFS는 그래프가 연결되어 있는지 확인하거나, 두 노드 간의 최단 경로를 찾는 데 유용하다. 이 알고리즘은 다양한 그래프 문제를 해결하는 데 활용될 수 있으며, 특히 연결성 검사 및 최단 경로 탐색에 적합하다.

- BFS는 시작 노드에서 인접 노드를 우선 방문한다.
- 모든 연결된 미방문 노드를 차례로 탐색한다.
- 그래프의 연결성 및 최단 경로 탐색에 유용하다.

[tags] BFS, 그래프 탐색
[lang] unknown",BFS,,,-2CI8oUbjO8,"[""BFS"", ""그래프 탐색""]"
c,https://www.youtube.com/watch?v=iYz-pG1CPIM,"그래프 탐색은 그래프의 각 정점이나 노드를 방문하는 기술로, 주로 BFS(너비 우선 탐색)와 DFS(깊이 우선 탐색) 두 가지 방법으로 분류된다. BFS는 시작 노드에서 인접한 노드를 먼저 탐색하고, 그 다음으로 인접한 노드의 인접 노드를 탐색하는 방식으로, 계층적으로 그래프를 탐색한다. 이 과정에서 큐를 사용하여 FIFO(선입선출) 방식으로 노드를 관리하며, 방문한 노드를 기록하여 사이클을 방지한다. BFS는 주로 네트워크 브로드캐스팅, 소셜 네트워크 분석, GPS 내비게이션 시스템 등 다양한 분야에서 활용된다.

BFS의 구현 과정은 다음과 같다:
- 시작 노드를 큐에 추가하고 방문 표시.
- 큐가 비어있지 않은 동안 반복하여 큐의 앞 노드를 꺼내고 인접 노드를 탐색.
- 인접 노드가 방문되지 않았다면 큐에 추가하고 방문 표시.

이러한 방식으로 모든 노드를 탐색할 수 있으며, 그래프가 연결되어 있지 않은 경우에는 남은 노드에 대해 추가적인 BFS를 수행해야 한다.

[tags] BFS
[lang] unknown",BFS,,,iYz-pG1CPIM,"[""BFS""]"
c,https://www.youtube.com/watch?v=llVuUGySRwg,"BFS(너비 우선 탐색)는 그래프나 트리의 값을 탐색하는 알고리즘으로, 시작 노드에서 인접한 노드를 먼저 방문한 후 다음 레벨로 이동하는 방식으로 작동합니다. 그래프는 정점(버텍스)과 간선(엣지)으로 구성되며, 방향성이 있는 그래프와 없는 그래프로 나뉩니다. BFS는 큐(Queue) 자료구조를 사용하여 탐색을 진행하며, 각 정점의 방문 상태를 관리합니다. 방문하지 않은 정점은 큐에 추가되고, 방문한 정점은 결과 배열에 저장됩니다.

BFS의 주요 과정은 다음과 같습니다:
- 시작 정점을 큐에 추가하고 방문 상태를 업데이트합니다.
- 큐에서 정점을 꺼내고, 해당 정점의 인접 정점을 확인하여 방문하지 않은 정점을 큐에 추가합니다.
- 이 과정을 큐가 비어있을 때까지 반복합니다.

BFS의 시간 복잡도는 O(V + E)로, V는 정점의 수, E는 간선의 수를 나타냅니다.

- BFS는 그래프 탐색에 유용하다.
- 큐를 사용하여 탐색 순서를 관리한다.
- 인접 행렬을 통해 그래프의 연결 상태를 표현할 수 있다.
- 방문 상태를 관리하여 중복 방문을 방지한다.

[tags] BFS, Queue, Graph
[lang] unknown",BFS,,,llVuUGySRwg,"[""BFS"", ""Queue"", ""Graph""]"
c,https://www.youtube.com/watch?v=wABnJrTps34,"BFS(너비 우선 탐색)와 DFS(깊이 우선 탐색) 알고리즘의 구현을 C 프로그래밍 언어를 사용하여 설명한다. 그래프를 표현하기 위해 인접 행렬을 생성하고, 방문 여부를 기록하기 위한 방문 배열을 설정한다. 사용자는 그래프의 인접 행렬 값을 입력하고, 시작 노드를 선택하여 BFS 또는 DFS를 수행할 수 있다. BFS는 큐를 사용하여 탐색하며, DFS는 스택을 사용하여 탐색한다. 각 알고리즘은 방문한 노드를 출력하고, 인접한 노드를 큐 또는 스택에 추가하여 탐색을 계속한다.

- BFS는 인접한 노드를 먼저 탐색하고, DFS는 가능한 깊이까지 탐색한 후 돌아온다.
- 인접 행렬은 그래프의 구조를 2차원 배열로 표현한다.
- 방문 배열은 각 노드의 방문 여부를 기록한다.
- BFS는 큐를, DFS는 스택을 사용하여 탐색한다.
- 각 알고리즘의 시간 복잡도는 O(V + E)이다.

[tags] BFS, DFS, Graph, Adjacency Matrix
[lang] c",BFS,,,wABnJrTps34,"[""BFS"", ""DFS"", ""Graph"", ""Adjacency Matrix""]"
cpp,https://www.youtube.com/watch?v=9hdhpMVPSwM,"주어진 문제는 카카오 아이디 규칙에 맞지 않는 아이디를 입력받아, 규칙에 맞는 아이디를 추천하는 것입니다. 아이디는 3자 이상 15자 이하로, 알파벳 소문자, 숫자, 빼기, 밑줄, 마침표만 허용되며, 마침표는 처음과 끝에 올 수 없습니다. 이 문제는 7단계로 나뉘어 있으며, 각 단계에서 특정 규칙을 적용하여 최종 아이디를 생성합니다. 

1단계에서는 대문자를 소문자로 변환하고, 2단계에서는 허용되지 않는 문자를 제거합니다. 3단계에서는 연속된 마침표를 하나로 줄이고, 4단계에서는 처음과 끝의 마침표를 제거합니다. 5단계에서는 빈 문자열일 경우 'a'를 대입하고, 6단계에서는 길이가 16자 이상일 경우 15자로 잘라내며, 마지막이 마침표일 경우 제거합니다. 마지막 7단계에서는 길이가 2자 이하일 경우 마지막 문자를 반복하여 3자로 만듭니다. 이 문제는 정규표현식을 사용하지 않는 방법과 사용하는 방법 두 가지로 해결할 수 있습니다.

- 아이디 길이: 3자 이상 15자 이하
- 허용 문자: 소문자, 숫자, -, _, .
- 마침표 처리: 연속된 마침표는 하나로, 처음과 끝의 마침표 제거
- 빈 문자열 처리: 'a' 대입
- 길이 조정: 16자 이상 잘라내기, 2자 이하일 경우 마지막 문자 반복

[tags] 
[""String Manipulation"", ""Regular Expressions"", ""Loop"", ""Conditionals""]
[lang] unknown",BFS,,,9hdhpMVPSwM,[]
cpp,https://www.youtube.com/watch?v=v78tWnjklio,"너비 우선 탐색(BFS)은 그래프 알고리즘 중 하나로, 특정 시작 노드에서 시작하여 인접한 모든 노드를 탐색한 후, 그 노드와 연결된 노드를 차례로 탐색하는 방식으로 작동한다. 이 알고리즘은 그래프의 모든 노드를 방문하기 위해 큐를 사용하며, 각 노드가 방문되었는지 여부를 추적하기 위해 불리언 배열을 활용한다. BFS는 웹 페이지 순위 매기기와 같은 다양한 실제 응용 프로그램에서 사용될 수 있다.

BFS의 구현 과정은 다음과 같다. 먼저, 그래프의 정점 수와 인접 리스트를 초기화하고, 간선을 추가하는 메서드를 정의한다. BFS 알고리즘은 시작 노드를 큐에 추가하고, 큐가 비어있지 않은 동안 반복하여 노드를 탐색한다. 각 노드의 인접 노드를 확인하고, 방문하지 않은 노드를 큐에 추가하며, 방문 상태를 업데이트한다. 이 과정을 통해 그래프의 모든 노드를 탐색할 수 있다.

- BFS는 그래프의 모든 노드를 탐색하는 데 유용하다.
- 큐를 사용하여 탐색 순서를 관리한다.
- 방문 여부를 추적하기 위해 불리언 배열을 사용한다.
- 다양한 그래프 문제에 적용 가능하다.

[tags] BFS, 그래프 탐색, C++
[lang] cpp",BFS,,,v78tWnjklio,"[""BFS"", ""그래프 탐색"", ""C++""]"
cpp,https://www.youtube.com/watch?v=-tgVpUgsQ5k,"BFS(너비 우선 탐색)는 그래프를 레벨별로 탐색하는 기법으로, 주어진 시작 노드에서 시작하여 인접한 노드를 차례로 방문하는 방식이다. BFS는 큐 자료구조를 사용하여 구현되며, 방문한 노드를 기록하기 위해 방문 배열을 사용한다. 탐색은 시작 노드를 큐에 추가하고 방문 배열에서 해당 노드를 표시한 후, 큐가 비어있지 않을 때까지 반복하여 노드를 꺼내고 그 노드의 이웃을 큐에 추가하는 방식으로 진행된다. 이 과정에서 각 노드는 한 번만 방문되며, 탐색 순서는 시작 노드에 따라 달라질 수 있다.

BFS의 시간 복잡도는 O(V + E)로, V는 노드의 수, E는 간선의 수를 의미한다. 공간 복잡도는 큐와 방문 배열을 포함하여 O(V)이다. BFS는 그래프의 구조에 따라 다양한 문제를 해결하는 데 유용하다.

- BFS는 레벨별 탐색을 수행한다.
- 큐와 방문 배열을 사용하여 구현된다.
- 시간 복잡도는 O(V + E), 공간 복잡도는 O(V)이다.
- 시작 노드에 따라 탐색 순서가 달라질 수 있다.

[tags] BFS
[lang] unknown",BFS,,,-tgVpUgsQ5k,"[""BFS""]"
cpp,https://www.youtube.com/watch?v=KiCBXu4P-2Y,"이 강의에서는 너비 우선 탐색(BFS) 알고리즘을 사용하여 그리드에서 최단 경로를 찾는 방법을 설명합니다. 그리드는 암묵적인 그래프 형태로, 각 셀의 이웃을 쉽게 파악할 수 있습니다. BFS를 통해 시작 노드에서 종료 노드까지의 최단 경로를 탐색하며, 이 과정에서 방향 벡터를 활용하여 인접한 셀을 효율적으로 방문합니다. 또한, 그리드를 인접 리스트나 인접 행렬로 변환하는 방법도 다루지만, 그리드의 구조적 특성 덕분에 이러한 변환 없이도 BFS를 적용할 수 있습니다.

BFS를 구현할 때는 큐를 사용하여 방문할 셀을 관리하고, 각 셀의 방문 여부를 체크하여 중복 방문을 방지합니다. 이 강의에서는 2D 던전 문제를 예로 들어, 시작 지점에서 종료 지점까지의 최단 경로를 찾는 방법을 구체적으로 설명합니다. 이 과정에서 다차원 좌표를 처리하기 위한 여러 큐를 사용하는 대안적 접근법도 소개합니다.

- BFS를 통해 최단 경로 탐색
- 방향 벡터를 사용한 인접 셀 탐색
- 그리드의 인접 리스트/행렬 변환
- 다차원 좌표를 위한 큐 관리
- 방문 체크 및 경로 추적

[tags] BFS, 그래프 이론, 그리드, 최단 경로
[lang] unknown",BFS,,,KiCBXu4P-2Y,"[""BFS"", ""그래프 이론"", ""그리드"", ""최단 경로""]"
cpp,https://www.youtube.com/watch?v=-roXotLkUOw,"그래프를 메모리에서 표현하기 위해 인접 리스트를 사용하는 방법에 대해 설명한다. 인접 리스트는 각 정점에 연결된 정점들을 저장하는 리스트로, C++의 벡터를 활용하여 구현할 수 있다. 사용자는 그래프의 정점 수와 간선 수를 입력하고, 각 간선의 두 정점의 연결을 인접 리스트에 추가한다. 이 과정에서 정점의 상태를 관리하기 위해 상태 벡터를 사용하여 탐색 여부를 기록한다.

BFS(너비 우선 탐색)는 큐를 사용하여 구현되며, 시작 정점을 큐에 추가하고, 큐가 비어있지 않은 동안 인접 정점을 탐색한다. 각 정점을 탐색할 때마다 상태를 업데이트하고, 탐색 순서를 출력한다. BFS의 시간 복잡도는 O(V + E)로, V는 정점의 수, E는 간선의 수이다.

- 인접 리스트는 정점과 간선의 연결을 표현하는 효율적인 방법이다.
- BFS는 큐를 사용하여 정점을 탐색하는 알고리즘이다.
- 상태 벡터를 통해 각 정점의 탐색 여부를 관리한다.
- BFS의 시간 복잡도는 O(V + E)이다.

[tags] BFS, 그래프, 인접 리스트
[lang] cpp",BFS,,,-roXotLkUOw,"[""BFS"", ""그래프"", ""인접 리스트""]"
cpp,https://www.youtube.com/watch?v=J06Y4XKPQD8,"BFS(너비 우선 탐색) 알고리즘은 그래프의 모든 노드를 레벨별로 탐색하는 방법이다. 이 알고리즘은 큐를 사용하여 현재 레벨의 노드를 저장하고, 각 노드에 연결된 노드를 방문하면서 진행된다. 입력으로는 노드 수와 간선 수, 그리고 각 노드 간의 연결 정보를 받으며, 이를 통해 인접 행렬을 구성한다. BFS는 가중치에 상관없이 레벨 단위로 탐색하므로, 각 노드가 방문되었는지 여부를 확인하기 위해 불리언 배열을 사용한다.

BFS의 주요 흐름은 다음과 같다:
- 큐에 시작 노드를 추가하고 방문 표시.
- 큐가 비어있지 않은 동안 반복하여 현재 레벨의 노드를 처리.
- 각 노드에 대해 연결된 노드를 확인하고, 방문하지 않은 노드를 큐에 추가.
- 레벨을 증가시키며 탐색을 계속 진행.

- BFS는 비가중치 그래프에서 최단 경로를 찾는 데 유용하다.
- 큐를 사용하여 레벨별로 노드를 탐색한다.
- 방문한 노드는 다시 방문하지 않도록 관리한다.

[tags] BFS
[lang] unknown",BFS,,,J06Y4XKPQD8,"[""BFS""]"
cpp,https://www.youtube.com/watch?v=rmPm2SbKJ5E,"너무 많은 정보를 담고 있는 그래프 탐색 기법 중 하나인 너비 우선 탐색(BFS)에 대해 설명한다. BFS는 시작 노드에서부터 인접한 노드들을 차례로 탐색하며, 각 노드의 자식 노드들을 먼저 방문한 후 다음 레벨로 넘어가는 방식이다. 이 과정에서 큐를 사용하여 방문할 노드를 관리하며, FIFO(선입선출) 방식으로 노드를 처리한다. BFS는 그래프의 모든 노드를 레벨별로 탐색할 수 있어 최단 경로 문제나 연결 요소 탐색에 유용하다.

BFS를 구현하기 위해서는 그래프를 표현할 수 있는 클래스와 노드 간의 연결을 나타내는 리스트가 필요하다. 각 노드는 방문 여부를 기록하기 위한 배열을 사용하며, 큐를 통해 탐색을 진행한다. BFS의 시간 복잡도는 O(V + E)로, V는 노드의 수, E는 간선의 수를 의미한다.

- BFS는 너비 우선으로 노드를 탐색한다.
- 큐를 사용하여 방문할 노드를 관리한다.
- 그래프의 모든 노드를 레벨별로 탐색할 수 있다.
- 시간 복잡도는 O(V + E)이다.

[tags] BFS
[lang] unknown",BFS,,,rmPm2SbKJ5E,"[""BFS""]"
cpp,https://www.youtube.com/watch?v=nEj2ROx5v_E,"너비 우선 탐색(BFS) 알고리즘은 그래프나 트리 구조를 탐색하는 방법으로, 1945년에 발명되었고 1959년에 재발명되어 미로에서 최단 경로를 찾는 데 사용된다. 이 알고리즘은 임의의 정점에서 시작하여 인접한 정점들을 먼저 탐색한 후 다음 레벨의 정점으로 이동한다. BFS는 큐 자료구조를 사용하여 정점을 저장하며, 이는 인접한 정점들을 모두 탐색한 후 다음 정점으로 넘어가는 방식에 기여한다. 최악의 경우 시간 복잡도는 O(V + E)로, 정점의 수와 간선의 수의 합에 비례한다.

BFS 알고리즘은 두 단계로 나뉘며, 첫 번째 단계는 초기화로 모든 마크를 지우고 시작 정점을 큐에 추가하는 것이다. 두 번째 단계는 큐가 비어있지 않은 동안 반복적으로 정점을 큐에서 꺼내고 마크한 후, 인접한 미방문 정점을 큐에 추가하는 과정을 포함한다. 이 과정은 모든 정점을 방문할 때까지 계속된다.

- BFS는 큐를 사용하여 인접 정점을 먼저 탐색한다.
- 시간 복잡도는 O(V + E)이다.
- 모든 정점은 한 번만 방문된다.
- DFS와의 주요 차이점은 탐색 방식에 있다.

[tags] BFS
[lang] unknown",BFS,,,nEj2ROx5v_E,"[""BFS""]"
cpp,https://www.youtube.com/watch?v=G32BB0P9vSo,"BFS(너비 우선 탐색) 알고리즘을 사용하여 그래프에서 출발 정점(source vertex)으로부터 모든 다른 정점까지의 최단 거리와 최단 경로를 찾는 방법을 설명한다. 이 알고리즘은 방향 그래프와 비방향 그래프 모두에 적용 가능하며, 인접 리스트를 사용하여 그래프를 표현한다. BFS를 수행하기 위해 큐를 사용하고, 각 정점의 방문 여부를 추적하기 위해 visited 배열과 최단 거리를 저장하기 위한 distance 배열, 그리고 경로를 추적하기 위한 parent 배열을 사용한다.

BFS의 과정은 큐에서 정점을 꺼내고, 그 정점의 이웃 정점들을 방문하면서 거리를 업데이트하고 부모를 기록하는 방식으로 진행된다. 최종적으로, 목적지 정점까지의 경로를 parent 배열을 통해 역추적하여 구하고, 이를 출력한다. 이 알고리즘의 시간 복잡도는 O(V + E)로, V는 정점의 수, E는 간선의 수이다.

- BFS는 방향 그래프와 비방향 그래프 모두에 적용 가능
- distance 배열은 각 정점까지의 최단 거리를 저장
- parent 배열은 경로 추적에 사용
- 큐를 사용하여 BFS를 구현
- 시간 복잡도는 O(V + E)

[tags] BFS
[lang] unknown",BFS,,,G32BB0P9vSo,"[""BFS""]"
cpp,https://www.youtube.com/watch?v=8mCHHludkjg,"너비 우선 탐색(BFS)은 그래프를 탐색하는 알고리즘으로, 주어진 그래프의 인접 리스트를 사용하여 구현할 수 있다. 이 강의에서는 C++를 사용하여 절차적 방식으로 BFS를 구현하는 방법을 설명한다. 그래프의 정점 수를 설정하고, 각 정점의 방문 여부를 추적하는 배열을 초기화한 후, 주어진 간선에 따라 그래프를 구성한다. BFS는 큐를 사용하여 구현되며, 방문하지 않은 정점을 큐에 추가하고, 큐에서 정점을 꺼내어 그 정점의 인접 정점들을 탐색하는 방식으로 진행된다.

BFS의 주요 흐름은 다음과 같다:
- 그래프의 각 정점을 순회하며 방문하지 않은 정점을 큐에 추가.
- 큐에서 정점을 꺼내고, 해당 정점의 인접 정점들을 확인하여 방문하지 않은 정점을 큐에 추가.
- 큐가 비어있지 않을 때까지 이 과정을 반복.

- BFS는 그래프의 모든 정점을 한 번씩 방문하므로 시간 복잡도는 O(V + E)이다.
- 인접 리스트를 사용하여 메모리 효율성을 높일 수 있다.

[tags] BFS
[lang] cpp",BFS,,,8mCHHludkjg,"[""BFS""]"
cpp,https://www.youtube.com/watch?v=5WnfXh0YQcQ,"그래프 탐색은 그래프의 모든 정점을 방문하는 과정으로, 주로 두 가지 방법인 너비 우선 탐색(BFS)과 깊이 우선 탐색(DFS)을 사용한다. BFS는 큐를 사용하여 시작 정점에서 인접한 모든 정점을 차례로 방문하며, 각 정점을 방문할 때마다 그 정점의 이웃을 큐에 추가한다. 반면, DFS는 스택을 사용하여 한 정점에서 시작해 인접한 정점 중 하나를 선택하여 계속 깊이 들어가며 탐색한다. 이 과정에서 모든 이웃을 방문한 후에는 스택에서 정점을 제거하고 이전 정점으로 되돌아가는 방식으로 진행된다.

BFS와 DFS는 각각의 탐색 순서에 따라 결과가 달라질 수 있으며, 그래프의 구조나 가중치에 따라 탐색 방식이 달라질 수 있다. 이 두 가지 방법은 그래프 데이터 구조를 이해하고 활용하는 데 필수적인 기법이다.

- BFS는 큐를 사용하여 인접 정점을 차례로 방문한다.
- DFS는 스택을 사용하여 한 방향으로 깊이 탐색한다.
- 두 방법 모두 탐색 순서에 따라 결과가 달라질 수 있다.
- 그래프의 가중치나 방향에 따라 탐색 방식이 달라질 수 있다.

[tags] BFS, DFS
[lang] unknown",BFS,,,5WnfXh0YQcQ,"[""BFS"", ""DFS""]"
cpp,https://www.youtube.com/watch?v=vf-cxgUXcMk,"그래프 탐색 기법에는 너비 우선 탐색(BFS)과 깊이 우선 탐색(DFS)이 있다. BFS는 큐를 사용하여 시작 노드에서 인접한 노드를 먼저 탐색하고, 그 후 인접 노드의 인접 노드를 탐색하는 방식으로 진행된다. 예를 들어, 노드 0을 루트로 설정하면 0의 인접 노드인 1과 3을 먼저 방문하고, 그 다음에 1의 인접 노드 중 방문하지 않은 노드만 큐에 추가하여 탐색을 계속한다. BFS는 레벨 순서로 탐색하며, 여러 유효한 탐색 경로가 존재할 수 있다.

반면, DFS는 스택을 사용하여 깊이 우선으로 탐색한다. DFS는 루트 노드에서 시작하여 인접한 노드 중 하나를 선택해 깊이 있게 탐색하고, 더 이상 방문할 노드가 없을 경우 스택에서 노드를 꺼내어 백트래킹을 진행한다. 이 과정에서도 여러 유효한 탐색 경로가 가능하다. BFS는 인접 노드를 모두 탐색한 후 다음 단계로 넘어가고, DFS는 가능한 깊이까지 탐색한 후 백트래킹을 통해 탐색을 이어간다.

- BFS는 큐를 사용하고, DFS는 스택을 사용한다.
- BFS는 레벨 순서로 탐색하며, DFS는 깊이 우선으로 탐색한다.
- 두 기법 모두 시작 노드를 자유롭게 선택할 수 있다.
- 여러 유효한 탐색 경로가 존재할 수 있다.

[tags] BFS, DFS
[lang] unknown",BFS,,,vf-cxgUXcMk,"[""BFS"", ""DFS""]"
cpp,https://www.youtube.com/watch?v=Ykv33EpJVCU,"너비 우선 탐색(BFS)은 그래프의 모든 노드를 레벨별로 방문하는 그래프 탐색 기법이다. BFS는 시작 노드에서 인접한 모든 노드를 먼저 방문한 후, 그 노드들의 이웃을 탐색하는 방식으로 진행된다. 이 과정에서 큐 자료구조를 사용하여 방문할 노드를 관리하며, 이미 방문한 노드는 다시 방문하지 않도록 체크해야 한다. BFS의 시간 복잡도는 O(V + E)로, V는 노드의 수, E는 간선의 수를 의미하며, 공간 복잡도는 O(V)이다.

BFS의 주요 응용 분야로는 최단 경로 탐색, 위상 정렬, 강한 연결 요소, 최소 신장 트리, GPS 내비게이션 시스템 등이 있다. BFS 알고리즘은 간단한 세 단계로 구성되며, 큐에서 첫 번째 요소를 꺼내고, 이를 결과 리스트에 추가한 후, 해당 노드의 이웃을 큐에 추가하는 방식으로 반복된다.

- BFS는 그래프의 모든 노드를 레벨별로 탐색한다.
- 큐 자료구조를 사용하여 방문할 노드를 관리한다.
- 시간 복잡도는 O(V + E), 공간 복잡도는 O(V)이다.
- 여러 응용 분야에서 사용된다.

[tags] BFS
[lang] python",BFS,,,Ykv33EpJVCU,"[""BFS""]"
python,https://www.youtube.com/watch?v=BLc3wzvycH8,"깊이 우선 탐색(DFS)은 그래프 탐색 알고리즘으로, 스택을 사용하여 노드를 방문하는 방식입니다. 이 알고리즘은 인접 리스트를 통해 그래프를 표현하고, 시작 노드에서부터 인접한 노드를 스택에 추가하며 진행합니다. 방문한 노드는 'visited' 리스트에 기록하여 중복 방문을 방지합니다. DFS는 재귀적으로도 구현할 수 있으며, 그래프의 모든 노드를 탐색할 때까지 반복됩니다. 이 알고리즘은 게임 AI, 경로 탐색, 사이클 검출 등 다양한 분야에서 활용됩니다.

- DFS는 스택을 사용하여 구현된다.
- 인접 리스트를 통해 그래프를 표현한다.
- 방문한 노드는 'visited' 리스트에 기록된다.
- 게임 AI와 사이클 검출 문제에 유용하다.
- 재귀적 구현도 가능하다.

[tags] DFS
[lang] python",DFS,,,BLc3wzvycH8,"[""DFS""]"
python,https://www.youtube.com/watch?v=dcTbmpvHf7g,"깊이 우선 탐색(DFS)은 그래프의 각 노드를 방문하는 알고리즘으로, 방문 여부를 체크하기 위해 `Visited` 배열을 사용한다. 이 배열은 노드의 인덱스가 0부터 시작하기 때문에, 노드 수보다 하나 더 큰 크기로 설정하여 인덱스와 노드 번호를 맞춘다. DFS 함수는 현재 노드를 인자로 받아 방문 체크 후 출력하고, 인접한 노드 중 방문하지 않은 노드에 대해 재귀적으로 DFS를 호출한다. 이 과정을 통해 모든 연결된 노드를 탐색하게 된다.

DFS의 주요 흐름은 다음과 같다:
- 현재 노드를 방문하고 `Visited` 배열을 업데이트한다.
- 인접한 노드들을 반복하며, 방문하지 않은 노드에 대해 DFS를 재귀 호출한다.
- 모든 인접 노드를 탐색한 후, 호출된 함수가 종료된다.

이 알고리즘은 그래프의 모든 노드를 한 번씩 방문하므로, 시간 복잡도는 O(V + E)로, V는 노드 수, E는 간선 수를 의미한다.

- DFS는 재귀적으로 호출되며, 스택을 사용하여 구현할 수 있다.
- 방문 여부를 체크하는 `Visited` 배열이 필수적이다.
- 그래프의 구조에 따라 탐색 순서가 달라질 수 있다.

[tags] DFS
[lang] unknown",DFS,,,dcTbmpvHf7g,"[""DFS""]"
python,https://www.youtube.com/watch?v=i_0NWOg4sRQ,"깊이 우선 탐색(DFS)은 스택을 활용하여 그래프의 모든 노드를 방문하는 알고리즘입니다. 이 방법은 재귀 함수를 사용하는 것이 일반적이지만, 스택을 직접 사용하여 구현할 수도 있습니다. 기본적으로 현재 노드를 스택에 푸쉬하고, 팝하여 방문 여부를 확인한 후, 인접한 노드를 다시 스택에 푸쉬하는 과정을 반복합니다. 이때, 스택의 특성상 나중에 푸쉬한 노드가 먼저 방문되므로, 방문 순서를 조정하기 위해 큰 숫자부터 푸쉬하는 것이 중요합니다.

DFS를 구현할 때 주의할 점은 방문한 노드를 다시 방문하지 않도록 체크하는 것이며, 모든 노드를 방문할 때까지 이 과정을 반복해야 합니다. 이 방법은 복잡해 보일 수 있지만, 스택을 활용한 DFS와 재귀를 활용한 DFS는 개념적으로 동일합니다.

- 스택을 사용하여 DFS를 구현할 수 있다.
- 방문 여부를 체크하여 중복 방문을 방지해야 한다.
- 인접 노드를 푸쉬할 때 방문 순서를 고려해야 한다.
- DFS는 재귀적 방법과 스택 기반 방법이 동일한 결과를 낸다.

[tags] DFS
[lang] unknown",DFS,,,i_0NWOg4sRQ,"[""DFS""]"
python,https://www.youtube.com/watch?v=0bqfTzpWySY,"다이나믹 프로그래밍(DP)은 중복 연산을 줄여 수행 속도를 개선하기 위해 고안된 알고리즘입니다. 기존의 완전 탐색 방식은 경우의 수가 많아 비효율적이지만, DP는 이전에 계산한 결과를 저장하여 중복된 계산을 피함으로써 효율성을 높입니다. 예를 들어, 정수 삼각형 문제에서는 각 위치까지 올 수 있는 최대 값을 저장하는 DP 배열을 사용하여 최적의 경로를 찾습니다. DP는 DFS나 BFS로 해결할 수 있지만 경우의 수가 많거나 중복 연산이 발생하는 문제에서 특히 유용합니다.

DP 문제를 구분하는 두 가지 기준은 첫째, 경우의 수가 너무 많아 완전 탐색이 불가능한 경우, 둘째, 중복적인 연산이 많은 경우입니다. DP를 잘 활용하기 위해서는 다양한 문제를 풀어보며 사고 방식을 익히고, 중복 연산을 줄이는 방법을 고민해야 합니다. DP는 정형화된 알고리즘이 아니므로 문제에 따라 다양한 접근 방식이 필요합니다.

- DP는 중복 연산을 줄여 수행 속도를 개선하는 알고리즘이다.
- DP 배열을 사용하여 이전 결과를 저장하고 재사용한다.
- 경우의 수가 많거나 중복 연산이 발생하는 문제에서 유용하다.
- 다양한 문제를 풀어보며 DP 사고 방식을 익혀야 한다.
- DP는 정형화된 구조가 아니므로 문제에 따라 다양한 접근이 필요하다.

[tags] Dynamic Programming, DP
[lang] unknown",DFS,,,0bqfTzpWySY,"[""Dynamic Programming"", ""DP""]"
python,https://www.youtube.com/watch?v=3_eVkTkBbJE,"DFS(깊이 우선 탐색)는 그래프 탐색 알고리즘으로, 자식 노드를 우선적으로 탐색하는 방식입니다. DFS는 스택 자료구조를 사용하거나 재귀 함수를 통해 구현할 수 있으며, 재귀 함수는 백트래킹에서 중요한 역할을 합니다. DFS를 사용할 때는 종료 조건을 명확히 설정해야 하며, 깊이가 너무 깊어지면 스택 오버플로우가 발생할 수 있습니다. 시간 복잡도는 O(V + E)로, V는 정점의 수, E는 간선의 수를 나타냅니다.

DFS를 구현할 때는 2차원 배열을 사용하여 그래프를 표현하고, 방문 여부를 체크하는 배열을 함께 사용합니다. 기본적인 DFS 문제로는 연결된 노드의 개수를 세는 문제를 다루며, 이중 포문을 통해 탐색을 시작하고, 재귀적으로 DFS를 호출하여 연결된 노드를 탐색합니다. 최종적으로 탐색한 결과를 정렬하여 출력합니다.

- DFS는 자식 노드를 우선적으로 탐색
- 재귀 함수 사용 시 종료 조건 필수
- 시간 복잡도: O(V + E)
- 2차원 배열로 그래프 표현 및 방문 체크
- 기본 문제: 연결된 노드 개수 세기

[tags] DFS, 재귀, 백트래킹
[lang] unknown",DFS,,,3_eVkTkBbJE,"[""DFS"", ""재귀"", ""백트래킹""]"
python,https://www.youtube.com/watch?v=5GB9eIeQVrw,"주어진 문제는 문자열에서 가장 많이 등장하는 알파벳을 찾고, 만약 동률이 발생하면 물음표를 출력하는 것입니다. 이를 해결하기 위해 문자열을 대문자로 변환한 후, 26개의 요소를 가진 배열을 생성하여 각 알파벳의 개수를 세는 방식으로 접근합니다. 각 문자를 순회하며 해당 문자의 인덱스를 계산하고 카운트를 증가시킵니다. 이후 최대값을 비교하여 동률 여부를 판단하고, 최종 결과를 출력합니다.

이 알고리즘은 문자열 처리와 배열을 활용한 카운팅 기법을 사용하며, 대문자 변환과 인덱스 계산이 핵심입니다. 성능 면에서도 해시를 사용하는 것보다 간결하고 효율적입니다. 이 문제는 기본적인 문자열 문제 풀이 방법으로, 반복적인 연습을 통해 쉽게 익힐 수 있습니다.

- 문자열을 대문자로 변환
- 26개 요소의 카운트 배열 생성
- 각 문자의 인덱스 계산 및 카운트 증가
- 최대값 비교 및 동률 처리
- 최종 결과 출력

[tags] 
[""문자열"", ""배열"", ""카운팅"", ""대문자 변환""]
[lang] java",DFS,,,5GB9eIeQVrw,[]
python,https://www.youtube.com/watch?v=QVcsSaGeSH0,"이 영상에서는 깊이 우선 탐색(DFS) 알고리즘을 파이썬으로 구현하는 방법을 설명한다. 주어진 무방향 그래프에서 시작 정점 A를 기준으로 DFS를 수행하며, 두 개의 클래스인 Vertex와 Graph를 정의한다. Vertex 클래스는 정점의 이름, 이웃, 발견 시간, 종료 시간, 색상 등의 속성을 가지며, Graph 클래스는 정점들을 딕셔너리 형태로 저장하고, 정점을 추가하거나 간선을 추가하는 기능을 제공한다. DFS는 재귀적으로 구현되며, 각 정점의 색상을 통해 방문 여부를 관리하고, 발견 및 종료 시간을 기록한다.

- DFS는 재귀적 또는 반복적으로 구현 가능.
- Vertex 클래스는 정점의 속성을 정의.
- Graph 클래스는 정점과 간선을 관리.
- 발견 시간과 종료 시간을 기록하여 탐색 순서를 추적.
- 중복 정점 추가 방지를 위한 체크 기능 포함.

[tags] DFS, Graph, Vertex
[lang] python",DFS,,,QVcsSaGeSH0,"[""DFS"", ""Graph"", ""Vertex""]"
python,https://www.youtube.com/watch?v=NWSs7nDqRSo,"깊이 우선 탐색(DFS)은 트리의 내용을 깊이 우선 방식으로 출력하는 알고리즘이다. 이 방법은 왼쪽 자식 노드를 먼저 방문한 후, 루트 노드를 출력하고, 마지막으로 오른쪽 자식 노드를 방문하는 방식으로 진행된다. 이 과정을 통해 이진 트리의 경우, 출력 결과는 알파벳 순서로 정렬된다. 

DFS를 구현하기 위해 재귀 함수를 사용하여 트리를 탐색한다. 함수는 먼저 트리가 비어 있는지 확인하고, 왼쪽 자식이 존재하면 재귀적으로 호출하여 왼쪽 서브트리를 출력한 후, 루트 노드를 출력하고, 오른쪽 자식이 존재하면 다시 재귀적으로 호출하여 오른쪽 서브트리를 출력한다. 이 방식으로 모든 노드를 방문하고 출력할 수 있다.

- 깊이 우선 탐색(DFS) 방식으로 트리 출력
- 재귀 함수를 사용하여 구현
- 이진 트리의 경우 알파벳 순서로 출력
- 트리가 비어 있는지 확인하는 조건 포함
- 출력 형식 조정 가능 (같은 줄에 출력)

[tags] DFS, Tree, Recursion
[lang] python",DFS,,,NWSs7nDqRSo,"[""DFS"", ""Tree"", ""Recursion""]"
python,https://www.youtube.com/watch?v=Z-Qdp1_JWdI,"깊이 우선 탐색(DFS)은 그래프 탐색 알고리즘으로, 루트 노드에서 시작하여 자식 노드를 차례로 탐색하는 방식이다. 이 알고리즘은 목표 노드를 찾기 위해 각 노드의 자식 노드를 재귀적으로 방문하며, 목표 노드를 찾으면 true를 반환하고, 찾지 못하면 false를 반환한다. DFS의 최악의 경우 시간 복잡도는 O(b^h)로, 여기서 b는 분기 계수, h는 그래프의 최대 깊이를 의미한다. 공간 복잡도는 O(h)로, 현재 탐색 중인 깊이의 노드 수를 저장하는 데 필요한 공간을 나타낸다.

- DFS는 깊이 우선으로 탐색하며, 왼쪽부터 오른쪽으로 진행한다.
- 목표 노드를 찾지 못하면 모든 자식 노드를 탐색해야 할 수 있다.
- 그래프의 구조에 따라 탐색 깊이가 다를 수 있다.
- 구현 시 재귀 호출을 통해 자식 노드를 탐색한다.

[tags] DFS
[lang] unknown",DFS,,,Z-Qdp1_JWdI,"[""DFS""]"
python,https://www.youtube.com/watch?v=sKk6VwFHnXI,"이 문제는 깊이 우선 탐색(DFS)을 활용하여 이진 트리에서 루트에서 리프 노드까지의 경로 중 합이 특정 값(예: 22)과 일치하는 경로를 찾는 것이다. DFS를 구현할 때는 재귀를 사용하며, 노드가 null일 경우에는 백트래킹을 통해 탐색을 중단한다. 경로의 합이 목표 합과 일치하고 현재 노드가 리프 노드일 때, 해당 경로를 결과 리스트에 추가한다. 이때 리스트를 복사하여 추가하는 것이 중요하며, 단순히 리스트를 추가하면 잘못된 결과를 초래할 수 있다.

- DFS를 사용하여 이진 트리를 탐색
- 루트에서 리프 노드까지의 경로 합을 체크
- 리프 노드 조건 확인
- 리스트 복사하여 결과에 추가
- 백트래킹을 통해 탐색 진행

[tags] DFS
[lang] python",DFS,,,sKk6VwFHnXI,"[""DFS""]"
python,https://www.youtube.com/watch?v=ynZdirmZre4,"깊이 우선 탐색(DFS) 알고리즘은 그래프와 트리 구조에서 노드를 탐색하는 방법으로, 주로 재귀적 접근 방식으로 구현된다. DFS는 시작 노드에서 인접한 노드를 탐색하는 대신, 가능한 깊이까지 내려가며 노드를 방문한다. 이 과정에서 이미 방문한 노드는 다시 방문하지 않으며, 모든 인접 노드를 탐색한 후에는 이전 노드로 되돌아가서 남은 노드를 탐색한다. 이 알고리즘은 그래프를 딕셔너리 형태로 표현하고, 방문한 노드를 기록하기 위해 집합을 사용한다.

DFS의 재귀적 구현에서는 현재 노드를 방문하고, 인접 노드에 대해 재귀 호출을 통해 탐색을 진행한다. 이때, 인접 노드가 이미 방문된 경우에는 탐색을 건너뛰고, 모든 노드를 탐색한 후에는 결과를 출력한다. DFS의 시간 복잡도는 O(V + E)로, V는 정점의 수, E는 간선의 수를 의미한다.

- DFS는 깊이 우선 탐색을 수행한다.
- 재귀적 접근 방식으로 구현된다.
- 방문한 노드는 다시 방문하지 않는다.
- 시간 복잡도는 O(V + E)이다.

[tags] DFS
[lang] python",DFS,,,ynZdirmZre4,"[""DFS""]"
python,https://www.youtube.com/watch?v=e65Pg0USbBA,"깊이 우선 탐색(DFS)은 스택을 사용하여 트리나 그래프의 노드를 탐색하는 알고리즘이다. DFS는 루트 노드에서 시작하여 가능한 깊이까지 내려가며 자식 노드를 방문한다. 이 과정에서 자식 노드는 스택에 역순으로 추가되며, 스택의 최상단 노드부터 방문하게 된다. 예를 들어, 트리에서 DFS를 수행할 때, 루트 노드 1에서 시작하여 2, 4, 8, 10, 7, 5, 3, 6, 9 순으로 방문하게 된다.

DFS의 구현은 스택을 사용하여 방문한 노드를 추적하며, 자식 노드를 스택에 추가할 때는 역순으로 넣는 것이 중요하다. 이 알고리즘은 트리와 그래프 모두에 적용 가능하며, 복잡도는 O(V + E)로, V는 정점의 수, E는 간선의 수를 의미한다.

- DFS는 스택을 사용하여 구현된다.
- 자식 노드는 역순으로 스택에 추가된다.
- 방문한 노드는 리스트에 기록된다.
- 그래프와 트리 모두에 적용 가능하다.

[tags] DFS, Stack
[lang] python",DFS,,,e65Pg0USbBA,"[""DFS"", ""Stack""]"
python,https://www.youtube.com/watch?v=msAB1NivnhI,"깊이 우선 탐색(DFS)은 그래프를 탐색하는 방법 중 하나로, 재귀를 사용하여 구현됩니다. DFS는 스택을 활용하여 노드를 방문하며, 이미 방문한 노드로는 다시 돌아가지 않습니다. 이 강의에서는 7개의 정점과 9개의 간선을 가진 그래프를 예로 들어 DFS를 구현하는 방법을 설명합니다. 시작 노드 A에서 시작하여 인접한 노드를 재귀적으로 탐색하며, 방문한 노드는 기록하여 중복 방문을 방지합니다.

DFS의 시간 복잡도는 O(V + E)로, V는 정점의 수, E는 간선의 수를 나타냅니다. 공간 복잡도는 O(V)로, 방문 여부를 기록하기 위한 딕셔너리를 사용합니다. 이 알고리즘은 그래프의 모든 정점을 탐색할 수 있으며, 각 정점에 대해 인접한 노드를 확인하는 방식으로 진행됩니다.

- DFS는 스택과 재귀를 사용하여 구현된다.
- 방문한 노드는 다시 방문하지 않도록 관리한다.
- 시간 복잡도는 O(V + E), 공간 복잡도는 O(V)이다.
- 그래프의 구조에 따라 탐색 순서가 달라질 수 있다.

[tags] DFS
[lang] python",DFS,,,msAB1NivnhI,"[""DFS""]"
python,https://www.youtube.com/watch?v=8cIqeTvGshk,"깊이 우선 탐색(DFS) 알고리즘은 스택을 사용하여 구현되며, 각 노드를 방문할 때마다 방문한 노드를 기록하는 배열을 사용합니다. DFS의 핵심 아이디어는 한 번에 하나의 자식 노드만을 탐색하는 것입니다. 예를 들어, 루트 노드 G에서 시작하여 왼쪽 자식 C를 스택에 추가하고 방문 기록에 남깁니다. 이후 C의 자식 B를 스택에 추가하고, B의 자식 A를 추가한 후 A에 자식이 없음을 확인하면 A를 스택에서 제거합니다. 이 과정을 반복하여 모든 노드를 탐색합니다.

DFS는 자식 노드를 탐색할 때 항상 왼쪽 자식부터 확인하며, 자식이 없거나 모두 방문한 경우에는 스택에서 해당 노드를 제거합니다. 이 방식은 스택의 LIFO(Last In First Out) 특성을 활용하여 깊이 있는 탐색을 수행합니다. DFS의 시간 복잡도는 O(V + E)로, V는 정점의 수, E는 간선의 수를 나타냅니다.

- DFS는 스택을 사용하여 구현된다.
- 한 번에 하나의 자식 노드만 탐색한다.
- 자식이 없거나 모두 방문한 경우 스택에서 제거한다.
- 시간 복잡도는 O(V + E)이다.

[tags] DFS
[lang] unknown",DFS,,,8cIqeTvGshk,"[""DFS""]"
python,https://www.youtube.com/watch?v=0Zsabo7ires,"깊이 우선 탐색(DFS)은 그래프 탐색 알고리즘으로, 주어진 그래프의 정점들을 방문하는 방법을 설명한다. 이 알고리즘은 스택을 사용하여 현재 정점의 이웃을 탐색하고, 방문한 정점을 기록한다. 예를 들어, 정점 0에서 시작하여 이웃인 1과 2를 스택에 추가하고, 이를 반복하여 모든 정점을 방문한다. DFS는 게임 구현이나 그래프에서 사이클을 찾는 문제에 유용하게 사용된다.

- DFS는 스택을 사용하여 정점을 탐색한다.
- 방문한 정점은 기록하여 중복 방문을 방지한다.
- 그래프의 사이클 탐지와 같은 문제에 활용된다.
- DFS는 재귀적으로 구현할 수도 있다.

[tags] DFS
[lang] unknown",DFS,,,0Zsabo7ires,"[""DFS""]"
python,https://www.youtube.com/watch?v=pBasV9jlQ0w,"깊이 우선 탐색(DFS) 알고리즘은 그래프를 탐색하는 방법으로, 재귀적 또는 반복적 접근 방식을 통해 구현할 수 있다. DFS는 스택 자료구조를 사용하여 노드를 방문하며, 스택의 LIFO(Last In First Out) 특성을 활용하여 마지막에 추가된 노드를 먼저 방문한다. 탐색 과정은 시작 노드를 선택하고 이를 스택에 푸시한 후, 스택에서 노드를 팝하여 방문 여부를 확인하고, 인접한 미방문 노드를 스택에 추가하는 방식으로 진행된다.

DFS 구현 시 주의할 점은 방문한 노드를 기록하여 중복 방문을 방지하는 것이며, 스택이 비어 있을 때까지 이 과정을 반복한다. 이 알고리즘은 그래프의 모든 노드를 탐색할 수 있으며, 스택을 사용함으로써 탐색 순서를 제어할 수 있다.

- DFS는 재귀적 또는 반복적으로 구현 가능
- 스택을 사용하여 노드 방문 순서 제어
- 방문한 노드는 기록하여 중복 방문 방지
- 인접 노드는 순서에 상관없이 스택에 추가 가능
- 스택이 비어질 때까지 탐색 반복

[tags] DFS, Stack
[lang] unknown",DFS,,,pBasV9jlQ0w,"[""DFS"", ""Stack""]"
"[""python""]",https://www.youtube.com/watch?v=vnjjMVcO-R4,"DFS(깊이 우선 탐색) 알고리즘을 사용하여 연결되지 않은 그래프를 탐색하는 방법에 대해 설명한다. 연결되지 않은 그래프는 여러 개의 연결 요소로 구성되어 있어, DFS를 한 번 호출하면 모든 노드를 방문할 수 없다. 예를 들어, 시작 노드를 A로 설정하면 A와 연결된 노드들만 방문할 수 있으며, 다른 연결 요소의 노드는 방문할 수 없다. 이를 해결하기 위해, 그래프의 모든 노드를 확인하고 방문하지 않은 노드가 있다면 해당 노드에서 DFS를 다시 호출해야 한다.

이 과정에서 각 노드가 방문되었는지 확인하기 위해 방문 집합을 사용하고, 모든 노드가 방문되었는지 체크하는 조건을 추가한다. 이 방법을 통해 연결되지 않은 그래프의 모든 노드를 탐색할 수 있으며, 각 연결 요소를 개별적으로 처리할 수 있다.

- DFS는 연결되지 않은 그래프의 모든 노드를 탐색하는 데 사용된다.
- 방문하지 않은 노드가 있을 경우 DFS를 재호출한다.
- 방문 집합을 통해 노드의 방문 여부를 확인한다.

[tags] DFS
[lang] unknown",DFS,,,vnjjMVcO-R4,"[""DFS"",""Graph"",""Stack""]"
"[""python""]",https://www.youtube.com/watch?v=dqnZShCbQiI,"DFS(깊이 우선 탐색) 알고리즘을 반복적인 방식으로 구현하는 방법에 대해 설명한다. 그래프는 인접 리스트 형태로 표현되며, 노드와 인접 노드를 딕셔너리로 저장한다. 반복적 DFS 함수는 시작 노드를 매개변수로 받아 스택을 사용하여 탐색을 수행한다. 시작 노드를 스택에 추가한 후, 스택에서 노드를 꺼내어 방문 여부를 확인하고, 방문하지 않은 경우 해당 노드를 방문 처리하고 인접 노드를 스택에 추가한다. 이 과정을 스택이 비어있을 때까지 반복한다.

- DFS는 스택을 사용하여 구현된다.
- 방문한 노드는 visited 집합에 저장된다.
- 시작 노드는 사용자로부터 입력받는다.
- 그래프에 노드가 존재하지 않으면 탐색을 중단한다.
- 스택이 비어있을 때까지 반복하여 탐색을 진행한다.

[tags] DFS, Stack
[lang] python",DFS,,,dqnZShCbQiI,"[""DFS"",""Graph"",""Stack""]"
"[""python""]",https://www.youtube.com/watch?v=Sbciimd09h4,"깊이 우선 탐색(DFS)은 트리를 탐색하는 방법으로, 여러 가지 방식(전위, 중위, 후위)으로 구현할 수 있다. 전위 탐색은 노드를 처리한 후 자식 노드로 이동하고, 중위 탐색은 자식 노드를 모두 탐색한 후 부모 노드를 처리하며, 후위 탐색은 모든 자식 노드를 탐색한 후 부모 노드를 처리한다. DFS는 재귀적 방법과 반복적 방법으로 구현할 수 있으며, 재귀적 방법은 자연스럽고 간단하지만 호출 스택의 제한이 있다. 반복적 방법은 스택을 직접 사용하여 구현하며, 더 빠르지만 복잡하다.

- DFS는 트리 구조에서 노드를 탐색하는 기법이다.
- 전위, 중위, 후위 탐색 방식이 있다.
- 재귀적 구현은 간단하지만 호출 스택의 크기에 제한이 있다.
- 반복적 구현은 스택을 사용하여 더 빠르지만 복잡하다.

[tags] DFS, Pre-order, In-order, Post-order
[lang] python",DFS,,,Sbciimd09h4,"[""DFS"",""Stack"",""Tree""]"
"[""python""]",https://www.youtube.com/watch?v=QUlkiLgFdHU,"그래프 탐색은 그래프의 모든 노드를 방문하는 과정을 의미하며, 이 강의에서는 깊이 우선 탐색(DFS)과 너비 우선 탐색(BFS) 두 가지 알고리즘을 다룬다. DFS는 시작 노드에서 시작하여 인접한 노드를 방문하는 방식으로 진행된다. 모든 노드를 방문할 때까지 인접 노드를 선택하여 계속 진행하며, 더 이상 방문할 노드가 없을 경우에는 이전 노드로 되돌아가(backtrack) 새로운 경로를 탐색한다. 이 과정은 모든 노드를 방문할 때까지 반복된다.

DFS의 주요 단계는 다음과 같다:
- 시작 노드에서 탐색을 시작하고 해당 노드를 방문한다.
- 현재 노드의 인접 노드 중 하나를 선택하여 방문한다.
- 더 이상 방문할 노드가 없을 경우, 이전 노드로 되돌아가서 다른 경로를 탐색한다.
- 모든 노드를 방문하면 탐색을 종료한다.

이 알고리즘은 깊이 우선으로 탐색하기 때문에 한 경로를 끝까지 탐색한 후에야 다른 경로로 이동한다.

[tags] DFS, Graph Traversal
[lang] unknown",DFS,,,QUlkiLgFdHU,"[""DFS"", ""Graph"",""Backtracking"",""Tree""]"
"[""python""]",https://www.youtube.com/watch?v=X378u6fEfQU,"깊이 우선 탐색(DFS)은 그래프의 모든 노드를 탐색하는 알고리즘으로, 주어진 노드에서 시작하여 가능한 한 깊게 탐색한 후, 더 이상 갈 수 없게 되면 이전 노드로 돌아가 다른 경로를 탐색하는 방식이다. DFS는 스택 자료구조를 사용하여 구현할 수 있으며, 재귀적 방법과 반복적 방법 두 가지로 나뉜다. 이 과정에서 각 노드를 방문할 때마다 해당 노드를 출력하고, 인접한 노드를 스택에 추가하여 탐색을 계속한다.

DFS의 주요 특징은 다음과 같다:
- 스택을 사용하여 현재 노드를 관리하고, 인접 노드를 추가하여 탐색을 진행한다.
- 탐색 순서는 시작 노드에서 인접 노드로 이동하며, 모든 경로를 탐색한 후 다음 경로로 넘어간다.
- 탐색 결과는 시작 노드에 따라 달라질 수 있다.

[tags] DFS, Stack
[lang] unknown",DFS,,,X378u6fEfQU,"[""DFS"", ""Stack"", ""Graph""]"
"[""python""]",https://www.youtube.com/watch?v=tgZfurW8w1g,"깊이 우선 탐색(DFS)을 재귀적으로 구현하는 방법에 대해 설명한다. DFS는 그래프의 각 노드를 방문하는 알고리즘으로, 재귀 호출을 통해 각 노드를 탐색한다. 시작 노드를 출력한 후, 해당 노드와 연결된 모든 노드에 대해 재귀적으로 DFS 함수를 호출하여 탐색을 진행한다. 이 과정에서 연결된 노드가 없을 경우, 함수는 종료된다. 

재귀 호출의 기초 조건은 현재 노드의 연결된 노드 리스트가 비어있을 때 함수가 종료되는 것이다. 이 방식으로 DFS를 수행하면, 그래프의 모든 노드를 깊이 우선으로 탐색할 수 있다. 예를 들어, 시작 노드가 10일 경우, 10에서 연결된 노드인 20, 30, 40, 50을 차례로 방문하게 된다. 

- DFS는 재귀적 접근을 통해 구현된다.
- 각 노드를 방문할 때마다 해당 노드를 출력한다.
- 연결된 노드가 없으면 재귀 호출이 종료된다.
- 그래프의 구조에 따라 탐색 순서가 달라질 수 있다.

[tags] DFS, Recursion
[lang] unknown",DFS,,,tgZfurW8w1g,"[""DFS"", ""Stack"", ""Graph""]"
"[""python""]",https://www.youtube.com/watch?v=U6UkRe3JHEk,"깊이 우선 탐색(DFS) 알고리즘은 그래프를 탐색하는 두 가지 주요 기법 중 하나로, 루트 노드에서 시작하여 가능한 깊이까지 탐색한 후, 더 이상 진행할 수 없을 때 백트래킹하여 다른 경로를 탐색하는 방식이다. 이 과정에서 스택을 사용하며, 스택의 마지막에 들어온 요소가 먼저 나가는 LIFO(Last In First Out) 원칙을 따른다. DFS는 각 노드를 방문할 때마다 방문한 노드를 기록하고, 자식 노드가 있는 경우 재귀적으로 DFS를 호출하여 탐색을 계속한다.

구현 시, 그래프는 딕셔너리 형태로 표현되며, DFS 함수는 그래프, 현재 노드, 방문한 노드 리스트를 인자로 받아 작동한다. 방문하지 않은 노드를 방문 리스트에 추가하고, 자식 노드가 있을 경우 DFS를 재귀적으로 호출하여 탐색을 진행한다. 이 알고리즘은 모든 노드를 탐색한 후 방문한 노드 리스트를 반환한다.

- DFS는 그래프 탐색의 기본 기법이다.
- 스택을 사용하여 LIFO 원칙을 따른다.
- 재귀 호출을 통해 자식 노드를 탐색한다.
- 방문한 노드는 리스트에 기록된다.
- 그래프는 딕셔너리 형태로 표현된다.

[tags] DFS
[lang] python",DFS,,,U6UkRe3JHEk,"[""DFS"", ""Stack"", ""Graph""]"
"[""python""]",https://www.youtube.com/watch?v=NNFm4WRzAAg,"깊이 우선 탐색(DFS) 알고리즘은 그래프에서 특정 노드를 찾기 위해 사용됩니다. 이 알고리즘은 스택과 집합을 활용하여 구현됩니다. 스택은 현재 탐색 중인 노드를 저장하고, 집합은 이미 처리한 노드를 기록하여 중복 처리를 방지합니다. DFS는 재귀적 또는 비재귀적 방식으로 구현할 수 있으며, 두 경우 모두 시간 복잡도는 노드 수와 간선 수의 합에 비례하고, 공간 복잡도는 노드 수에 해당합니다.

DFS의 재귀적 구현에서는 각 루트 노드에 대해 재귀적으로 탐색을 수행하고, 비재귀적 구현에서는 스택을 사용하여 노드를 처리합니다. 두 구현 모두 목표 노드를 찾으면 해당 노드를 반환하고, 찾지 못하면 None을 반환합니다. 테스트를 통해 알고리즘의 정확성을 검증하며, 주어진 그래프에서 특정 값이 존재하는지 확인할 수 있습니다.

- DFS는 그래프 탐색 알고리즘이다.
- 스택과 집합을 사용하여 구현된다.
- 재귀적 및 비재귀적 방식으로 구현 가능하다.
- 시간 복잡도는 O(V + E), 공간 복잡도는 O(V)이다.
- 그래프의 연결 상태에 따라 여러 루트를 처리할 수 있다.

[tags] DFS
[lang] python",DFS,,,NNFm4WRzAAg,"[""DFS"", ""Stack"", ""Graph"", ""Set""]"
"[""python""]",https://www.youtube.com/watch?v=Y-I9b3rOo3Q,"DFS(Depth First Search) 알고리즘은 그래프를 탐색하는 방법으로, 주어진 시작 노드에서 인접한 노드를 재귀적으로 방문하는 방식으로 작동한다. 이 강의에서는 인접 리스트를 사용하여 그래프를 표현하고, 파이썬으로 DFS 함수를 구현하는 방법을 설명한다. DFS 함수는 시작 노드와 방문한 노드를 추적하기 위한 집합을 매개변수로 받아, 각 노드를 방문할 때마다 해당 노드가 이미 방문되었는지 확인하고, 방문하지 않은 인접 노드를 재귀적으로 탐색한다.

DFS 구현 시 주의할 점은 방문한 노드를 추적하기 위해 집합을 사용하고, 재귀 호출 시 이 집합을 초기화하지 않도록 외부에서 정의해야 한다는 것이다. 또한, 그래프에 존재하지 않는 노드를 탐색하려 할 경우 오류를 방지하기 위해 사전 검사를 추가하는 것이 좋다. 이 알고리즘은 비가중치 비방향 그래프에 적합하며, 가중치 그래프의 경우 인접 리스트의 구조를 변경해야 한다.

- DFS는 재귀적으로 노드를 탐색한다.
- 인접 리스트를 사용하여 그래프를 표현한다.
- 방문한 노드를 추적하기 위해 집합을 사용한다.
- 그래프에 없는 노드를 탐색할 경우 오류 처리가 필요하다.
- 비가중치 비방향 그래프에 적합하다.

[tags] DFS, 그래프, 재귀, 인접 리스트
[lang] python",DFS,,,Y-I9b3rOo3Q,"[""DFS"", ""Graph"", ""Set""]"
java,https://www.youtube.com/watch?v=o0bM23DTXBw,"코딩 테스트에서 입력 데이터를 받는 방법으로 스캐너와 버퍼드 리더가 있으며, 버퍼드 리더가 더 효율적입니다. 이는 제한시간이 있는 코딩 테스트에서 입력 데이터 처리 속도가 중요하기 때문입니다. 스캐너는 간단한 입력 데이터에는 적합하지만, 대량의 데이터 처리 시 시간 초과가 발생할 수 있습니다. 반면, 버퍼드 리더는 대량의 데이터를 빠르게 처리할 수 있어 시간 초과 문제를 피할 수 있습니다.

스캐너는 객체 생성 후 `nextInt` 함수를 사용하여 데이터를 저장하는 반면, 버퍼드 리더는 객체 생성 후 `readLine` 함수를 통해 문자열 형태로 데이터를 받아야 하며, 이를 토크나이저를 통해 정수로 변환해야 합니다. 따라서 입력 데이터가 적을 경우 두 방법 모두 사용 가능하지만, 데이터가 많을 경우 버퍼드 리더를 사용하는 것이 좋습니다.

- 스캐너는 간단한 입력에 적합.
- 버퍼드 리더는 대량의 데이터 처리에 유리.
- 시간 초과 발생 시 스캐너 사용 여부 점검 필요.
- 버퍼드 리더 사용 시 문자열 처리 과정 필요.

[tags] 
[lang] unknown",DFS,,,o0bM23DTXBw,[]
"[""java""]",https://www.youtube.com/watch?v=8upKVJc1tgo,"주어진 문제는 두 개의 배열에서 최대 공약수를 활용하여 특정 조건을 만족하는 숫자를 찾는 것입니다. 첫 번째 조건은 배열 A의 모든 요소를 나눌 수 있는 숫자를 찾는 것이고, 두 번째 조건은 배열 B의 모든 요소로 나눌 수 없어야 합니다. 이를 해결하기 위해 먼저 각 배열의 최대 공약수를 구하고, 그 값을 가지고 상대 배열의 요소들을 나눌 수 있는지를 확인합니다. 만약 나눌 수 없다면 해당 값은 후보가 되며, 이 과정에서 최대 값을 찾아 최종 정답으로 반환합니다.

- 두 배열의 최대 공약수를 구한다.
- A의 최대 공약수로 B의 요소를 나눠보고, 나눠지지 않으면 후보로 둔다.
- B의 최대 공약수로 A의 요소를 나눠보고, 나눠지지 않으면 후보로 둔다.
- 후보 중 최대 값을 정답으로 선택한다.

[tags] GCD, 배열, 조건문
[lang] unknown",DFS,,,8upKVJc1tgo,"[""Math"",""Array"",""Simulation""]"
"[""java""]",https://www.youtube.com/watch?v=Jb34jY91450,"주어진 문제는 카카오 코딩 테스트의 ""메뉴 리뉴얼""로, 주어진 코스 길이에 따라 주문된 음식 조합을 찾아내는 것입니다. 먼저, 각 주문을 정렬하여 조합의 순서가 중요하지 않도록 하고, 이후 각 코스 길이에 맞춰 조합을 생성합니다. 이 과정에서 해시맵을 사용하여 각 조합의 주문 횟수를 기록하고, 가장 많이 주문된 조합을 추출합니다. 최종적으로 2개 이상의 조합만 유효하므로, 이를 기준으로 결과를 반환합니다.

주요 체크포인트:
- 주문을 정렬하여 조합의 순서 무관성을 활용.
- 해시맵을 통해 조합의 주문 횟수를 관리.
- 2개 이상의 조합만 유효하다는 조건을 고려.
- 재귀 함수를 통해 조합 생성 로직 구현.

[tags] HashMap, Combination, Sorting
[lang] unknown",DFS,,,Jb34jY91450,"[""HashMap"", ""Sorting"", ""Backtracking""]"
java,https://www.youtube.com/watch?v=ZJYTuDlGyf0,"DFS(깊이 우선 탐색) 알고리즘에 대한 입문 강의가 개설되었으며, 이 강의는 총 12개의 문제를 통해 DFS 문제를 어떻게 인식하고 해결할 수 있는지를 다룹니다. 강의는 DFS 문제를 분별하는 방법, 핵심 포인트를 생각하며 풀이를 떠올리는 과정, 그리고 구현 방법에 중점을 두고 있습니다. 특히, 문제를 보고 DFS로 풀어야 할지 다른 알고리즘을 사용할지 판단하는 것이 어려운 점을 강조하며, 이를 위한 키워드와 시그널을 정리했습니다.

강의는 DFS 유형의 정형화된 특성을 활용하여 90% 이상의 코드가 유사하다는 점을 설명하고, 나머지 10%의 변형에 대한 응용 방법도 다룹니다. 또한, 강의에서는 코드를 직접 작성하며 각 줄의 의도를 설명하여 이해를 돕습니다. 첫 일주일 동안 30% 할인된 가격으로 제공되며, 관심 있는 분들은 링크를 통해 확인할 수 있습니다.

- DFS 문제를 인식하는 방법
- 90% 유사한 코드 구조
- 10%의 변형 응용
- 코드 작성 의도 설명
- 할인 프로모션 정보

[tags] DFS
[lang] unknown",DFS,,,ZJYTuDlGyf0,"[""DFS""]"
java,https://www.youtube.com/watch?v=soLVcb0MLS0,"이번 주 강의에서는 두 개의 DFS 유형 문제를 다룬다. 첫 번째 문제는 백준 1012번 '유기농 배추'로 실버 3등급이며, 두 번째 문제는 2667번 '단지번호 붙이기'로 실버 1등급이다. 두 문제 모두 DFS와 BFS 알고리즘을 이해하고 있다면 쉽게 접근할 수 있는 문제들이다. 강사는 이 문제들을 통해 DFS 관련 실버 등급 문제를 모두 풀어볼 계획이며, 목요일과 토요일에 풀이 영상을 제공할 예정이다.

- DFS와 BFS 알고리즘의 이해가 중요하다.
- 두 문제는 난이도가 비슷하지만 약간의 변형이 있다.
- 강의는 실버 등급 문제를 중심으로 진행된다.
- 풀이 영상은 목요일과 토요일에 제공된다.

[tags] DFS, BFS
[lang] unknown",DFS,,,soLVcb0MLS0,"[""DFS"", ""BFS""]"
"[""python""]",https://www.youtube.com/watch?v=5C0IxOYVrhg,"피보나치 수열 문제를 해결하기 위해 세 가지 방법을 소개한다. 첫 번째는 재귀 함수를 사용하는 방법으로, 피보나치 수의 정의에 따라 n번째 수를 n-1번째와 n-2번째 수의 합으로 계산한다. 이때, n이 0이나 1일 경우에는 각각 0과 1을 반환하는 탈출 조건이 필요하다. 그러나 이 방법은 중복 계산이 많아 비효율적이다.

두 번째 방법은 동적 계획법(DP)을 활용하여 이미 계산된 값을 저장하고 재사용함으로써 중복 계산을 줄인다. DP 배열을 사용하여 피보나치 수를 계산하고, 이전에 계산된 값이 존재할 경우 이를 반환하도록 구현한다. 마지막으로, DP 배열만을 사용하여 반복문으로 피보나치 수를 계산하는 방법도 소개된다. 이 방법은 성능이 더 우수하며, 재귀 호출 없이 직접 배열을 채워나가는 방식이다.

- 재귀 함수는 간단하지만 비효율적
- DP를 통해 중복 계산 방지
- 반복문을 통한 DP 구현은 성능 우수
- 피보나치 수는 기본적인 알고리즘 문제
- 문제 해결 과정에서 재귀와 DP의 이해가 중요

[tags] DP, 재귀, 피보나치
[lang] unknown",DFS,,,5C0IxOYVrhg,"[""DP"", ""Array"", ""Math""]"
java,https://www.youtube.com/watch?v=TAX8jdWWSU0,"코딩 공부에 있어 영상과 책의 장단점을 비교하는 내용이다. 영상은 이해하기 쉬운 설명과 빠른 속도로 학습할 수 있는 장점이 있지만, 체계적인 지식 습득이 어렵고 장기 기억에 남기기 힘든 단점이 있다. 반면, 책은 체계적으로 지식을 정리하고 장기 기억에 도움이 되지만, 초반에 지루할 수 있고 속도가 느리다는 단점이 있다. 따라서 두 매체를 적절히 활용하는 것이 중요하다. 추천하는 책은 '프로그래머스 코딩 테스트 문제풀이 전략'으로, 다양한 알고리즘 문제를 체계적으로 접근할 수 있도록 돕는다.

- 영상은 이해하기 쉽고 빠른 학습 가능
- 책은 체계적인 지식 습득과 장기 기억에 유리
- 두 매체의 장점을 조화롭게 활용해야 함
- 추천 도서: '프로그래머스 코딩 테스트 문제풀이 전략'

[tags] 
""알고리즘"", ""코딩 테스트"", ""문제 풀이"", ""자료구조"", ""DP""
[lang] unknown",DFS,,,TAX8jdWWSU0,[]
"[""java""]",https://www.youtube.com/watch?v=z1ijEwTdq0w,"주어진 문제는 그래프를 이용하여 바이러스가 퍼지는 과정을 시뮬레이션하는 것입니다. 입력으로 주어진 n(노드 수)과 m(간선 수)을 바탕으로, 각 노드 간의 연결 정보를 그래프 형태로 저장합니다. DFS(깊이 우선 탐색) 알고리즘을 사용하여 특정 노드에서 시작해 연결된 모든 노드를 방문하며, 방문한 노드의 수를 세어 최종적으로 감염된 노드 수를 계산합니다. 이 과정에서 방문 여부를 기록하기 위해 visited 배열을 사용하며, 이미 방문한 노드는 다시 방문하지 않도록 합니다.

- 그래프는 2차원 배열로 표현되며, 연결된 노드는 True로 표시됩니다.
- DFS는 재귀적으로 호출되며, 방문한 노드 수를 세기 위해 answer 변수를 사용합니다.
- 최종적으로 감염된 노드 수는 방문한 노드 수에서 시작 노드를 제외한 값을 출력합니다.

[tags] DFS, 그래프, 재귀
[lang] java",DFS,,,z1ijEwTdq0w,"[""DFS"", ""Graph"", ""Matrix""]"
"[""java""]",https://www.youtube.com/watch?v=x6iO0ZH9h7Q,"깊이 우선 탐색(DFS) 알고리즘은 그래프의 모든 정점을 정확히 한 번 방문하는 방식으로 작동합니다. DFS는 특정 경로를 따라 최대한 깊이 들어가고, 더 이상 방문할 정점이 없으면 가장 가까운 부모 정점으로 되돌아가 다른 경로를 탐색합니다. 이 과정에서 스택 자료구조를 사용하여 방문한 정점을 관리하며, 비방문 이웃 정점만 스택에 추가하여 무한 루프를 방지합니다. DFS는 반복적 또는 재귀적으로 구현할 수 있으며, 두 방식 모두 유효한 DFS 구현입니다.

- DFS는 스택을 사용하여 비방문 정점을 관리합니다.
- 반복적 구현은 모든 이웃을 스택에 추가한 후 처리합니다.
- 재귀적 구현은 각 정점을 방문할 때마다 처리합니다.
- 이웃의 순서를 유지하려면 이웃 리스트를 역순으로 추가하거나 재귀적 방법을 사용해야 합니다.
- DFS는 그래프의 구조에 따라 다양한 방식으로 구현할 수 있습니다.

[tags] DFS, Stack
[lang] unknown",DFS,,,x6iO0ZH9h7Q,"[""DFS"", ""Graph"", ""Stack"", ""Queue""]"
"[""python""]",https://www.youtube.com/watch?v=_Dr38nGgpBk,"깊이 우선 탐색(DFS)은 데이터 구조를 탐색하고 검색하는 기본 알고리즘으로, 이진 트리와 같은 구조에서 자주 사용됩니다. DFS의 핵심 아이디어는 가능한 깊이 들어가다가 막히면 되돌아가 다른 경로를 탐색하는 것입니다. 이진 트리의 경우, DFS는 전위, 중위, 후위 순회 방식으로 구현할 수 있으며, 재귀적 접근과 명시적 스택을 사용한 반복적 접근 모두 가능합니다. 재귀적 방법은 시스템의 호출 스택을 활용하여 간결하게 구현되며, 반복적 방법은 스택을 사용하여 노드를 관리합니다.

DFS의 시간 복잡도는 O(N)으로, N은 노드의 수입니다. 공간 복잡도는 재귀 깊이에 따라 달라지며, 최악의 경우 O(N), 균형 잡힌 이진 트리에서는 O(log N)입니다. DFS는 그래프 연결성 검사, 경로 찾기 문제, 조합 문제 등 다양한 실제 응용 분야에서 활용됩니다.

- DFS는 깊이 우선 탐색 알고리즘이다.
- 이진 트리에서 전위, 중위, 후위 순회로 구현 가능하다.
- 시간 복잡도는 O(N), 공간 복잡도는 O(N) 또는 O(log N)이다.
- 재귀적 및 반복적 방법으로 구현할 수 있다.
- 다양한 문제 해결에 활용된다.

[tags] DFS, Binary Tree, Graph Traversal, Recursion, Iteration
[lang] unknown",DFS,,,_Dr38nGgpBk,"[""DFS"", ""Tree"", ""Graph"", ""Stack""]"
"[""java""]",https://www.youtube.com/watch?v=FGswVJHx5Hk,"깊이 우선 탐색(DFS) 알고리즘은 그래프의 한 정점에서 시작하여 가능한 깊이까지 탐색한 후, 이웃 정점으로 이동하는 방식으로 작동합니다. 이 알고리즘은 스택을 사용하여 구현되며, 각 정점은 방문 여부를 기록하는 불리언 변수를 통해 관리됩니다. DFS는 먼저 깊이를 우선적으로 탐색하고, 모든 이웃을 방문한 후에 다음 이웃으로 넘어갑니다. 이 과정에서 인접 행렬을 사용하여 정점 간의 연결 관계를 표현합니다.

DFS의 시간 복잡도는 O(V + E)로, 여기서 V는 정점의 수, E는 간선의 수를 의미합니다. 이 알고리즘은 그래프의 모든 정점을 방문할 수 있으며, 구현 시 스택을 활용하여 방문한 정점을 추적합니다. DFS는 그래프 탐색, 경로 찾기, 그리고 연결 요소 탐색 등 다양한 문제에 활용될 수 있습니다.

- 깊이 우선 탐색(DFS) 알고리즘의 기본 원리
- 스택을 사용한 정점 방문 관리
- 인접 행렬을 통한 그래프 표현
- 시간 복잡도: O(V + E)

[tags] DFS, Graph, Adjacency Matrix
[lang] java",DFS,,,FGswVJHx5Hk,"[""DFS"", ""Graph"", ""Matrix"", ""Stack""]"
"[""java""]",https://www.youtube.com/watch?v=Kfm00t4YKow,"너비 우선 탐색(BFS)과 깊이 우선 탐색(DFS)은 이진 트리를 순회하는 두 가지 방법이다. BFS는 큐를 사용하여 레벨별로 노드를 탐색하며, 먼저 루트 노드를 큐에 추가한 후, 큐가 비어있지 않은 동안 노드를 제거하고 출력하며, 자식 노드가 존재할 경우 큐에 추가하는 방식으로 진행된다. 이 과정은 각 레벨을 차례로 탐색하여 노드를 출력하는 방식으로 이루어진다.

반면, DFS는 재귀적으로 노드를 탐색하는 방법으로, 현재 노드가 null이 아닐 경우 노드 데이터를 출력하고 왼쪽 자식 노드와 오른쪽 자식 노드를 순차적으로 탐색한다. 이 방식은 트리의 깊이를 우선적으로 탐색하여 노드를 출력하는 특징이 있다. 두 알고리즘 모두 이진 트리의 구조를 효과적으로 탐색할 수 있는 방법이다.

- BFS는 큐를 사용하여 레벨별로 탐색
- DFS는 재귀를 통해 깊이 우선 탐색
- BFS는 노드가 null이 아닐 경우 자식 노드를 큐에 추가
- DFS는 왼쪽 자식 노드부터 탐색 후 오른쪽 자식 노드 탐색

[tags] BFS, DFS
[lang] java",DFS,,,Kfm00t4YKow,"[""BFS"", ""DFS"", ""Tree"", ""Queue""]"
"[""java""]",https://www.youtube.com/watch?v=3oQMeGivmp0,"깊이 우선 탐색(DFS)은 그래프나 트리를 탐색하는 알고리즘으로, 특정 노드에서 시작하여 가능한 한 깊이 들어간 후, 더 이상 진행할 수 없을 때 이전 노드로 되돌아가는 방식으로 작동합니다. DFS는 스택을 사용하여 구현되며, 각 노드를 방문할 때마다 방문한 노드를 기록하여 중복 방문을 방지합니다. 이 과정에서 노드의 이웃을 스택에 추가하고, 스택에서 노드를 꺼내어 탐색을 계속합니다.

DFS의 구현 과정은 다음과 같습니다:
1. 시작 노드를 스택에 추가하고 방문 표시.
2. 스택에서 노드를 꺼내고, 그 노드의 이웃을 스택에 추가.
3. 스택이 비어질 때까지 1과 2를 반복.

DFS는 노드 추가 순서에 따라 탐색 결과가 달라질 수 있으며, 다양한 경로를 통해 동일한 그래프를 탐색할 수 있습니다.

- DFS는 스택을 사용하여 구현된다.
- 방문한 노드를 기록하여 중복 방문을 방지한다.
- 노드 추가 순서에 따라 탐색 결과가 달라질 수 있다.
- 그래프는 인접 리스트 또는 행렬로 표현할 수 있다.

[tags] DFS, Stack, Graph
[lang] unknown",DFS,,,3oQMeGivmp0,"[""DFS"", ""Stack"", ""Graph""]"
"[""cpp"", ""java""]",https://www.youtube.com/watch?v=Qzf1a--rhp8,"깊이 우선 탐색(DFS)은 그래프를 탐색하는 기법으로, 주어진 시작 노드에서 인접한 노드로 깊이 들어가며 탐색을 진행한다. DFS는 재귀를 통해 구현되며, 각 노드를 방문할 때마다 해당 노드를 '방문한' 것으로 표시하고, 더 이상 방문할 이웃 노드가 없을 경우 이전 노드로 돌아간다. 이 과정은 시작 노드에서부터 인접 노드로 깊이 들어가고, 모든 경로를 탐색할 때까지 반복된다. DFS는 인접 리스트를 사용하여 그래프를 저장하고, 방문 배열을 통해 이미 방문한 노드를 추적한다.

DFS의 시간 복잡도는 O(V + E)로, V는 노드의 수, E는 간선의 수를 의미한다. 공간 복잡도는 최악의 경우 O(V)로, 재귀 호출 스택과 방문 배열을 포함한다. DFS는 다양한 경로를 탐색할 수 있으며, 시작 노드에 따라 탐색 순서가 달라질 수 있다.

- DFS는 깊이 우선 탐색 기법이다.
- 재귀를 통해 구현되며, 방문한 노드는 다시 방문하지 않는다.
- 인접 리스트를 사용하여 그래프를 표현한다.
- 시간 복잡도는 O(V + E), 공간 복잡도는 O(V)이다.

[tags] DFS, Recursion, Graph, Adjacency List
[lang] unknown",DFS,,,Qzf1a--rhp8,"[""DFS"", ""Graph""]"
"[""cpp""]",https://www.youtube.com/watch?v=bOrCi635kUw,"그래프를 탐색하는 방법 중 하나인 깊이 우선 탐색(DFS)에 대해 설명한다. DFS는 스택을 사용하여 그래프의 모든 노드를 방문하는 기법으로, 시작 노드에서 이웃 노드를 스택에 추가하고, 스택에서 노드를 꺼내어 방문하는 방식으로 진행된다. 이 과정에서 이미 방문한 노드는 다시 스택에 추가하지 않으며, 모든 노드를 방문할 때까지 반복한다. DFS는 비선형 데이터 구조인 그래프에서 유용하게 사용되며, 시간 복잡도는 O(V + E)로, V는 정점의 수, E는 간선의 수를 나타낸다. 공간 복잡도는 O(V)로, 스택에 저장할 수 있는 최대 정점 수에 해당한다.

- DFS는 스택을 사용하여 구현된다.
- 방문한 노드는 다시 스택에 추가하지 않는다.
- 시간 복잡도는 O(V + E), 공간 복잡도는 O(V)이다.
- DFS는 재귀적 또는 반복적으로 구현할 수 있다.
- 그래프의 모든 노드를 탐색할 수 있는 방법이다.

[tags] DFS
[lang] unknown",DFS,,,bOrCi635kUw,"[""DFS"", ""Stack"", ""Graph""]"
"[""java""]",https://www.youtube.com/watch?v=Exvy4GvTets,"주어진 영상에서는 방향 그래프에서 사이클을 탐지하는 방법을 DFS(깊이 우선 탐색) 알고리즘을 통해 설명하고 있다. 방향 그래프에서 사이클을 탐지하기 위해서는 두 가지 데이터 구조가 필요하다: 방문한 노드를 추적하는 'visited' 집합과 현재 경로를 추적하는 'path' 집합이다. DFS를 수행하면서 노드를 방문할 때마다 이 두 집합을 업데이트하고, 이미 방문한 노드를 다시 방문할 경우 그 노드가 현재 경로에 포함되어 있는지를 확인하여 사이클의 존재 여부를 판단한다.

사이클 탐지의 핵심 아이디어는 DFS를 통해 노드를 탐색하면서, 같은 경로에서 동일한 노드를 다시 만나는 경우 사이클이 존재한다고 판단하는 것이다. 이 과정에서 경로를 추적하는 것이 중요하며, 이를 통해 사이클이 발생하는 조건을 명확히 할 수 있다. 알고리즘의 시간 복잡도는 O(V + E)로, V는 정점의 수, E는 간선의 수를 나타낸다.

- DFS를 사용하여 방향 그래프의 사이클 탐지
- 방문한 노드와 현재 경로를 추적하는 두 개의 데이터 구조 필요
- 같은 경로에서 동일한 노드를 다시 만날 경우 사이클 존재
- 시간 복잡도: O(V + E)

[tags] DFS, Cycle Detection, Directed Graph
[lang] unknown",DFS,,,Exvy4GvTets,"[""DFS"", ""Graph"", ""Backtracking"", ""Stack"", ""Hashset""]"
"[""java""]",https://www.youtube.com/watch?v=KXv95UE5fAs,"깊이 우선 탐색(DFS)은 그래프 이론에서 중요한 개념으로, 스택 자료구조를 사용하여 노드를 탐색하는 알고리즘이다. DFS는 시작 노드에서부터 인접한 노드를 방문하며, 방문한 노드는 다시 방문하지 않도록 표시한다. 이 과정은 재귀적으로 진행되며, 모든 인접 노드를 탐색한 후에는 스택에서 노드를 제거(popping)하여 탐색을 계속한다. 예를 들어, A에서 시작하여 C, B, F, D, E 순으로 방문하는 방식으로 진행된다.

DFS를 구현하기 위해서는 그래프 클래스를 정의하고, 인접 리스트를 사용하여 노드 간의 연결을 저장해야 한다. 방문 여부를 추적하기 위해 불리언 배열을 사용하며, 재귀 함수를 통해 탐색을 수행한다. 이 알고리즘은 그래프의 구조에 따라 다양한 결과를 생성할 수 있으며, 사이클이 있는 그래프에서도 효과적으로 작동한다.

- DFS는 스택을 사용하여 구현된다.
- 방문한 노드는 다시 방문하지 않도록 관리한다.
- 인접 노드를 탐색할 때는 재귀적으로 진행된다.
- 그래프의 구조에 따라 탐색 결과가 달라질 수 있다.

[tags] DFS, 그래프, 재귀
[lang] java",DFS,,,KXv95UE5fAs,"[""DFS"", ""Graph"",""Stack""]"
"[""java""]",https://www.youtube.com/watch?v=uT1p5Eiw9CE,"깊이 우선 탐색(DFS) 알고리즘은 그래프의 한 정점에서 시작하여 가능한 깊이까지 탐색한 후, 더 이상 진행할 수 없을 때 이전 정점으로 되돌아가 다른 경로를 탐색하는 방식으로 작동한다. 이 알고리즘은 재귀를 통해 구현되며, 인접 리스트 형태로 저장된 그래프에서 각 정점을 방문할 때마다 방문 여부를 기록하는 불리언 배열을 사용한다. DFS는 모든 정점을 방문하기 위해 필요시 여러 번 재시작할 수 있으며, 이를 위해 드라이버 메서드가 필요하다.

DFS 구현의 핵심 포인트는 다음과 같다:
- 그래프는 인접 리스트로 표현되며, 각 정점은 배열의 인덱스로 관리된다.
- 재귀 호출을 통해 각 정점을 방문하고, 방문한 정점은 불리언 배열에 기록된다.
- 모든 정점을 방문하기 위해 드라이버 메서드가 필요하며, 이 메서드는 방문하지 않은 정점을 찾아 DFS를 재시작한다.
- DFS는 방향 그래프와 비방향 그래프 모두에 적용 가능하다.

[tags] DFS, 그래프, 재귀
[lang] java",DFS,,,uT1p5Eiw9CE,"[""DFS"", ""Graph""]"
"[""java""]",https://www.youtube.com/watch?v=Y8bOGiLkBqg,"DFS(깊이 우선 탐색)를 사용한 무방향 그래프의 사이클 탐지 방법에 대해 설명한다. 이 알고리즘은 그래프의 각 노드를 방문하면서 두 가지 조건을 체크한다: 첫째, 노드가 이미 방문되었는지, 둘째, 방문된 노드가 부모 노드인지 여부이다. 부모 노드가 아닌 방문된 노드를 다시 만날 경우 사이클이 존재한다고 판단한다. 

DFS를 시작할 때, 시작 노드를 선택하고 인접 노드를 탐색하며, 각 노드를 방문할 때마다 방문 상태를 업데이트한다. 만약 인접 노드가 이미 방문된 상태이고 부모 노드가 아니라면 사이클이 발견된 것으로 간주하고 탐색을 종료한다. 이 과정은 그래프의 모든 노드에 대해 반복된다. 

- DFS 알고리즘을 이해하고 있어야 함.
- 부모 노드 체크가 사이클 탐지의 핵심.
- BFS와 유사한 접근 방식이지만, DFS의 특성을 활용함.
- 시간 복잡도는 O(V + E)로, V는 정점 수, E는 간선 수.

[tags] DFS, Cycle Detection
[lang] unknown",DFS,,,Y8bOGiLkBqg,"[""DFS"", ""Graph""]"
"[""java""]",https://www.youtube.com/watch?v=2DioKI5nSjA,"주어진 문제는 트리에서 가장 수익성 있는 경로를 찾는 것으로, 두 사람인 앨리스와 보가 동시에 시작하여 각각의 경로를 탐색하는 방식이다. 앨리스는 잎 노드로 가는 가장 수익성 있는 경로를 찾고, 보의 경로는 앨리스의 수익에 영향을 미친다. 이 문제를 해결하기 위해 DFS(깊이 우선 탐색)를 사용하여 앨리스의 경로를 최적화하고, 보의 경로를 추적하는 방법이 제안된다. 이 접근법은 각 노드를 한 번만 처리하므로 시간 복잡도는 O(n)이다.

주요 체크포인트:
- 앨리스는 잎 노드로 가는 경로에서 최대 수익을 추구한다.
- 보가 도착한 노드에 따라 앨리스의 수익이 달라진다.
- DFS를 통해 앨리스의 경로를 탐색하고, 보의 경로를 기록한다.
- 전체 시간 복잡도는 O(n)으로 효율적이다.
- 공간 복잡도 또한 O(n)으로 메모리 효율적이다.

[tags] DFS, Tree, Dynamic Programming
[lang] unknown",DFS,,,2DioKI5nSjA,"[""Tree"", ""DFS"", ""Graph""]"
"[""java""]",https://www.youtube.com/watch?v=_Fw8KaueS8s,"주어진 문제는 두 개의 이진 행렬(grid 1과 grid 2)에서 grid 2의 섬(sub island) 개수를 세는 것입니다. 섬은 1로 표시된 셀들이 수직 또는 수평으로 연결된 그룹을 의미하며, grid 2의 섬이 grid 1의 섬에 포함되려면 grid 1의 해당 위치에 모두 1이 있어야 합니다. 문제 해결을 위해 DFS(깊이 우선 탐색) 알고리즘을 사용하여 grid 2의 각 셀을 탐색하고, 섬을 발견할 때마다 grid 1에서 해당 섬이 존재하는지 확인합니다.

이 과정에서 grid 2의 섬을 발견하면, 그 섬의 모든 셀을 0으로 변경하여 방문한 셀로 표시하고, grid 1에서 해당 섬이 존재하는지 확인하여 sub island의 개수를 증가시킵니다. 최종적으로 sub island의 개수를 반환합니다. 이 알고리즘의 시간 복잡도는 O(M * N)으로, M은 행의 수, N은 열의 수입니다.

- DFS를 사용하여 섬 탐색
- grid 2의 섬이 grid 1에 포함되는지 확인
- 방문한 셀은 0으로 변경하여 중복 계산 방지
- 최종적으로 sub island의 개수를 반환

[tags] DFS, Grid, Sub Island
[lang] unknown",DFS,,,_Fw8KaueS8s,"[""DFS"", ""Graph""]"
"[""java""]",https://www.youtube.com/watch?v=cFIt_psYQXs,"그래프 탐색은 그래프의 모든 노드를 방문하는 과정을 의미하며, 두 가지 주요 기법인 깊이 우선 탐색(DFS)과 너비 우선 탐색(BFS)이 있다. DFS는 스택을 사용하여 한 방향으로 깊게 탐색한 후, 더 이상 갈 수 없을 때 이전 노드로 되돌아가며 탐색을 계속한다. 반면 BFS는 큐를 사용하여 현재 레벨의 모든 노드를 방문한 후 다음 레벨로 이동하는 방식이다. 이 두 기법은 그래프의 구조에 따라 다양한 결과를 생성할 수 있으며, 노드 방문 순서는 선택에 따라 달라질 수 있다.

- DFS는 스택을 사용하여 구현하며, 노드를 깊이 있게 탐색한다.
- BFS는 큐를 사용하여 구현하며, 레벨별로 노드를 탐색한다.
- 두 기법 모두 노드를 중복 방문하지 않도록 주의해야 한다.
- 탐색 순서는 노드의 인접 리스트에 따라 달라질 수 있다.

[tags] DFS, BFS
[lang] unknown",DFS,,,cFIt_psYQXs,"[""DFS"", ""BFS"", ""Graph""]"
"[""java""]",https://www.youtube.com/watch?v=ErAO-9yo_Yc,"깊이우선 탐색(DFS)은 그래프 탐색 알고리즘 중 하나로, 시작 정점에서 인접한 정점으로 이동하며 깊이 있게 탐색하는 방식이다. 이 과정에서 각 정점의 발견 시간과 완료 시간을 기록하는 타임 스탬프를 사용하여 탐색의 순서를 관리한다. DFS는 스택을 활용하여 구현되며, 탐색 중 이미 방문한 정점은 색깔로 구분하여 상태를 표시한다. 흰색은 미방문, 회색은 탐색 중, 검은색은 탐색 완료를 의미한다.

DFS의 시간 복잡도는 O(V + E)로, V는 정점의 수, E는 간선의 수를 나타낸다. 이 알고리즘은 방향 그래프에서 트리 엣지, 백 엣지, 포워드 엣지, 크로스 엣지와 같은 다양한 간선 유형을 생성할 수 있으며, 이를 통해 그래프의 구조를 분석할 수 있다. DFS와 넓이우선 탐색(BFS)의 주요 차이는 DFS가 시간 순서를 기준으로 탐색하는 반면, BFS는 거리 기준으로 탐색한다.

- DFS는 스택을 사용하여 구현된다.
- 각 정점의 상태는 색깔로 표시된다.
- 시간 복잡도는 O(V + E)이다.
- 탐색 중 발생하는 간선 유형을 이해하는 것이 중요하다.
- DFS는 방향 그래프에서 다양한 간선 유형을 생성할 수 있다.

[tags] DFS
[lang] unknown",DFS,,,ErAO-9yo_Yc,"[""DFS"", ""Graph""]"
"[""cpp""]",https://www.youtube.com/watch?v=dUjd2BYU6zg,"우선순위 큐(우선순위 Q)는 C++에서 제공하는 자료구조로, 요소를 삽입할 때 우선순위를 부여하여 정렬된 순서로 요소를 꺼낼 수 있게 해줍니다. 기본적으로 내림차순으로 정렬되며, 이를 변경하고 싶다면 `greater` 또는 `less`와 같은 비교 함수를 사용하여 오름차순으로 정렬할 수 있습니다. 또한, 사용자 정의 비교 함수를 만들기 위해 구조체와 연산자 오버로딩을 활용할 수 있습니다. 이 경우, 문자열의 길이를 기준으로 정렬하는 예시를 통해 우선순위 큐의 동작을 설명합니다.

- 우선순위 큐는 내부적으로 힙으로 구현되어 있으며, 요소를 삽입할 때 우선순위를 고려합니다.
- 기본 정렬은 내림차순이며, `greater` 함수를 사용하면 오름차순으로 정렬할 수 있습니다.
- 사용자 정의 비교 함수를 만들기 위해 구조체와 연산자 오버로딩을 사용할 수 있습니다.
- 우선순위 큐는 다양한 알고리즘에서 유용하게 사용됩니다.

[tags] priority queue, C++, heap, operator overloading
[lang] cpp",DFS,,,dUjd2BYU6zg,"[""Heap"", ""Queue""]"
"[""c""]",https://www.youtube.com/watch?v=Kj6eooj_0Tw,"포인터를 사용하여 배열의 문자를 복사하는 효율적인 방법에 대해 설명합니다. 기존의 배열 표기법에서 발생하는 비효율성을 지적하며, 포인터를 활용한 디스플리스먼트 어드레싱 방식으로 성능을 개선할 수 있음을 강조합니다. 배열 표기법에서는 인덱스드 어드레싱을 사용하여 메모리 접근이 이루어지지만, 포인터를 사용하면 상대적인 위치 이동이 가능해 연산 횟수를 줄일 수 있습니다. 이 과정에서 반복문을 활용하여 널 문자를 포함한 복사 작업을 효율적으로 수행하는 방법도 제시합니다.

- 포인터를 사용하면 배열보다 메모리 접근이 효율적이다.
- 디스플리스먼트 어드레싱은 인덱스드 어드레싱보다 연산 횟수가 적다.
- 반복문을 통해 널 문자를 포함한 복사 작업을 간소화할 수 있다.
- 실습을 통해 포인터 사용에 익숙해져야 한다.
- 코드의 효율성을 높이기 위해 포인터 사용을 권장한다.

[tags] pointer, array, displacement addressing, indexed addressing, efficiency
[lang] unknown",DFS,,,Kj6eooj_0Tw,"[""Array"", ""String""]"
"[""python""]",https://www.youtube.com/watch?v=78MHQ9s7kAc,"순열은 n개의 숫자 중에서 r개를 뽑아 나열하는 경우의 수를 의미하며, 수학적으로 nPr로 표현됩니다. 예를 들어, 3개의 숫자(1, 2, 3)에서 2개를 뽑는 경우의 수는 6가지입니다. 순열을 구현하기 위해서는 Depth-First Search(DFS)와 체크리스트를 사용하는 방법이 효과적입니다. DFS를 통해 모든 경우의 수를 탐색하고, 체크리스트를 통해 이미 사용된 숫자를 관리하여 중복을 방지합니다.

구현 시 주의할 점은 DFS의 종료 조건을 명확히 설정하고, 백트래버스 과정에서 체크리스트를 적절히 업데이트하는 것입니다. 이 알고리즘은 복잡해 보일 수 있지만, 기본 구조를 외우면 다양한 경우에 응용할 수 있습니다.

- 순열의 정의와 수학적 표현
- DFS와 체크리스트를 활용한 구현 방법
- 종료 조건 및 백트래버스 처리의 중요성
- 다양한 입력에 대한 응용 가능성

[tags] DFS, Permutation
[lang] python",DFS,,,78MHQ9s7kAc,"[""DFS"", ""Backtracking"", ""Math""]"
c,https://www.youtube.com/watch?v=OdsyeXRhVIo,"프론트엔드 개발자가 코딩 테스트를 준비할 때, 파이썬과 자바스크립트를 추천합니다. 파이썬은 알고리즘 강의와 블로그 자료가 풍부하고, 코드가 간결하여 문제 해결에 유리합니다. 반면, 자바스크립트는 프론트엔드 개발에 필수적이며, 일부 코딩 테스트는 자바스크립트로만 진행됩니다. 따라서 두 언어를 모두 익히는 것이 좋습니다. 

프론트엔드 개발자로서 자바스크립트의 문법적 차이를 이해하고, 파이썬으로 풀었던 문제를 자바스크립트로 다시 연습하는 것이 중요합니다. 알고리즘 문제는 두 언어 모두에서 해결 가능하며, 자바스크립트의 기본 자료형만으로도 충분히 풀이할 수 있습니다. 

- 파이썬은 코드가 짧고 문자열 처리에 유리함.
- 자바스크립트는 프론트엔드 개발에 필수적.
- 두 언어의 문법적 차이를 이해하고 연습 필요.
- 알고리즘 문제는 두 언어 모두에서 해결 가능.
- 자바스크립트로 시작하고, 파이썬으로도 준비 가능.

[tags] python, javascript
[lang] unknown",DFS,,,OdsyeXRhVIo,"[""python"", ""javascript""]"
"[""python""]",https://www.youtube.com/watch?v=fI6X6IBkzcw,"깊이 우선 탐색(DFS) 알고리즘은 그래프의 정점과 간선을 탐색하여 정점 간의 연결 관계를 파악하는 방법이다. DFS는 시작 정점에서 출발하여 가능한 깊이까지 탐색한 후, 더 이상 진행할 수 없을 때 이전 정점으로 되돌아가 다른 경로를 탐색하는 방식으로 작동한다. 이 과정에서 방문한 정점은 마킹하여 중복 방문을 방지한다. DFS는 방향 그래프와 비방향 그래프 모두에 적용 가능하며, 그래프가 연결되어 있지 않은 경우에는 모든 정점을 방문하기 위해 여러 번 시작해야 할 수 있다.

DFS의 시간 복잡도는 O(n + e)로, 여기서 n은 정점의 수, e는 간선의 수를 의미한다. 방향 그래프의 경우 각 간선은 한 번만 체크되지만, 비방향 그래프에서는 각 간선이 두 번 체크된다. DFS는 그래프의 구조를 이해하고 탐색하는 데 유용한 기본 알고리즘이다.

- DFS는 깊이 우선으로 탐색하며, 정점 방문 시 마킹 필요
- 그래프가 연결되지 않은 경우 여러 번 시작해야 할 수 있음
- 시간 복잡도는 O(n + e)

[tags] DFS
[lang] unknown",DFS,,,fI6X6IBkzcw,"[""DFS"", ""Graph""]"
"[""python"",""java"",""c"",""cpp""]",https://www.youtube.com/watch?v=PMMc4VsIacU,"깊이 우선 탐색(DFS)은 그래프 이론에서 가장 기본적인 알고리즘 중 하나로, 그래프의 모든 정점을 방문하는 방법을 제공합니다. DFS는 시작 정점에서 새로운 정점을 발견할 때마다 계속 탐색하다가 더 이상 탐색할 정점이 없을 경우 이전 정점으로 되돌아가는 방식으로 작동합니다. 이 알고리즘은 재귀적 또는 반복적 방식으로 구현할 수 있으며, 두 방식 모두 시간 복잡도는 O(V + E)로 동일합니다. 

DFS의 주요 응용으로는 사이클 탐지, 연결 요소 찾기, 그리고 방향 비순환 그래프의 위상 정렬이 있습니다. 위상 정렬은 작업의 실행 순서를 결정하는 데 유용하며, DFS의 후위 순회를 통해 쉽게 구현할 수 있습니다. 또한, DFS를 변형하여 미로 생성과 같은 재미있는 문제를 해결할 수도 있습니다.

- DFS는 그래프의 모든 정점을 방문하는 알고리즘이다.
- 재귀적 및 반복적 구현이 가능하며, 두 방식의 시간 복잡도는 O(V + E)이다.
- DFS는 사이클 탐지, 연결 요소 찾기, 위상 정렬 등 다양한 응용이 있다.
- 후위 순회를 통해 위상 정렬을 쉽게 구현할 수 있다.
- DFS를 변형하여 미로 생성과 같은 문제를 해결할 수 있다.

[tags] DFS, 그래프 탐색, 재귀, 반복, 위상 정렬
[lang] unknown",DFS,,,PMMc4VsIacU,"[""DFS"", ""Graph""]"
"[""python"",""java"",""c"",""cpp""]",https://www.youtube.com/watch?v=_iUai3uXD68,"깊이 우선 탐색(DFS)은 그래프의 탐색 알고리즘으로, 시작 정점에서 이웃 정점으로 깊이 들어가며 방문하지 않은 정점을 스택에 저장하고 방문한 정점은 표시하여 중복 방문을 방지하는 방식으로 작동한다. 이 알고리즘은 스택을 사용하여 마지막에 추가된 정점을 먼저 처리하는 LIFO(Last In First Out) 구조를 따른다. 탐색 순서는 이웃 정점을 탐색하는 순서에 따라 달라질 수 있으며, 이는 결과가 유일하지 않음을 의미한다.

DFS의 기본 흐름은 다음과 같다:
1. 스택과 방문한 정점을 저장할 집합을 초기화한다.
2. 시작 정점을 스택에 추가하고 방문한 집합에 포함시킨다.
3. 스택이 비어있지 않은 동안, 스택에서 정점을 꺼내 현재 정점으로 설정하고 이를 출력한다.
4. 현재 정점의 이웃을 확인하여 방문하지 않은 정점을 스택에 추가하고 방문한 집합에 포함시킨다.

- DFS는 그래프의 모든 정점을 정확히 한 번 방문한다.
- 이웃 정점의 탐색 순서에 따라 결과가 달라질 수 있다.
- 스택을 사용하여 깊이 우선으로 탐색한다.

[tags] DFS
[lang] unknown",DFS,,,_iUai3uXD68,"[""DFS"", ""Graph"", ""Stack""]"
"[""c""]",https://www.youtube.com/watch?v=ILGOBTmGqrU,"깊이 우선 탐색(DFS) 알고리즘은 트리나 그래프 구조를 탐색하는 방법으로, 각 분기를 최대한 깊게 탐색한 후 다른 분기로 돌아가는 방식이다. 이 알고리즘은 루트 노드에서 시작하여 각 자식 노드를 차례로 방문하며, 재귀적으로 호출하여 탐색을 진행한다. DFS는 특정 요소를 찾거나 전체 구조를 탐색하는 데 유용하다.

C# 코드 예시에서는 노드 구조체를 정의하고, DFS 탐색 메서드를 구현하여 트리를 구성하고 탐색 결과를 콘솔에 출력한다. 이 과정에서 노드가 null인지 확인하고, 유효한 노드일 경우 텍스트 데이터를 출력하며, 자식 노드로 재귀 호출을 통해 탐색을 진행한다.

- DFS는 깊이 우선 탐색 알고리즘이다.
- 트리 또는 그래프 구조에서 사용된다.
- 재귀적 호출을 통해 탐색을 수행한다.
- 노드가 null인지 확인하는 과정이 포함된다.

[tags] DFS
[lang] csharp",DFS,,,ILGOBTmGqrU,"[""DFS"", ""Tree"", Graph"", ""Stack"", ""Queue""]"
"[""python"",""java"",""c"",""cpp""]",https://www.youtube.com/watch?v=eF3MElILmzA,"깊이 우선 탐색(DFS)은 트리 또는 그래프에서 노드를 탐색하는 알고리즘으로, 루트에서 시작하여 가능한 한 왼쪽 가지를 따라 내려가며 탐색을 진행합니다. 만약 리프 노드에 도달하면, 탐색을 중단하지 않고 가장 가까운 조상 노드로 돌아가서 아직 탐색하지 않은 자식 노드를 찾아 계속 진행합니다. 이 과정은 재귀적으로 이루어지며, DFS는 너비 우선 탐색(BFS)과는 다른 방식으로 노드를 방문합니다.

DFS는 특정 응용 프로그램에서 유용하게 사용되지만, 일반적인 웹 또는 모바일 애플리케이션 개발에서는 자주 사용되지 않습니다. 알고리즘의 이해는 컴퓨터 과학 및 알고리즘 개발에 있어 중요하지만, 일상적인 개발에서는 필요성이 낮을 수 있습니다.

- DFS는 루트에서 시작하여 왼쪽 가지를 우선 탐색.
- 리프 노드에 도달하면 가장 가까운 조상으로 돌아가 탐색 지속.
- 재귀적 호출을 통해 탐색 진행.
- BFS와는 다른 탐색 방식과 용도.
- 알고리즘 이해는 중요하지만 일상 개발에서는 드물게 사용.

[tags] DFS, 재귀, 트리 탐색
[lang] unknown",DFS,,,eF3MElILmzA,"[""DFS"", ""Tree"", ""Graph""]"
"[""pyhton""]",https://www.youtube.com/watch?v=Urx87-NMm6c,"깊이 우선 탐색(DFS)은 그래프를 탐색하는 알고리즘으로, 수직적으로 탐색한 후 수평적으로 진행하는 방식이다. DFS는 스택을 사용하여 방문할 정점을 추적하며, 방문한 노드는 검은색으로, 스택에 있는 노드는 회색으로 표시한다. 알고리즘은 루트 노드 A에서 시작하여 인접 노드를 스택에 추가하고, 스택에서 노드를 하나씩 꺼내며 방문한다. 이 과정에서 인접 노드가 방문되지 않았다면 방문 리스트와 스택에 추가된다. DFS는 반복적 또는 재귀적으로 구현할 수 있으며, 이 강의에서는 반복적 접근 방식을 사용하였다.

DFS의 시간 복잡도는 최악의 경우 모든 노드와 간선을 탐색하므로 O(V + E)이다. 이 알고리즘은 인접 리스트로 그래프를 표현하며, 코드 구현은 너비 우선 탐색(BFS)과 유사하지만 큐 대신 스택을 사용한다.

- DFS는 스택을 사용하여 탐색한다.
- 방문한 노드는 검은색, 스택의 노드는 회색으로 표시한다.
- 시간 복잡도는 O(V + E)이다.
- 반복적 또는 재귀적 방식으로 구현 가능하다.
- 인접 리스트로 그래프를 표현한다.

[tags] DFS
[lang] python",DFS,,,Urx87-NMm6c,"[""DFS"",""Graph"",""Stack"",""Tree""]"
c,https://www.youtube.com/watch?v=f7xa3T5PaBI,"깊이 우선 탐색(DFS)은 스택 자료구조를 사용하여 그래프를 탐색하는 알고리즘이다. 이 알고리즘은 시작 정점에서 인접한 정점으로 이동하며, 방문한 정점은 스택에 추가하고, 더 이상 갈 수 없는 정점에 도달하면 스택에서 정점을 꺼내어 이전 정점으로 돌아간다. 이 과정을 반복하여 모든 정점을 방문하게 되며, 결과는 스택에서 꺼낸 순서에 따라 결정된다. DFS는 방향 그래프와 비방향 그래프 모두에서 사용할 수 있으며, 각 정점의 시작 시간과 종료 시간을 기록하여 후속 작업(예: 위상 정렬)에 활용할 수 있다.

DFS를 구현할 때 주의할 점은 방문한 정점을 정확히 표시하고, 스택을 적절히 관리하는 것이다. 또한, 사이클을 탐지하기 위해서는 방문한 정점의 색상을 활용하여 이미 방문한 정점에 다시 도달했는지를 확인해야 한다.

- DFS는 스택을 사용하여 구현된다.
- 방향 그래프와 비방향 그래프 모두에서 사용 가능하다.
- 시작 시간과 종료 시간을 기록하여 후속 작업에 활용할 수 있다.
- 사이클 탐지 시 방문한 정점의 색상(흰색, 회색, 검은색)을 사용한다.

[tags] DFS, Stack, Graph Traversal, Cycle Detection
[lang] unknown",DFS,,,f7xa3T5PaBI,"[""DFS"", ""Stack"", ""Graph Traversal"", ""Cycle Detection""]"
c,https://www.youtube.com/watch?v=JM_Ni1roq7k,"깊이 우선 탐색 알고리즘(DFS)은 주어진 정점에서 시작하여 각 분기를 최대한 깊게 탐색한 후 되돌아가는 그래프 탐색 알고리즘이다. 이 알고리즘은 연결된 컴포넌트, 사이클, 또는 두 정점 간의 경로를 찾는 데 주로 사용된다. 예를 들어, n개의 정점과 m개의 간선을 가진 비가중 그래프에서 출발 정점과 목표 정점 간의 경로를 찾기 위해 DFS를 사용할 수 있다. 이때 방문한 정점을 추적하기 위해 방문 배열을 사용하며, 재귀를 통해 구현할 수 있다.

DFS의 시간 복잡도는 O(m + n)으로, 이는 그래프의 각 정점과 간선을 최대 한 번씩 방문하기 때문이다. 작은 입력에 대해서는 효과적이지만, 큰 입력에 대해서는 비효율적일 수 있다. DFS는 강력한 그래프 탐색 알고리즘으로, 다양한 문제를 해결하는 데 유용하다.

- DFS는 깊이 우선 탐색을 통해 그래프를 탐색한다.
- 방문 배열을 사용하여 이미 방문한 정점을 추적한다.
- 시간 복잡도는 O(m + n)이다.
- 작은 입력에 적합하지만 큰 입력에는 비효율적일 수 있다.

[tags] DFS, 그래프 탐색
[lang] c++",DFS,,,JM_Ni1roq7k,"[""DFS"", ""그래프 탐색""]"
c,https://www.youtube.com/watch?v=ocYYK6gYX8Q,"깊이 우선 탐색(DFS, Depth First Search) 알고리즘은 비정보 탐색(uninformed search) 방식으로, 사전 정보 없이 노드를 하나씩 탐색하여 목표에 도달하는 방법입니다. DFS는 스택을 사용하여 마지막에 추가된 노드를 먼저 탐색하는 방식으로 작동합니다. 탐색 과정에서 각 노드를 방문하고, 목표 노드인지 확인하며, 인접한 노드를 스택에 추가하는 방식으로 진행됩니다. 이 과정에서 방문한 노드는 기록하여 중복 방문을 방지합니다.

DFS의 주요 특징은 탐색 순서에 따라 결과가 달라질 수 있다는 점입니다. 예를 들어, 인접 노드를 A와 B로 두었을 때, A를 먼저 탐색할 수도 있고 B를 먼저 탐색할 수도 있습니다. 이 알고리즘은 그래프의 깊이를 우선적으로 탐색하며, 목표 노드를 찾으면 탐색을 종료합니다. DFS의 시간 복잡도는 O(V + E)로, V는 정점의 수, E는 간선의 수를 나타냅니다.

- DFS는 비정보 탐색의 일종이다.
- 스택을 사용하여 깊이 우선으로 탐색한다.
- 인접 노드의 탐색 순서에 따라 결과가 달라질 수 있다.
- 시간 복잡도는 O(V + E)이다.

[tags] DFS, Uninformed Search
[lang] unknown",DFS,,,ocYYK6gYX8Q,"[""DFS"", ""Uninformed Search""]"
c,https://www.youtube.com/watch?v=BCYB7z7nQhg,"깊이 우선 탐색(DFS)은 그래프나 트리를 탐색하는 알고리즘으로, 시작 노드에서 가능한 깊이까지 탐색한 후, 더 이상 갈 수 없을 때 이전 노드로 되돌아가 다른 경로를 탐색하는 방식이다. 이 과정에서 방문한 노드를 기록하기 위해 불리언 배열을 사용하며, 재귀 호출을 통해 인접한 노드들을 탐색한다. 예를 들어, 노드 0에서 시작하여 1, 2, 3, 4, 5로 이동하고, 더 이상 갈 수 없을 때는 5에서 4, 3, 1로 되돌아가 다른 경로를 탐색하는 식이다.

DFS를 구현할 때는 각 노드의 인접 리스트를 사용하여 연결된 노드를 관리하고, 재귀 호출을 통해 탐색을 진행한다. 이 알고리즘은 그래프의 구조에 따라 다양한 경로를 탐색할 수 있으며, 모든 노드를 방문할 때까지 반복된다. 시간 복잡도는 O(V + E)로, V는 정점의 수, E는 간선의 수를 의미한다.

- DFS는 재귀적으로 구현되며, 방문한 노드를 기록해야 한다.
- 인접 리스트를 사용하여 그래프를 표현한다.
- 모든 경로를 탐색할 수 있으며, 여러 DFS 경로가 가능하다.
- 시간 복잡도는 O(V + E)이다.

[tags] DFS, Recursion, Graph
[lang] unknown",DFS,,,BCYB7z7nQhg,"[""DFS"", ""Recursion"", ""Graph""]"
c,https://www.youtube.com/watch?v=k9cUUsB8_GE,"깊이 우선 탐색(DFS)은 그래프나 트리를 탐색하는 알고리즘으로, 큐 대신 스택을 사용하여 작동한다. DFS의 기본 원리는 스택에 노드를 추가하고, 가장 최근에 추가된 노드를 꺼내어 그 노드와 연결된 이웃 노드를 스택에 추가하는 방식이다. 이 과정은 스택이 비어있을 때까지 반복되며, 이미 방문한 노드는 다시 스택에 추가하지 않는다. 

DFS의 구현에서는 인접 행렬을 사용하여 그래프를 표현하고, 방문한 노드를 추적하기 위해 방문 배열을 활용한다. 이 알고리즘은 재귀적으로도 구현할 수 있으며, 시간 복잡도는 O(V + E)로, V는 정점의 수, E는 간선의 수를 나타낸다.

- DFS는 스택을 사용하여 탐색한다.
- 이미 방문한 노드는 스택에 추가하지 않는다.
- 인접 행렬을 통해 그래프를 표현한다.
- 시간 복잡도는 O(V + E)이다.

[tags] DFS, Stack, Graph, Adjacency Matrix
[lang] python",DFS,,,k9cUUsB8_GE,"[""DFS"", ""Stack"", ""Graph"", ""Adjacency Matrix""]"
c,https://www.youtube.com/watch?v=ODoT-Em2WsM,"그래프 탐색은 주어진 그래프의 모든 정점을 정확히 한 번씩 방문하는 과정을 의미한다. 이 과정에서 두 가지 주요 방법인 깊이 우선 탐색(DFS)과 너비 우선 탐색(BFS)이 있다. DFS는 특정 정점에서 시작하여 인접한 정점으로 이동하며, 더 이상 방문할 정점이 없을 경우 이전 정점으로 되돌아가는 방식으로 진행된다. 이때 방문한 정점은 '방문 표시'를 하여 중복 방문을 방지한다. DFS는 재귀적으로 구현하는 것이 일반적이며, 비재귀적 방법도 가능하다.

DFS의 기본 절차는 다음과 같다:
- 시작 정점을 방문하고 출력한 후, 인접 정점 중 방문하지 않은 정점을 선택하여 이동한다.
- 모든 인접 정점을 방문한 후에는 이전 정점으로 되돌아가며, 이 과정을 반복한다.
- 모든 정점을 방문하면 탐색이 종료된다.

- DFS는 그래프의 구조에 따라 다양한 경로를 탐색할 수 있다.
- 방문한 정점은 반드시 표시하여 중복 방문을 방지해야 한다.
- DFS는 재귀적 구현이 일반적이며, 비재귀적 방법도 가능하다.

[tags] DFS, 그래프 탐색
[lang] unknown",DFS,,,ODoT-Em2WsM,"[""DFS"", ""그래프 탐색""]"
c,https://www.youtube.com/watch?v=oO1857MQlcs,"깊이 우선 탐색(DFS)은 그래프 탐색 기법 중 하나로, 한 방향으로 가능한 깊게 탐색하다가 막다른 길에 도달하면 되돌아가서 다른 경로를 탐색하는 방식이다. DFS를 구현하기 위해서는 LIFO(Last In First Out) 구조인 스택을 사용하며, 방문한 노드를 추적하기 위해 방문 배열을 유지해야 한다. 이 과정에서 사이클을 피하기 위해 이미 방문한 노드를 기록하고, 방문하지 않은 인접 노드만 스택에 추가한다.

DFS는 재귀적으로도 구현할 수 있으며, 이 경우 함수 호출 스택을 사용하여 방문한 노드를 관리한다. DFS의 주요 응용 분야로는 위상 정렬, 사이클 탐지, 퍼즐 해결 등이 있으며, 연결되지 않은 그래프의 경우 모든 노드를 탐색하기 위해 여러 시작 노드를 선택할 수 있다.

- DFS는 스택을 사용하여 구현된다.
- 방문한 노드를 기록하여 사이클을 방지한다.
- 재귀적 접근 방식도 가능하다.
- 여러 DFS 경로가 존재할 수 있다.
- 응용 분야: 위상 정렬, 사이클 탐지, 퍼즐 해결.

[tags] DFS, Graph Traversal, Stack, Recursion
[lang] unknown",DFS,,,oO1857MQlcs,"[""DFS"", ""Graph Traversal"", ""Stack"", ""Recursion""]"
c,https://www.youtube.com/watch?v=ZSjUwAIf62I,"깊이 우선 탐색(DFS)은 그래프의 모든 깊이를 탐색하는 알고리즘으로, 주어진 노드에서 시작하여 가능한 깊이까지 내려간 후, 더 이상 갈 수 없을 때 이전 노드로 돌아가 다른 경로를 탐색하는 방식으로 작동합니다. DFS를 수행하기 위해서는 먼저 인접 리스트 형태로 그래프를 구성해야 하며, 각 노드를 방문할 때마다 해당 노드를 '방문한' 것으로 표시하여 무한 루프를 방지해야 합니다. 이 과정은 재귀적으로 이루어지며, 각 노드의 자식 노드에 대해 DFS를 호출하여 전체 그래프를 탐색합니다.

DFS의 주요 체크포인트는 다음과 같습니다:
- 그래프를 인접 리스트로 표현해야 함.
- 방문한 노드는 다시 방문하지 않도록 관리해야 함.
- 재귀 호출을 통해 자식 노드에 대해 DFS를 수행함.
- 탐색 순서는 노드의 구조에 따라 달라질 수 있음.

[tags] DFS
[lang] unknown",DFS,,,ZSjUwAIf62I,"[""DFS""]"
c,https://www.youtube.com/watch?v=xkLrCAyJCMk,"```
<줄글 요약이 없습니다.>

[tags] 
[lang] unknown
```",DFS,,,xkLrCAyJCMk,[]
c,https://www.youtube.com/watch?v=o8-6K3r92Dg,"깊이 우선 탐색(DFS)은 그래프의 노드와 간선을 탐색하는 알고리즘으로, 특정 노드에서 시작하여 인접한 노드를 하나씩 방문하는 방식으로 진행된다. DFS는 방문하지 않은 인접 노드를 찾을 때까지 계속 진행하며, 더 이상 방문할 노드가 없을 경우 이전 노드로 돌아가서 다른 경로를 탐색한다. 이를 위해 방문 여부를 기록하는 불리언 배열을 사용하여 이미 방문한 노드를 다시 처리하지 않도록 한다.

DFS의 기본 전략은 시작 노드에서 인접한 모든 방문하지 않은 이웃 노드에 대해 재귀적으로 DFS를 호출하는 것이다. 예를 들어, 노드 A에서 시작하여 B와 C를 방문하고, B에서 D를 방문한 후, 모든 이웃 노드를 처리한 결과를 출력하게 된다. 이 과정에서 그래프의 구조에 따라 탐색 순서가 달라질 수 있다.

- DFS는 그래프의 모든 노드를 탐색하는 데 유용하다.
- 방문한 노드를 기록하여 중복 방문을 방지한다.
- 재귀 호출을 통해 탐색을 진행한다.
- 그래프에 사이클이 있을 경우에도 작동한다.

[tags] DFS
[lang] unknown",DFS,,,o8-6K3r92Dg,"[""DFS""]"
c,https://www.youtube.com/watch?v=75QahOSlHGM,"깊이 우선 탐색(DFS) 알고리즘은 일반 트리에서 재귀를 사용하여 구현됩니다. 일반 트리는 각 노드가 0개 이상의 자식 노드를 가질 수 있으며, DFS는 특정 노드를 찾기 위해 자식 노드를 순차적으로 탐색합니다. 알고리즘은 시작 노드에서부터 자식 노드를 확인하고, 방문한 노드는 방문 집합에 추가하여 중복 탐색을 방지합니다. 만약 목표 노드를 찾으면 true를 반환하고, 모든 자식 노드를 탐색한 후에도 찾지 못하면 false를 반환합니다.

DFS의 기본 구조는 다음과 같습니다:
1. 현재 노드가 null이면 false를 반환.
2. 목표 노드를 찾으면 true를 반환.
3. 자식 노드를 순회하며 재귀적으로 탐색.
4. 자식 노드 중 하나라도 true를 반환하면 true를 반환, 그렇지 않으면 false를 반환.

- DFS는 재귀적 접근을 사용하여 트리를 탐색.
- 방문한 노드를 추적하기 위해 방문 집합을 사용.
- 목표 노드를 찾으면 탐색을 종료하고 true를 반환.
- 모든 자식 노드를 탐색한 후에도 목표를 찾지 못하면 false를 반환.

[tags] DFS, Recursion
[lang] unknown",DFS,,,75QahOSlHGM,"[""DFS"", ""Recursion""]"
c,https://www.youtube.com/watch?v=SuiYUV69XC8,"깊이 우선 탐색(DFS) 알고리즘은 재귀를 사용하여 트리 구조에서 특정 노드를 찾는 방법이다. 이 알고리즘은 먼저 현재 노드가 목표 노드인지 확인하고, 그렇지 않다면 왼쪽 서브트리와 오른쪽 서브트리를 차례로 탐색한다. 만약 서브트리가 null이라면 해당 경로에서 목표를 찾을 수 없으므로 false를 반환하고, 목표를 찾으면 true를 반환한다. 이 과정을 반복하여 모든 경로를 탐색한 후, 최종적으로 목표 노드의 존재 여부를 판단한다.

DFS 알고리즘의 핵심은 두 가지 조건으로 구성된다. 첫째, 재귀 조건으로 계속해서 서브트리를 탐색하는 것이고, 둘째, 기저 조건으로 null 노드에 도달했을 때 false를 반환하거나 목표 노드를 찾았을 때 true를 반환하는 것이다. 이 알고리즘은 트리의 깊이를 우선적으로 탐색하기 때문에, 모든 노드를 한 번씩 방문하게 된다.

- DFS는 재귀적으로 구현되며, 각 노드에서 왼쪽과 오른쪽 서브트리를 탐색한다.
- 기저 조건을 통해 무한 재귀 호출을 방지한다.
- 목표 노드가 발견되면 true를 반환하고, 발견되지 않으면 false를 반환한다.

[tags] DFS
[lang] unknown",DFS,,,SuiYUV69XC8,"[""DFS""]"
cpp,https://www.youtube.com/watch?v=KoizAhORc1U,"이 강의는 10주 동안 알고리즘을 배우고 코딩 테스트를 준비하는 과정을 제공합니다. 강사는 알고리즘에 대한 기초부터 시작하여 복잡도, 그래프, DFS, BFS 등 다양한 주제를 다루며, 160개의 문제를 풀이합니다. 강의는 문제 접근법을 체계적으로 설명하고, 왜 특정 방법이 적합한지를 이해할 수 있도록 돕습니다. 또한, 강사는 자신의 경험을 바탕으로 효율적인 코드 작성법과 문제 해결 팁을 제공합니다. 강의는 피드백을 적극 반영하여 지속적으로 업데이트되며, 수강생들이 10주 만에 코딩 테스트에 합격할 수 있도록 지원합니다.

- 10주 동안 233강의 커리큘럼
- 알고리즘 기초부터 고급 개념까지 포괄
- 문제 접근법과 풀이 방법의 이해 강조
- 피드백을 통한 강의 내용 지속적 개선
- 효율적인 코드 작성법과 문제 해결 팁 제공

[tags] DFS, BFS, Greedy, DP
[lang] unknown",DFS,,,KoizAhORc1U,"[""DFS"", ""BFS"", ""Greedy"", ""DP""]"
cpp,https://www.youtube.com/watch?v=mQZjx31C6aA,"깊이 우선 탐색(DFS)은 그래프 탐색 알고리즘으로, 특정 노드에서 시작하여 가능한 깊은 경로를 따라 탐색한 후, 더 이상 진행할 수 없을 때 이전 노드로 되돌아가 다른 경로를 탐색하는 방식이다. DFS는 재귀적으로 구현되며, 각 노드에 대해 방문 여부를 기록하는 배열을 사용하여 이미 방문한 노드를 다시 방문하지 않도록 한다. 이 과정에서 인접 리스트를 통해 연결된 노드를 탐색하지만, BFS와 달리 모든 인접 노드를 한 번에 탐색하지 않고, 한 경로를 끝까지 탐색한 후에야 다른 경로로 이동한다.

DFS의 주요 특징은 다음과 같다:
- 재귀적 호출을 통해 구현된다.
- 방문한 노드는 배열을 통해 관리된다.
- 깊이 우선으로 탐색하며, 모든 경로를 탐색하기 위해 백트래킹을 사용한다.
- BFS와의 차이점은 인접 노드를 한 번에 탐색하지 않고, 가능한 깊은 경로를 우선적으로 탐색한다.

[tags] DFS, Graph, Recursion
[lang] cpp",DFS,,,mQZjx31C6aA,"[""DFS"", ""Graph"", ""Recursion""]"
cpp,https://www.youtube.com/watch?v=XQUjGwaKTmE,"깊이 우선 탐색(DFS)은 그래프를 탐색하는 알고리즘으로, 주어진 노드에서 시작하여 가능한 깊이까지 탐색한 후, 더 이상 탐색할 수 없을 때 이전 노드로 돌아가 다른 경로를 탐색하는 방식으로 작동합니다. 이 강의에서는 C++를 사용하여 DFS를 구현하는 방법을 설명합니다. 그래프는 벡터를 사용하여 표현되며, 각 노드는 방문 여부를 기록하기 위해 불리언 배열을 사용합니다. DFS 함수는 현재 노드를 인자로 받아, 해당 노드가 이미 방문된 경우에는 탐색을 중단하고, 그렇지 않으면 노드를 방문한 것으로 표시한 후 자식 노드에 대해 재귀적으로 DFS를 호출합니다.

DFS를 구현할 때 주의할 점은 방문한 노드를 다시 방문하지 않도록 하는 것입니다. 이를 위해 방문 여부를 체크하는 조건문이 필요하며, 이 조건이 없으면 무한 루프에 빠질 수 있습니다. DFS의 시간 복잡도는 O(V + E)로, V는 노드의 수, E는 간선의 수를 나타냅니다.

- DFS는 그래프 탐색 알고리즘이다.
- 재귀적으로 자식 노드를 탐색한다.
- 방문 여부를 체크하여 무한 루프를 방지해야 한다.
- 시간 복잡도는 O(V + E)이다.

[tags] DFS
[lang] cpp",DFS,,,XQUjGwaKTmE,"[""DFS""]"
cpp,https://www.youtube.com/watch?v=TOwcZYkJ2ys,"깊이 우선 탐색(DFS)을 반복적으로 구현하는 방법에 대해 설명한다. DFS는 시작 노드에서 가능한 경로를 따라 이동하며, 더 이상 진행할 수 없는 경우 이전 노드로 되돌아가 다른 경로를 탐색하는 방식이다. 이 과정에서 스택을 사용하여 방문한 노드를 관리하고, 방문하지 않은 이웃 노드를 스택에 추가하여 탐색을 계속한다. 

알고리즘의 흐름은 다음과 같다. 먼저 시작 노드를 스택에 추가하고 방문 표시를 한다. 스택이 비어있지 않은 동안, 스택에서 노드를 꺼내고 그 노드의 방문하지 않은 이웃 노드를 스택에 추가한다. 이 과정을 반복하여 모든 노드를 탐색한다. DFS는 그래프의 모든 연결 요소를 탐색할 수 있도록 설계되어 있으며, 탐색 순서는 스택에 추가하는 순서에 따라 달라질 수 있다.

- DFS는 스택을 사용하여 구현된다.
- 방문한 노드는 다시 방문하지 않는다.
- 탐색 순서는 스택에 추가하는 순서에 따라 달라질 수 있다.
- 그래프의 모든 연결 요소를 탐색할 수 있다.

[tags] DFS, Stack
[lang] python",DFS,,,TOwcZYkJ2ys,"[""DFS"", ""Stack""]"
cpp,https://www.youtube.com/watch?v=oOHrSzA8Nwg,"너비 우선 탐색(BFS) 알고리즘은 그래프의 모든 노드를 효율적으로 방문하며, 선택된 노드의 인접 노드를 탐색하는 방식으로 작동한다. BFS는 루트 노드에서 시작하여 큐 자료구조를 사용해 인접한 노드를 차례로 방문한다. 반면 깊이 우선 탐색(DFS) 알고리즘은 스택 자료구조를 사용하여 각 가지를 깊이 있게 탐색한 후, 더 이상 탐색할 수 없는 경우에만 되돌아간다. DFS는 루트 노드에서 시작하여 왼쪽 서브트리를 먼저 탐색하고, 그 후에 오른쪽 서브트리를 탐색한다.

BFS는 최단 경로를 찾는 데 유리하며, 메모리 사용량이 더 많고, FIFO 방식으로 작동한다. 반면 DFS는 메모리 사용량이 적고, LIFO 방식으로 작동하지만 최단 경로를 보장하지 않는다. 두 알고리즘은 각각의 특성에 따라 다양한 응용 분야에서 사용된다.

- BFS는 최단 경로, 최소 신장 트리, 웹 크롤러 등에 사용된다.
- DFS는 작업 스케줄링, 데이터 직렬화, 미로 탐색 등에 활용된다.

[tags] BFS, DFS, Queue, Stack
[lang] unknown",DFS,,,oOHrSzA8Nwg,"[""BFS"", ""DFS"", ""Queue"", ""Stack""]"
cpp,https://www.youtube.com/watch?v=bUY_gvLiRow,"깊이 우선 탐색(DFS) 알고리즘을 C++로 구현하는 방법을 설명한다. DFS는 그래프의 모든 정점을 탐색하는 알고리즘으로, 각 정점의 발견 시간과 종료 시간을 기록한다. 이 강의에서는 정점과 간선을 클래스로 정의하고, 인접 리스트를 사용하여 그래프를 표현한다. DFS 알고리즘은 재귀적으로 호출되며, 각 정점의 색상을 통해 방문 여부를 관리한다. 방문한 정점은 회색으로 표시하고, 탐색이 끝나면 검은색으로 변경하여 탐색 순서를 기록한다.

주요 체크포인트:
- DFS는 그래프의 모든 정점을 탐색하는 알고리즘이다.
- 정점은 클래스 형태로 정의되며, 색상, 부모, 발견 및 종료 시간을 포함한다.
- 그래프는 인접 리스트로 표현된다.
- 메모리 관리를 위해 소멸자를 구현해야 한다.
- DFS 탐색 결과는 정점의 발견 시간, 종료 시간, 부모 정보를 포함한다.

[tags] DFS, C++, 그래프, 인접 리스트
[lang] cpp",DFS,,,bUY_gvLiRow,"[""DFS"", ""C++"", ""그래프"", ""인접 리스트""]"
cpp,https://www.youtube.com/watch?v=H9Elnbpbeyc,"깊이 우선 탐색(DFS)은 그래프 탐색 기법으로, 임의의 노드에서 시작하여 이웃 노드를 깊이 있게 탐색하다가 더 이상 이웃이 없을 경우 되돌아가는 방식으로 작동한다. DFS는 재귀적 접근을 사용하여 각 노드의 이웃을 탐색하며, 방문한 노드를 추적하기 위해 방문 배열을 사용한다. 이 알고리즘은 경로 찾기, 사이클 탐지, 위상 정렬, 강한 연결 요소 탐지, 웹 크롤러 등 다양한 문제에 활용된다.

DFS의 시간 복잡도는 O(V + E)로, 여기서 V는 노드 수, E는 엣지 수를 의미하며, 공간 복잡도는 O(V)이다. DFS는 연결된 그래프뿐만 아니라 비연결 그래프에서도 사용 가능하며, 이 경우 모든 노드에 대해 DFS를 호출하여 모든 구성 요소를 탐색해야 한다.

- DFS는 그래프 탐색 기법이다.
- 재귀적 접근을 사용하여 깊이 탐색을 수행한다.
- 방문한 노드를 추적하기 위해 방문 배열을 사용한다.
- 시간 복잡도는 O(V + E), 공간 복잡도는 O(V)이다.
- 비연결 그래프의 경우 모든 노드에 대해 DFS를 호출해야 한다.

[tags] DFS, 그래프 탐색, 재귀, 시간 복잡도, 공간 복잡도
[lang] unknown",DFS,,,H9Elnbpbeyc,"[""DFS"", ""그래프 탐색"", ""재귀"", ""시간 복잡도"", ""공간 복잡도""]"
cpp,https://www.youtube.com/watch?v=W9F8fDQj7Ok,"그래프 탐색 문제를 다루며, 미로를 그래프로 표현하고 경로를 찾는 알고리즘을 설명한다. 주어진 시작점과 끝점 사이의 경로를 찾기 위해 깊이 우선 탐색(DFS)과 너비 우선 탐색(BFS) 두 가지 방법을 사용할 수 있다. DFS는 경로를 찾는 데 있어 간단하게 구현할 수 있으며, 각 셀에서 상하좌우로 이동할 수 있는지를 확인하고, 이미 탐색한 셀은 다시 방문하지 않도록 표시한다. 만약 경로가 막히면 이전 셀로 돌아가 다른 방향을 탐색한다.

DFS의 시간 복잡도는 O(V + E)로, V는 노드의 수, E는 간선의 수를 의미하며, 공간 복잡도는 O(V)로 호출 스택의 최대 깊이에 따라 결정된다. 이 알고리즘은 경로를 찾는 데 유용하지만, 최단 경로를 보장하지는 않는다.

- DFS는 경로를 찾는 데 유용하다.
- 각 셀에서 이동 가능 여부를 체크해야 한다.
- 이미 탐색한 셀은 다시 방문하지 않도록 해야 한다.
- 시간 복잡도는 O(V + E), 공간 복잡도는 O(V)이다.

[tags] DFS, 그래프 탐색
[lang] unknown",DFS,,,W9F8fDQj7Ok,"[""DFS"", ""그래프 탐색""]"
cpp,https://www.youtube.com/watch?v=_IhTp8q0Mm0,"이 영상에서는 이진 트리를 순회하는 다양한 방법과 알고리즘에 대해 설명합니다. 주로 깊이 우선 탐색(DFS) 알고리즘에 초점을 맞추며, DFS의 세 가지 유형인 전위(pre-order), 중위(in-order), 후위(post-order) 순회 방법을 다룹니다. DFS는 트리의 깊이를 우선적으로 탐색하는 방식으로, 각 노드를 방문할 때 데이터 조작 후 왼쪽 자식, 오른쪽 자식 순으로 진행합니다. 반면, 너비 우선 탐색(BFS)은 트리의 너비를 우선적으로 탐색합니다.

트리 순회의 필요성은 노드에 저장된 데이터에 접근하고 이를 조작하기 위함입니다. 전위 순회는 데이터 조작 후 왼쪽 자식, 오른쪽 자식 순으로 진행하며, 중위 순회는 왼쪽 자식, 데이터 조작, 오른쪽 자식 순으로 진행합니다. 후위 순회는 왼쪽 자식, 오른쪽 자식, 데이터 조작 순으로 진행합니다. 이 알고리즘들은 재귀 함수를 통해 구현되며, 각 노드에 대해 조건을 확인하고 적절한 작업을 수행합니다.

- DFS는 깊이를 우선적으로 탐색
- 전위, 중위, 후위 순회 방식 설명
- 재귀 함수 사용
- BFS와의 차이점 강조
- 트리 순회의 필요성 설명

[tags] DFS, BFS, Pre-order, In-order, Post-order
[lang] unknown",DFS,,,_IhTp8q0Mm0,"[""DFS"", ""BFS"", ""Pre-order"", ""In-order"", ""Post-order""]"
cpp,https://www.youtube.com/watch?v=rFNd6rckDWY,"깊이 우선 탐색(DFS)은 이진 트리에서 노드를 탐색하는 방법으로, 먼저 깊이로 들어가고 그 후에 돌아오는 방식이다. DFS는 스택을 사용하여 구현되며, 루트 노드에서 시작하여 왼쪽 자식 노드를 먼저 탐색한 후, 자식 노드가 없으면 부모 노드로 돌아가 오른쪽 자식 노드를 탐색한다. 이 과정을 반복하여 모든 노드를 방문하게 된다. DFS의 기본 흐름은 스택에 루트를 추가하고, 스택에서 노드를 꺼내어 그 자식 노드를 스택에 추가하는 방식으로 진행된다.

DFS의 시간 복잡도는 O(N)이며, 여기서 N은 노드의 수이다. 이 알고리즘은 이진 트리뿐만 아니라 그래프나 2D 매트릭스에서도 사용될 수 있다. DFS를 구현할 때는 스택의 LIFO(Last In, First Out) 특성을 활용하여 노드를 처리한다.

- DFS는 깊이 우선 탐색 방식이다.
- 스택을 사용하여 구현된다.
- 시간 복잡도는 O(N)이다.
- 이진 트리, 그래프, 2D 매트릭스에 적용 가능하다.

[tags] DFS, Stack
[lang] unknown",DFS,,,rFNd6rckDWY,"[""DFS"", ""Stack""]"
cpp,https://www.youtube.com/watch?v=IfZmA-74-zk,"주어진 문제는 n개의 도시와 n-1개의 방향성 도로로 구성된 트리에서, 모든 도시가 도시 0에 접근할 수 있도록 최소한의 도로를 재배치하는 것입니다. 이를 위해 두 개의 그래프(원래 방향과 반대 방향)를 구성하여 도로 네트워크를 효율적으로 탐색하고, 재배치가 필요한 도로를 식별합니다. BFS(너비 우선 탐색)를 사용하여 도시 0에서 시작해 각 도시를 탐색하며, 잘못된 방향의 도로를 카운트하여 최종적으로 재배치해야 할 도로의 수를 반환합니다.

이 알고리즘은 BFS를 통해 모든 연결을 완전하게 탐색하고, 재배치가 필요한 경로를 정확히 식별하여 효율적으로 작동합니다. 초기 그래프와 반대 그래프를 구성함으로써 도로의 방향성을 명확히 구분하고, 방문한 도시를 추적하여 중복 처리를 방지합니다.

- 두 개의 그래프(원래 방향, 반대 방향) 구성
- BFS를 통한 그래프 탐색
- 재배치가 필요한 도로 수 카운트
- 방문한 도시 추적을 위한 불리언 벡터 사용
- 최적의 결과를 위한 효율적인 탐색

[tags] BFS, 그래프, 트리
[lang] unknown",DFS,,,IfZmA-74-zk,"[""BFS"", ""그래프"", ""트리""]"
cpp,https://www.youtube.com/watch?v=xwlRWdAHMBg,"그래프 탐색은 그래프의 모든 노드를 방문하는 과정을 의미하며, 두 가지 주요 기법인 깊이 우선 탐색(DFS)과 너비 우선 탐색(BFS)이 있다. DFS는 스택을 사용하여 한 방향으로 깊게 탐색한 후, 더 이상 갈 수 없을 때 이전 노드로 되돌아가며 탐색을 계속하는 방식이다. 반면 BFS는 큐를 사용하여 현재 레벨의 모든 노드를 방문한 후 다음 레벨로 이동하는 방식이다. 이 두 기법은 그래프의 구조에 따라 다양한 결과를 생성할 수 있으며, 시작 노드는 임의로 선택할 수 있다.

DFS의 구현 과정은 다음과 같다. 시작 노드를 스택에 푸시하고, 스택에서 노드를 팝하여 방문한 후 인접 노드를 스택에 추가한다. 이 과정을 반복하여 모든 노드를 방문하며, 인접 노드가 없을 경우에는 백트래킹을 통해 이전 노드로 돌아간다. DFS는 노드의 방문 순서에 따라 다양한 결과를 생성할 수 있으며, 인접 노드를 푸시하는 순서에 따라 결과가 달라질 수 있다.

- DFS는 스택을 사용하여 구현된다.
- BFS는 큐를 사용하여 구현된다.
- 탐색 순서는 노드의 인접성에 따라 달라질 수 있다.
- 그래프는 사이클을 포함할 수 있다.
- 시작 노드는 임의로 선택 가능하다.

[tags] DFS, BFS
[lang] unknown",DFS,,,xwlRWdAHMBg,"[""DFS"", ""BFS""]"
cpp,https://www.youtube.com/watch?v=6kNTHW7oR5Y,"깊이 우선 탐색(DFS) 알고리즘을 구현하는 과정에서, 먼저 인접 행렬을 사용하기 위해 필요한 라이브러리를 포함하고, 그래프의 노드와 엣지 수를 입력받습니다. 이후, 입력된 엣지를 기반으로 인접 행렬을 생성하고, DFS를 시작할 노드를 설정합니다. DFS 함수는 방문한 노드를 기록하기 위한 불리언 배열을 사용하여, 현재 노드의 인접 노드를 스택에 추가하고, 방문하지 않은 노드에 대해 재귀적으로 DFS를 호출합니다. 이 과정을 통해 그래프를 탐색하고, 최종적으로 탐색 결과를 출력합니다.

- DFS는 재귀적으로 호출되며, 방문한 노드는 다시 방문하지 않음.
- 인접 행렬을 사용하여 그래프를 표현.
- 스택을 사용하여 탐색할 노드를 관리.
- 입력된 엣지에 따라 그래프 구조가 결정됨.
- 최종 결과는 탐색 순서에 따라 출력됨.

[tags] DFS, 인접 행렬, 재귀
[lang] cpp",DFS,,,6kNTHW7oR5Y,"[""DFS"", ""인접 행렬"", ""재귀""]"
cpp,https://www.youtube.com/watch?v=6m1wf7UDB6I,"깊이 우선 탐색(DFS)을 반복적으로 수행하는 방법에 대해 설명합니다. DFS는 스택을 사용하여 구현되며, 방문 여부를 확인하기 위해 불리언 벡터를 사용합니다. 스택이 비어있지 않은 동안, 스택의 최상단 정점을 꺼내고 해당 정점이 방문되지 않았다면 출력합니다. 이후 인접 리스트를 통해 연결된 정점을 확인하고, 방문하지 않은 정점을 스택에 추가하는 과정을 반복합니다. 이 과정은 그래프의 모든 정점을 탐색할 때까지 계속됩니다.

- DFS는 스택을 사용하여 구현된다.
- 방문 여부를 확인하기 위해 불리언 벡터를 사용한다.
- 인접 리스트를 통해 연결된 정점을 탐색한다.
- 반복문을 통해 스택이 비어있지 않을 때까지 진행된다.
- DFS는 재귀적으로도 구현할 수 있다.

[tags] DFS, Stack, Graph
[lang] unknown",DFS,,,6m1wf7UDB6I,"[""DFS"", ""Stack"", ""Graph""]"
cpp,https://www.youtube.com/watch?v=L1nUh6Wqr0k,"깊이 우선 탐색(DFS)은 그래프의 모든 정점을 방문하는 알고리즘으로, 주어진 정점에서 시작하여 인접한 정점으로 깊이 들어가며 탐색을 진행한다. 이 강의에서는 DFS의 구현을 위해 인접 리스트를 사용하여 그래프를 표현하는 방법을 설명하고, 각 정점의 방문 여부를 기록하기 위한 방문 배열을 설정하는 과정을 다룬다. DFS는 재귀적으로 호출되며, 각 정점을 방문할 때마다 해당 정점을 방문했다고 표시하고, 인접한 정점 중 방문하지 않은 정점이 있을 경우 그 정점으로 이동하여 탐색을 계속한다. 모든 정점이 방문되면 탐색이 종료된다.

- DFS는 그래프의 모든 정점을 깊이 우선으로 탐색하는 알고리즘이다.
- 인접 리스트를 사용하여 그래프를 표현하고, 방문 배열로 방문 여부를 관리한다.
- 재귀 호출을 통해 깊이 탐색을 수행하며, 모든 정점이 방문될 때까지 진행된다.
- 탐색이 완료되면 DFS 순서를 출력한다.

[tags] DFS, 그래프, 인접 리스트, 재귀
[lang] unknown",DFS,,,L1nUh6Wqr0k,"[""DFS"", ""그래프"", ""인접 리스트"", ""재귀""]"
cpp,https://www.youtube.com/watch?v=epXFq3KIvOA,"DFS(Depth First Search) 알고리즘을 활용하여 주어진 매트릭스에서 출발점(1)에서 도착점(2)까지의 경로를 찾는 방법을 설명한다. 매트릭스는 1, 0, 2, 3으로 구성되며, 각각 출발점, 벽, 도착점, 빈 공간을 나타낸다. DFS를 통해 빈 공간(3)만을 지나면서 출발점에서 도착점으로 이동할 수 있는지를 확인한다. 이동 방향은 상하좌우 4가지가 있으며, 각 위치에서 가능한 방향으로 재귀적으로 탐색을 진행한다.

탐색 과정에서 방문한 위치는 2D 배열로 관리하여 중복 방문을 방지하고, 벽(0)이나 경계 조건을 체크하여 유효한 이동만을 허용한다. 최종적으로 도착점에 도달하면 경로가 존재함을 나타내는 1을 출력하고, 그렇지 않으면 0을 출력한다. 이 알고리즘의 시간 복잡도는 최악의 경우 O(4^(n^2))로, 매트릭스의 크기에 따라 달라질 수 있다.

- DFS를 사용하여 경로 탐색
- 2D 배열로 방문 여부 관리
- 상하좌우 4방향 탐색
- 경계 및 벽 체크
- 최악의 경우 시간 복잡도 O(4^(n^2))

[tags] DFS
[lang] unknown",DFS,,,epXFq3KIvOA,"[""DFS""]"
cpp,https://www.youtube.com/watch?v=iZpnU7zQWo0,"주어진 문제는 두 개의 이진 트리가 주어졌을 때, 이들이 '플립 동등'한지를 판단하는 것입니다. 플립 동등이란, 한 트리의 노드에서 왼쪽과 오른쪽 자식 트리를 교환하여 다른 트리와 동일하게 만들 수 있는 경우를 말합니다. 이를 위해 재귀적으로 두 트리의 루트 값을 비교하고, 자식 노드의 값을 확인합니다. 만약 자식 노드가 다르다면, 플립을 시도하여 두 트리가 동일한 구조가 되는지를 확인합니다.

알고리즘은 다음과 같은 흐름으로 진행됩니다:
1. 두 트리의 루트 값이 동일한지 확인합니다.
2. 동일하다면, 왼쪽과 오른쪽 자식 노드의 값을 비교합니다.
3. 자식 노드가 다를 경우, 플립을 시도하여 다시 비교합니다.
4. 모든 노드를 확인한 후, 두 트리가 플립 동등하다면 true를 반환하고, 그렇지 않으면 false를 반환합니다.

- 시간 복잡도: O(n) (n은 노드 수)
- 공간 복잡도: O(h) (h는 트리의 높이)

[tags] 
[lang] unknown",DFS,,,iZpnU7zQWo0,[]
cpp,https://www.youtube.com/watch?v=kMS5Fxjrd6E,"깊이 우선 탐색(DFS)은 그래프를 탐색하는 알고리즘으로, 가능한 깊이까지 탐색한 후 되돌아가는 방식으로 작동합니다. DFS는 재귀를 사용하여 구현되며, 각 노드를 방문할 때마다 해당 노드를 '방문한' 상태로 표시합니다. 이 알고리즘은 시작 노드에서 시작하여 인접한 노드를 탐색하고, 더 이상 방문할 노드가 없을 경우 이전 노드로 되돌아가며 탐색을 계속합니다. 이 과정에서 이미 방문한 노드는 다시 탐색하지 않도록 주의해야 하며, 이를 통해 무한 루프에 빠지는 것을 방지합니다.

DFS를 구현하기 위해서는 그래프의 구조를 이해하고, 각 노드의 이웃 노드를 추적할 수 있는 자료구조가 필요합니다. 일반적으로 인접 리스트를 사용하여 그래프를 표현하며, 방문 여부를 기록하기 위한 배열도 필요합니다. DFS의 시간 복잡도는 O(V + E)로, V는 정점의 수, E는 간선의 수를 나타냅니다.

- DFS는 재귀적으로 호출되며, 각 노드를 깊이 우선으로 탐색합니다.
- 이미 방문한 노드는 다시 탐색하지 않도록 관리해야 합니다.
- 그래프의 구조를 이해하고 인접 리스트를 활용하여 구현합니다.
- 시간 복잡도는 O(V + E)입니다.

[tags] DFS
[lang] unknown",DFS,,,kMS5Fxjrd6E,"[""DFS""]"
python,https://www.youtube.com/watch?v=JO9MvGGFTEs,"이 영상에서는 DP(동적 프로그래밍) 문제를 BFS(너비 우선 탐색)로 해결할 수 있는 방법에 대해 설명하고 있다. 주어진 문제는 n개의 돌을 오른쪽으로만 이동하며 특정 에너지를 초과하지 않고 n번째 돌에 도달할 수 있는지를 판단하는 것이다. 브루트 포스 방식으로는 모든 경로를 조사해야 하므로 시간 복잡도가 O(2^n)으로 비효율적이다. 대신 DP를 통해 부분 문제를 쪼개어 해결할 수 있지만, 바텀업 방식으로도 시간 초과가 발생했다.

결국 BFS를 활용한 접근법이 효과적임을 발견했으며, 이는 문제의 관계를 그래프로 표현하여 탐색하는 방식이다. 이 과정에서 DP 문제를 BFS로 해결할 수 있다는 점과 그래프의 관계 표현의 중요성을 깨달았다. 시간 복잡도는 여전히 O(n^2)로 같지만, 함수 호출 방식에서의 최적화가 성능에 큰 영향을 미쳤음을 알게 되었다.

- DP 문제는 BFS로도 해결 가능하다.
- 문제의 관계를 그래프로 표현할 수 있다.
- 시간 복잡도는 O(n^2)로 동일하나 구현 방식에 따라 성능 차이가 있다.
- 함수 호출 최적화가 중요하다.

[tags] DP, BFS
[lang] unknown",DP,,,JO9MvGGFTEs,"[""DP"", ""BFS""]"
python,https://www.youtube.com/watch?v=3baRvzep-EE,"이 수업은 파이썬의 기초를 다지며, 더 많은 것을 배우기보다는 현재 배운 지식으로 문제를 해결하는 데 중점을 두고 있습니다. 제어문, 조건문, 반복문, 함수와 같은 기본 개념을 통해 프로그램의 흐름을 제어하고, 다양한 형태로 동작할 수 있도록 하는 방법을 소개합니다. 특히, 함수는 코드의 재사용성을 높여주며, 내장 함수의 사용을 통해 프로그래밍의 기초를 다질 수 있습니다.

- 제어문을 통해 프로그램의 흐름을 조절할 수 있다.
- 조건문과 반복문은 프로그램의 동작을 다양화하는 데 필수적이다.
- 함수는 코드의 재사용성을 높이며, 사용자 정의 함수도 만들 수 있다.
- 필요한 지식을 적시에 활용하는 것이 중요하다.

[tags] 
[lang] unknown",DP,,,3baRvzep-EE,[]
python,https://www.youtube.com/watch?v=6QkmRvHMfqs,"가장 긴 증가하는 부분 수열(LIS) 문제는 주어진 수열에서 증가하는 부분 수열 중 가장 긴 것을 찾는 문제이다. 이 문제를 해결하기 위해 다이나믹 프로그래밍(DP) 기법을 사용할 수 있다. DP 배열을 정의하여 각 인덱스에서의 최대 길이를 저장하고, 이전 인덱스들과 비교하여 현재 인덱스의 수가 더 크면 최대 길이를 갱신하는 방식으로 진행한다. 초기값으로 DP 배열의 첫 번째 요소를 0으로 설정하고, 각 요소를 순회하며 나보다 작은 수 중 최대 길이를 찾아 1을 더한 값을 저장한다.

이 알고리즘의 시간 복잡도는 O(n^2)로, n은 수열의 길이이다. 이 방법은 모든 경우를 고려하지 않고도 효율적으로 LIS를 찾을 수 있게 해준다. 주의할 점은 입력 수열의 길이가 클 경우 성능 저하가 발생할 수 있으므로, 최적화된 방법을 고려해야 한다.

- DP 배열을 사용하여 최대 길이를 저장
- 이전 인덱스와 비교하여 길이 갱신
- 초기값 설정이 중요
- 시간 복잡도 O(n^2)

[tags] DP, LIS
[lang] unknown",DP,,,6QkmRvHMfqs,"[""DP"", ""LIS""]"
python,https://www.youtube.com/watch?v=bepntLy33gA,"파이썬 코딩 테스트에서 자주 사용되는 라이브러리와 함수들을 소개하며, 각 함수의 기능과 사용법을 설명한다. 예를 들어, `sum` 함수는 이터러블 객체의 모든 원소의 합을 반환하고, `min`과 `max` 함수는 각각 가장 작은 값과 가장 큰 값을 반환한다. `sorted` 함수는 이터러블 객체를 정렬하며, `itertools` 라이브러리의 `permutations`, `combinations`, `product` 함수는 데이터의 순열과 조합을 생성하는 데 유용하다. 또한, `heapq`는 힙 기능을 제공하고, `bisect`는 이진 탐색을 통해 정렬된 배열에서 원소를 찾는 데 효과적이다. 마지막으로, `collections` 라이브러리의 `Counter`는 원소의 등장 횟수를 세는 데 사용된다.

- 파이썬 내장 함수와 라이브러리 활용
- `itertools`를 통한 조합 및 순열 생성
- `heapq`로 힙 정렬 구현
- `bisect`로 이진 탐색 수행
- `collections.Counter`로 원소 카운팅

[tags] sum, min, max, sorted, itertools, heapq, bisect, collections  
[lang] python",DP,,,bepntLy33gA,"[""sum"", ""min"", ""max"", ""sorted"", ""itertools"", ""heapq"", ""bisect"", ""collections""]"
python,https://www.youtube.com/watch?v=VejF6OXUPvQ,"힙은 이진 트리 구조를 기반으로 한 자료구조로, 주로 우선순위 큐를 구현하는 데 사용된다. 이 강의에서는 파이썬을 사용하여 힙 클래스를 구현하는 방법을 설명한다. 힙의 기본적인 삽입 과정은 새로운 데이터를 맨 끝에 추가한 후, 부모 노드와 비교하여 필요한 경우 위로 이동시키는 방식으로 진행된다. 이를 위해 인덱스를 계산하고, 부모 노드와의 값을 비교하여 스왑하는 과정을 반복한다. 또한, 삭제 기능도 구현하여 루트 노드를 삭제할 때 맨 뒤의 값을 루트로 이동시키고, 자식 노드와 비교하여 적절한 위치로 내리는 과정을 설명한다.

- 힙은 이진 트리 구조로, 삽입 시 부모와 비교하여 위치를 조정한다.
- 삭제 시 루트 노드를 제거하고 맨 뒤의 값을 루트로 이동시킨 후, 자식과 비교하여 위치를 조정한다.
- 인덱스 계산 및 스왑 과정이 중요하며, 반복문을 통해 계속해서 위치를 조정해야 한다.

[tags] 힙, 삽입, 삭제, 스왑
[lang] python",DP,,,VejF6OXUPvQ,"[""힙"", ""삽입"", ""삭제"", ""스왑""]"
python,https://www.youtube.com/watch?v=A8nOpWRXQrs,"제로원 배낭문제는 주어진 아이템의 무게와 가치를 고려하여 배낭의 용량을 초과하지 않으면서 최대 가치를 얻는 문제입니다. 이 문제는 동적 계획법을 통해 해결할 수 있으며, 제약 조건을 만족하는 부분집합을 찾는 것이 핵심입니다. 동적 계획법에서는 테이블을 사용하여 이전 계산 결과를 저장하고, 이를 바탕으로 최적의 해를 구하는 방식으로 진행됩니다. 제기관계식을 통해 각 아이템을 포함하거나 제외하는 경우의 최대 가치를 비교하여 최종 결과를 도출합니다.

이 알고리즘의 시간 복잡도는 O(NW)로, N은 아이템의 개수, W는 배낭의 용량입니다. 그러나 W가 매우 클 경우 비효율적일 수 있으므로, 이를 고려한 최적화가 필요합니다. 구현 시에는 재귀 호출을 통해 동적 계획법을 적용하며, 최종적으로 어떤 아이템이 선택되었는지를 추적하는 방법도 필요합니다.

- 제로원 배낭문제의 정의 및 목표
- 동적 계획법의 적용 및 제기관계식
- 시간 복잡도 O(NW) 및 최적화 필요성
- 재귀 호출을 통한 구현 방법
- 선택된 아이템 추적의 중요성

[tags] Dynamic Programming, Knapsack Problem
[lang] unknown",DP,,,A8nOpWRXQrs,"[""Dynamic Programming"", ""Knapsack Problem""]"
python,https://www.youtube.com/watch?v=zX76zhUL7ks,"디버깅은 프로그램에서 발생하는 논리 오류를 찾아 수정하는 과정으로, 문법 오류는 컴파일러가 자동으로 잡아주지만 논리 오류는 사용자의 의도와 다르게 동작하는 경우가 많아 직접 검증이 필요하다. 디버깅을 통해 코드의 흐름을 스텝 바이 스텝으로 따라가며 변수의 값을 확인하고, 오류를 찾아내는 것이 중요하다. 특히 코딩 테스트에서는 초기화 오류, 인덱스 범위 지정 오류, 잘못된 변수 사용 오류, 형변환 문제 등이 자주 발생하므로 디버깅을 통해 이러한 오류를 사전에 방지할 수 있다.

디버깅은 단순히 오류를 찾는 것뿐만 아니라, 다른 사람의 코드를 이해하는 데에도 유용하다. 따라서 코딩 테스트 준비 시 디버깅 기술을 익히고 활용하는 것이 중요하며, 이를 통해 논리적 사고 능력을 향상시킬 수 있다.

- 디버깅은 논리 오류를 찾는 과정이다.
- 문법 오류는 컴파일러가 잡아준다.
- 초기화 오류, 인덱스 범위 오류, 변수 사용 오류에 주의해야 한다.
- 디버깅은 코드 이해에도 도움이 된다.
- 코딩 테스트 준비 시 디버깅 기술을 익히는 것이 중요하다.

[tags] 
[lang] unknown",DP,,,zX76zhUL7ks,[]
python,https://www.youtube.com/watch?v=qAIK8NPybv8,"rgb 거리 문제는 n개의 집을 빨강, 초록, 파랑으로 칠하는 최소 비용을 구하는 동적 계획법 문제이다. 각 집은 인접한 집과 같은 색으로 칠할 수 없으며, 주어진 비용을 바탕으로 dp 배열을 사용하여 최소 비용을 계산한다. dp[i][j]는 i번째 집을 j색으로 칠하는 최소 비용을 의미하며, 점화식은 이전 집의 색상에 따라 결정된다. 반복문을 통해 모든 집을 처리한 후, 마지막 집의 세 가지 색상 중 최소 비용을 선택하여 결과를 도출한다.

- dp 배열은 2차원 구조로 설정
- 점화식은 이전 집의 색상에 따라 비용을 계산
- 반복문을 통해 모든 집을 순회하며 최소 비용을 업데이트
- 최종 결과는 마지막 집의 세 가지 색상 중 최소값

[tags] DP, 동적 계획법
[lang] unknown",DP,,,qAIK8NPybv8,"[""DP"", ""동적 계획법""]"
python,https://www.youtube.com/watch?v=yhwOQflQehk,"다익스트라 알고리즘은 단일 정점에서 다른 모든 정점으로의 최단 경로를 찾는 그리디 알고리즘이다. 이 알고리즘은 초기 집합 Y와 최단 경로 집합 F를 설정하고, Y에 포함된 정점들만을 거쳐가는 경로를 선택하여 최단 경로를 업데이트한다. 종료 조건은 모든 정점이 Y 집합에 포함될 때까지 반복하는 것이다. 다익스트라 알고리즘은 프림 알고리즘과 유사한 구조를 가지지만, 경로 선택 기준이 다르며, 최단 경로를 구하는 과정에서 계산이 더 복잡해진다.

이 알고리즘의 시간 복잡도는 O(n^2)로, 모든 정점에 대해 반복할 경우 O(n^3)으로 증가한다. 다익스트라 알고리즘과 플로이드 알고리즘은 시간 복잡도 측면에서 유사하지만, 각각의 장점이 다르므로 두 알고리즘 모두 학습할 필요가 있다.

- 다익스트라 알고리즘은 단일 출발점에서 최단 경로를 찾는다.
- 프림 알고리즘과 유사한 구조를 가진다.
- 종료 조건은 모든 정점이 Y 집합에 포함될 때이다.
- 시간 복잡도는 O(n^2)이다.

[tags] Dijkstra, Greedy
[lang] unknown",DP,,,yhwOQflQehk,"[""Dijkstra"", ""Greedy""]"
python,https://www.youtube.com/watch?v=grwnXeq3rOU,"이 강의에서는 DP(다이나믹 프로그래밍)를 활용하여 조합(nCr)을 계산하는 문제를 해결하는 방법을 설명합니다. 기존의 비효율적인 팩토리얼 호출 방식을 개선하기 위해 DP 리스트를 사용하여 중복 계산을 방지하고, 문제의 조건에 맞춰 30까지의 값을 저장합니다. 이를 통해 시간 복잡도를 줄이고 효율적인 코드를 작성할 수 있음을 보여줍니다. 또한, Python의 최신 버전에서는 math 라이브러리에서 제공하는 조합 함수를 활용하여 더욱 간결하게 문제를 해결할 수 있음을 강조합니다.

- DP를 사용하여 중복 계산을 방지
- 30 미만의 값만 저장하는 조건 설정
- math 라이브러리의 조합 함수 활용
- 효율적인 코드 작성으로 시간 단축

[tags] DP, 조합, 팩토리얼
[lang] python",DP,,,grwnXeq3rOU,"[""DP"", ""조합"", ""팩토리얼""]"
python,https://www.youtube.com/watch?v=vOmpp2TxYwg,"동적계획법(Dynamic Programming, DP)은 복잡한 문제를 간단한 여러 개의 하위 문제로 나누어 해결하는 기법이다. 이 방법은 두 가지 주요 특징을 가진다: 부분 반복 문제와 최적 부분 구조. 부분 반복 문제는 동일한 계산을 반복적으로 수행하는 경우를 의미하며, 최적 부분 구조는 작은 문제의 최적 해가 큰 문제의 최적 해에 기여하는 구조를 말한다. 동적계획법의 핵심 기법인 메모이제이션은 이전에 계산한 값을 저장하여 불필요한 반복 계산을 방지하고, 프로그램의 실행 속도를 향상시킨다.

동적계획법에는 하양식과 상양식 두 가지 설계 방법이 있다. 하양식은 재귀 호출을 통해 기저 사례에 도달한 후 값을 반환하는 방식이며, 상양식은 기저 사례에서 시작하여 차례대로 값을 계산하는 방식이다. 이 두 방식은 문제를 해결하는 방향성에 따라 다르며, 각각의 장단점이 있다.

- 동적계획법은 복잡한 문제를 간단한 문제로 나누어 해결
- 메모이제이션을 통해 중복 계산 방지
- 하양식과 상양식 두 가지 설계 방법 존재
- 하양식은 재귀적 접근, 상양식은 반복적 접근
- 최적 부분 구조와 부분 반복 문제의 특징을 가짐

[tags] Dynamic Programming, Memoization, Top-Down, Bottom-Up
[lang] unknown",DP,,,vOmpp2TxYwg,"[""Dynamic Programming"", ""Memoization"", ""Top-Down"", ""Bottom-Up""]"
python,https://www.youtube.com/watch?v=hw-SvAR3Zqg,"플로이드 워셜 알고리즘은 모든 노드에서 다른 모든 노드까지의 최단 경로를 구하는 데 사용되는 알고리즘으로, 다이나믹 프로그래밍 기법에 속합니다. 이 알고리즘은 2차원 테이블을 활용하여 각 노드 간의 최단 거리를 기록하고, 점화식을 통해 갱신합니다. 기본적으로 3중 반복문을 사용하여 모든 노드 쌍에 대해 특정 노드를 거쳐가는 경우를 고려하여 최단 거리를 업데이트합니다. 시간 복잡도는 O(n^3)으로, 노드 수가 많을 경우 비효율적일 수 있으므로, 노드 수가 적은 경우에 적합합니다.

- 플로이드 워셜 알고리즘은 모든 노드 쌍의 최단 경로를 구함.
- 2차원 테이블을 사용하여 거리 정보를 기록하고 갱신.
- 점화식은 a에서 b로 가는 거리와 a에서 k를 거쳐 b로 가는 거리 비교.
- 시간 복잡도는 O(n^3)으로, 노드 수가 많을 경우 비효율적.
- 다익스트라 알고리즘과 비교하여 구현이 간단함.

[tags] Floyd-Warshall, Dynamic Programming
[lang] unknown",DP,,,hw-SvAR3Zqg,"[""Floyd-Warshall"", ""Dynamic Programming""]"
python,https://www.youtube.com/watch?v=cwqPJkr1AfE,"다이내믹 프로그래밍(DP)은 함수 호출 시 발생하는 비용을 줄이기 위해 메모이제이션 기법을 사용하여 피보나치 수열을 효율적으로 계산하는 방법이다. 메모이제이션은 이미 계산된 결과를 저장하여 동일한 계산을 반복하지 않도록 하여 성능을 향상시킨다. 재귀적으로 피보나치 수를 계산할 때, 같은 값이 여러 번 계산되는 문제를 해결하기 위해, 결과를 리스트에 저장하고 필요할 때마다 이 값을 참조하는 방식으로 구현된다.

이 기법을 사용하면 피보나치 수를 계산할 때, 예를 들어 fib(60)과 같은 큰 수를 빠르게 구할 수 있으며, 재귀 호출로 인한 성능 저하를 방지할 수 있다. 메모이제이션을 통해 함수 호출의 중복을 줄이고, 계산 속도를 크게 향상시킬 수 있다.

- 메모이제이션을 통해 중복 계산을 방지
- 리스트를 사용하여 결과를 저장
- 재귀 호출의 성능 저하 문제 해결
- DP는 복잡한 문제를 단순화하는 데 유용

[tags] DP, Memoization
[lang] python",DP,,,cwqPJkr1AfE,"[""DP"", ""Memoization""]"
python,https://www.youtube.com/watch?v=BqqjWGPXNaQ,"분할정복은 큰 문제를 작은 부분 문제로 나누고, 이를 해결하여 전체 문제의 답을 구하는 알고리즘 기법이다. 이 과정은 두 단계로 나뉘며, 첫 번째는 문제를 분할하는 것이고, 두 번째는 분할된 문제를 정복하여 최종 결과를 도출하는 것이다. 예를 들어, 정수의 거듭제곱을 구할 때, 지수가 짝수일 경우 문제를 반으로 나누어 두 번 곱하고, 홀수일 경우 한 번 더 곱하는 방식으로 해결할 수 있다. 이 알고리즘의 시간 복잡도는 O(log b)로, 지수의 크기에 따라 효율적으로 계산할 수 있다.

또한, 합병정렬 알고리즘은 배열을 절반으로 나누어 각각 정렬한 후, 정렬된 두 배열을 합치는 방식으로 작동하며, 이 과정의 시간 복잡도는 O(n log n)이다. 반전수를 세는 문제도 합병정렬을 활용하여 O(n log n)으로 해결할 수 있다. 분할정복을 잘 활용하기 위해서는 문제를 적절히 분할하고 정복하는 방법을 설계하는 연습이 필요하다.

- 분할정복의 두 단계: 분할, 정복
- 정수 거듭제곱 계산: O(log b)
- 합병정렬: O(n log n)
- 반전수 세기: O(n log n)
- 문제 설계의 어려움: 연습 필요

[tags] 분할정복, 합병정렬, 거듭제곱, 반전수, 재귀
[lang] unknown",DP,,,BqqjWGPXNaQ,"[""분할정복"", ""합병정렬"", ""거듭제곱"", ""반전수"", ""재귀""]"
python,https://www.youtube.com/watch?v=t02hG4lgp8A,"피보나치 수혈을 메모이제이션 기법을 활용한 다이나믹 프로그래밍으로 구현하는 연구를 진행하였다. 피보나치 수혈은 앞의 두 수를 더하여 다음 수를 생성하는 수열로, 메모이제이션 기법을 통해 중복 계산을 줄이고 실행 속도를 개선할 수 있다. 다이나믹 프로그래밍은 최적 부분 구조와 중복되는 부분 문제를 활용하여 큰 문제를 작은 문제로 나누어 해결하는 방법이다. 메모이제이션은 이전에 계산한 값을 저장하여 동일한 계산을 반복하지 않도록 하여 프로그램의 효율성을 높인다.

연구 결과, 메모이제이션 기법을 도입한 후 실행 속도가 개선되었으며, 프로그램의 복잡도가 낮아질수록 속도와 효율이 증가함을 확인하였다. 이 연구를 통해 수학과 컴퓨터 프로그래밍의 연관성을 이해하고, 알고리즘의 중요성을 깨닫는 계기가 되었다.

- 피보나치 수혈의 정의 및 특징
- 다이나믹 프로그래밍의 개념
- 메모이제이션 기법의 원리
- 실행 속도 개선 사례
- 수학과 프로그래밍의 연관성

[tags] Dynamic Programming, Memoization, Fibonacci Sequence
[lang] unknown",DP,,,t02hG4lgp8A,"[""Dynamic Programming"", ""Memoization"", ""Fibonacci Sequence""]"
python,https://www.youtube.com/watch?v=vYquumk4nWw,"동적 프로그래밍(Dynamic Programming, DP)은 알고리즘의 효율성을 높이기 위해 중간 결과를 저장하는 기법이다. 주로 반복적인 계산이 많은 문제에 효과적이며, 피보나치 수열을 예로 들어 설명할 수 있다. 피보나치 수열은 첫 두 수가 1이고, 이후의 수는 이전 두 수의 합으로 정의된다. DP를 사용하면 중복 계산을 피하고, 메모이제이션(memoization) 기법을 통해 이미 계산된 값을 저장하여 재사용할 수 있다.

동적 프로그래밍을 적용하는 과정은 일반적으로 세 단계로 나뉜다. 첫째, 재귀적 해결책을 제시하고, 둘째, 중복 계산을 발견하면 중간 결과를 저장하며, 셋째, 재귀 대신 바텀업(bottom-up) 접근법을 사용할 수 있다. 이 방법을 통해 시간 복잡도를 O(2^n)에서 O(n)으로 줄일 수 있으며, 이는 큰 입력값에 대해 훨씬 더 효율적이다.

- 동적 프로그래밍은 중복 계산을 피하는 데 유용하다.
- 메모이제이션을 통해 중간 결과를 저장한다.
- 바텀업 접근법은 재귀 호출을 피할 수 있다.
- 시간 복잡도는 O(n)으로 개선된다.

[tags] Dynamic Programming, Memoization, Bottom-Up, Fibonacci
[lang] python",DP,,,vYquumk4nWw,"[""Dynamic Programming"", ""Memoization"", ""Bottom-Up"", ""Fibonacci""]"
python,https://www.youtube.com/watch?v=M6wUzNmmHD0,"동적 프로그래밍(Dynamic Programming, DP)은 최적화 문제를 해결하기 위한 알고리즘적 접근법으로, 큰 문제를 작은 하위 문제로 나누고 각 하위 문제에 대해 최적의 접근법을 취합니다. 이 방법은 '최적 부분 구조'와 '중복 하위 문제'를 만족하는 경우에 적용할 수 있습니다. 예를 들어, 피보나치 수열을 계산할 때, 피보나치의 n번째 값은 n-1과 n-2의 값의 합으로 정의되며, 이 과정에서 중복 계산을 피하기 위해 이미 계산된 값을 저장하고 재사용합니다.

동적 프로그래밍에는 두 가지 주요 접근법이 있습니다. 첫 번째는 '탑다운(top-down)' 접근법으로, 재귀를 사용하여 문제를 해결하고 중간 결과를 메모리에 저장합니다. 두 번째는 '바텀업(bottom-up)' 접근법으로, 하위 문제부터 차례로 해결하여 최종 결과를 도출합니다. 바텀업 접근법은 일반적으로 더 빠르며, 메모리 사용이 효율적입니다. 이 두 접근법의 선택은 문제의 성격에 따라 달라지며, 적절한 접근법을 선택하는 것이 중요합니다.

- 동적 프로그래밍은 최적 부분 구조와 중복 하위 문제를 필요로 함.
- 탑다운 접근법은 재귀를 사용하고 메모이제이션을 통해 중복 계산을 피함.
- 바텀업 접근법은 하위 문제부터 차례로 해결하여 최종 결과를 도출함.
- 바텀업이 일반적으로 더 빠르고 메모리 사용이 효율적임.
- 문제에 따라 적절한 접근법을 선택하는 것이 중요함.

[tags] Dynamic Programming, Top-Down, Bottom-Up, Memoization, Tabulation
[lang] python",DP,,,M6wUzNmmHD0,"[""Dynamic Programming"", ""Top-Down"", ""Bottom-Up"", ""Memoization"", ""Tabulation""]"
python,https://www.youtube.com/watch?v=S-9NmIj2fdQ,"주어진 문제는 두 종류의 수프 A와 B를 가지고 있으며, 각 수프의 양이 n 밀리리터일 때, 수프 A가 먼저 비거나 두 수프가 동시에 비는 확률을 계산하는 것입니다. 이 문제는 동적 프로그래밍의 상향식 접근법을 사용하여 해결할 수 있으며, 메모이제이션을 통해 중복 계산을 피합니다. n이 4100보다 크면 A가 먼저 비는 확률이 1에 가까워지므로 1을 반환하는 최적화가 포함되어 있습니다. 각 수프의 양을 25로 나누어 문제의 크기를 줄이고, DP 함수를 통해 각 상태에서의 확률을 재귀적으로 계산합니다.

- 수프 A와 B의 양을 나타내는 상태 (i, j)를 사용하여 메모이제이션을 구현.
- 각 연산의 확률을 평균하여 최종 확률을 계산.
- 메모이제이션을 통해 이전에 계산된 결과를 재사용하여 효율성을 높임.
- Python으로 구현되었으며, 메모리와 실행 시간에서 효율적인 성능을 보임.

[tags] DP, 메모이제이션, 확률, 재귀
[lang] python",DP,,,S-9NmIj2fdQ,"[""DP"", ""메모이제이션"", ""확률"", ""재귀""]"
python,https://www.youtube.com/watch?v=VnTlW572Sc4,"다이나믹 프로그래밍 알고리즘 시리즈의 두 번째 영상에서는 다익스트라 알고리즘을 사용하여 최단 경로 문제를 해결하는 방법을 설명한다. 주어진 문제는 무방향 그래프에서 출발 노드로부터 각 노드까지의 최단 경로를 찾는 것이다. 이 알고리즘은 최적성 원리를 기반으로 하며, 노드를 영구 노드와 임시 노드로 나누어 최단 경로를 계산한다. 초기 단계에서 모든 노드를 임시로 설정하고, 출발 노드의 경로 길이를 0으로 설정한 후, 가장 짧은 경로를 가진 임시 노드를 선택하여 영구 노드로 변경하고 경로 길이를 업데이트한다. 이 과정을 반복하여 모든 노드의 최단 경로를 찾는다.

- 다익스트라 알고리즘은 음의 가중치가 없는 그래프에서만 사용 가능하다.
- 최적성 원리를 통해 경로를 효율적으로 업데이트한다.
- 경로 길이는 무한대로 초기화되며, 출발 노드만 0으로 설정된다.
- 각 반복에서 가장 짧은 경로를 가진 노드를 선택하여 영구 노드로 변경한다.

[tags] Dijkstra, Dynamic Programming
[lang] python",DP,,,VnTlW572Sc4,"[""Dijkstra"", ""Dynamic Programming""]"
python,https://www.youtube.com/watch?v=ne9eZ4ezg0Y,"벨만-포드 알고리즘은 최단 경로 문제를 해결하기 위한 동적 프로그래밍 기법으로, 특히 음수 가중치 엣지가 존재할 때 유용하다. 이 알고리즘은 각 엣지를 최대 n-1번 이완(relaxation)하여 경로 길이를 업데이트하며, 시작 노드의 경로 길이는 0으로 설정하고 나머지 노드는 무한대로 초기화한다. 이 과정에서 음수 가중치 사이클이 존재하는지 확인할 수 있는 추가 단계를 포함할 수 있다. 만약 음수 가중치 사이클이 발견되면, 최단 경로 문제는 의미가 없어진다.

벨만-포드 알고리즘의 주요 특징은 다음과 같다:
- 음수 가중치 엣지를 처리할 수 있다.
- 음수 가중치 사이클을 탐지할 수 있다.
- 최단 경로를 찾기 위해 각 엣지를 반복적으로 이완한다.
- 시간 복잡도는 O(n*m)으로, n은 노드 수, m은 엣지 수이다.

[tags] Bellman-Ford, Dynamic Programming
[lang] python",DP,,,ne9eZ4ezg0Y,"[""Bellman-Ford"", ""Dynamic Programming""]"
python,https://www.youtube.com/watch?v=RlugupBiC6w,"정책 반복 알고리즘은 마르코프 결정 과정(MDP)에서 최적의 정책을 찾기 위한 방법이다. 이 알고리즘은 초기 정책을 설정한 후, 이를 반복적으로 업데이트하여 수렴할 때까지 최적의 정책을 찾는다. 정책 반복은 세 단계로 구성된다. 첫 번째 단계에서는 초기 정책을 설정하고, 두 번째 단계에서는 현재 정책에 대한 가치 함수를 계산한다. 마지막으로, 세 번째 단계에서는 계산된 가치 함수를 바탕으로 정책을 개선한다. 이 과정을 정책이 더 이상 변화하지 않을 때까지 반복한다.

정책 반복 알고리즘의 구현은 Python으로 진행되며, 상태 집합, 행동 집합, 전이 함수, 보상 함수 등을 입력으로 받는다. 알고리즘의 주요 부분은 정책 평가와 정책 개선 함수로 나뉘며, 각각의 함수는 주어진 정책에 대한 가치 함수를 업데이트하고, 최적의 정책을 찾는 역할을 한다. 이 알고리즘은 MDP 문제를 해결하는 데 효과적이며, 가치 반복 알고리즘과의 차이점은 정책을 직접 업데이트한다는 점이다.

- 정책 반복 알고리즘은 MDP 문제에 적합하다.
- 초기 정책을 설정하고, 가치 함수를 반복적으로 계산하여 정책을 개선한다.
- Python으로 구현되며, 정책 평가와 개선 함수가 핵심이다.
- 수렴 조건을 통해 알고리즘의 종료를 결정한다.

[tags] Policy Iteration, MDP, Value Function
[lang] python",DP,,,RlugupBiC6w,"[""Policy Iteration"", ""MDP"", ""Value Function""]"
python,https://www.youtube.com/watch?v=aAkFtRxeP7c,"슬리퍼리 드렁큰 그리드월드를 해결하기 위해 동적 프로그래밍을 활용하는 방법을 설명한다. 이 과정에서 벨만 방정식을 사용하여 각 상태의 가치를 계산하는데, 이는 주변 상태의 가치가 필요하므로 무한 재귀에 빠질 수 있다. 이를 해결하기 위해 조회 테이블을 생성하고, 반복 알고리즘을 통해 모든 가능한 상태를 순회하며 벨만 방정식을 적용하여 가치 계산의 정확성을 높인다. 

주요 알고리즘은 가치 반복(Value Iteration)으로, 초기값을 0으로 설정한 후 각 상태에 대해 가능한 모든 행동을 고려하여 기대 보상과 기대 가치를 계산한다. 이 과정을 반복하여 가치 변화가 설정한 임계값 이하로 떨어질 때까지 진행한다. 이 방법은 정책 반복(Policy Iteration)보다 간단하고 빠르게 수렴하는 장점이 있다.

- 동적 프로그래밍을 통해 복잡한 문제를 단순한 하위 문제로 나눈다.
- 가치 반복 알고리즘은 벨만 방정식을 직접 적용하여 각 상태의 가치를 계산한다.
- 조회 테이블을 사용하여 무한 재귀 문제를 해결한다.
- 정책과 가치는 서로 의존하며 최적의 솔루션을 찾기 위해 함께 고려된다.

[tags] Dynamic Programming, Value Iteration, Bellman Equation
[lang] python",DP,,,aAkFtRxeP7c,"[""Dynamic Programming"", ""Value Iteration"", ""Bellman Equation""]"
python,https://www.youtube.com/watch?v=e0CAbRVYAWg,"피보나치 수열은 처음 두 숫자가 1로 시작하고, 이후 각 숫자는 이전 두 숫자의 합으로 정의됩니다. n번째 피보나치 수를 찾는 문제를 해결하기 위해 가장 단순한 방법은 재귀적 접근법이지만, 이 방법은 중복 계산이 많아 비효율적입니다. 예를 들어, n이 6일 때, 5번째와 4번째 피보나치 수를 찾기 위해 각각의 이전 수를 반복적으로 계산해야 하므로 시간 복잡도가 O(2^n)으로 증가합니다.

동적 프로그래밍을 사용하면 중간 결과를 저장하여 이 문제를 효율적으로 해결할 수 있습니다. 배열을 초기화하고, 각 인덱스에 대해 이전 두 수의 합을 저장함으로써 O(n) 시간 복잡도로 n번째 피보나치 수를 구할 수 있습니다. 추가적으로, 모든 값을 저장하는 대신 마지막 두 값만 저장하여 공간 복잡도를 줄일 수도 있습니다.

- 피보나치 수열의 정의
- 재귀적 접근법의 비효율성
- 동적 프로그래밍의 적용
- 시간 복잡도 O(n)
- 공간 복잡도 최적화 가능

[tags] Dynamic Programming, Fibonacci, Recursion
[lang] unknown",DP,,,e0CAbRVYAWg,"[""Dynamic Programming"", ""Fibonacci"", ""Recursion""]"
python,https://www.youtube.com/watch?v=xOlhR_2QCXY,"0-1 배낭 문제는 주어진 아이템의 무게와 가치를 고려하여 제한된 무게의 배낭에 최대 가치를 담는 문제이다. 이 문제는 모든 아이템에 대해 포함 여부를 결정해야 하며, 가능한 조합의 수는 2^n으로 기하급수적으로 증가한다. 하지만 동적 프로그래밍을 사용하면 중복 계산을 피하고 효율적으로 문제를 해결할 수 있다. 기본적으로 재귀적 접근을 통해 각 아이템을 포함하거나 제외하는 방식으로 진행되며, 메모이제이션을 통해 이미 계산된 결과를 저장하여 성능을 개선한다.

이 알고리즘의 시간 복잡도는 O(nc)로, n은 아이템의 수, c는 배낭의 용량이다. 이를 통해 이전의 지수 시간 복잡도에서 크게 개선된 성능을 보여준다. 동적 프로그래밍의 핵심은 중복된 계산을 줄이고, 최적의 해를 찾기 위해 메모리를 활용하는 것이다.

- 0-1 배낭 문제의 정의
- 재귀적 접근과 메모이제이션
- 시간 복잡도 O(nc)
- 중복 계산 방지의 중요성
- 동적 프로그래밍의 활용

[tags] Dynamic Programming, 0-1 Knapsack
[lang] unknown",DP,,,xOlhR_2QCXY,"[""Dynamic Programming"", ""0-1 Knapsack""]"
python,https://www.youtube.com/watch?v=1hSt4sUH_gs,"2D 동적 프로그래밍은 그리드나 행렬을 탐색하는 문제를 해결하는 데 사용됩니다. 이러한 문제는 최적 부분 구조를 가지며, 작은 하위 문제의 해결을 통해 전체 문제를 해결할 수 있습니다. 일반적으로 중복 계산이 발생하는 하위 문제를 포함하고, 그리드 내에서의 경로 찾기, 최소 또는 최대 경로 합 계산, 장애물이 있는 그리드 탐색 등의 응용이 있습니다. 상태 정의는 보통 dp[i][j] 형태로, 현재 위치의 최적 값을 나타내며, 이는 위쪽(dp[i-1][j])과 왼쪽(dp[i][j-1])의 값에 의존합니다.

예를 들어, 유니크 경로 문제에서는 로봇이 (0,0)에서 (M,N)으로 이동하는 경로의 수를 계산합니다. 이때 dp[i][j]는 dp[i-1][j]와 dp[i][j-1]의 합으로 정의됩니다. 최소 경로 합 문제에서는 주어진 그리드에서 최소 비용으로 이동하는 경로를 찾습니다. 이 경우 dp[i][j]는 grid[i][j]와 dp[i-1][j] 또는 dp[i][j-1]의 최소값을 더한 것입니다. 이러한 문제들은 공간 최적화 기법을 통해 O(m*n)에서 O(min(m,n))으로 줄일 수 있습니다.

- 2D 동적 프로그래밍은 그리드 탐색 문제에 적합
- 최적 부분 구조와 중복 하위 문제 특징
- 유니크 경로 및 최소 경로 합 문제의 동적 프로그래밍 접근법
- 기본 사례 초기화 필요
- 공간 최적화 기법 고려

[tags] DP, Grid, Dynamic Programming
[lang] python",DP,,,1hSt4sUH_gs,"[""DP"", ""Grid"", ""Dynamic Programming""]"
python,https://www.youtube.com/watch?v=ZRO62QlYrZk,"주어진 문제는 여러 도시 간의 경로를 계산하는 것으로, 각 도시의 위치와 연료 소모량이 주어집니다. 이 문제를 해결하기 위해 동적 프로그래밍(DP)을 활용하여, 2D 배열 dp[i][j]를 사용해 i번째 도시에서 j만큼의 연료로 도달할 수 있는 경로의 수를 저장합니다. 초기값으로 도착 도시에서는 1로 설정하고, 나머지는 0으로 초기화합니다. 각 도시에서 다른 도시로 이동할 수 있는지를 확인하고, 가능한 경로 수를 업데이트합니다. 최종적으로 시작 도시에서 도착 도시까지의 경로 수를 반환합니다.

이 알고리즘의 주요 포인트는 다음과 같습니다:
- 동적 프로그래밍을 통해 큰 문제를 작은 문제로 나누어 해결.
- 연료 소모량에 따라 dp 테이블을 업데이트할 때, 낮은 연료에서 높은 연료로 진행해야 함.
- 결과는 10^9 + 7로 나눈 나머지로 반환하여 수치를 관리 가능하게 함.

[tags] Dynamic Programming, DP
[lang] python",DP,,,ZRO62QlYrZk,"[""Dynamic Programming"", ""DP""]"
python,https://www.youtube.com/watch?v=_fk32BMETXo,"Alice는 21과 유사한 게임을 하며, 주어진 점수 n 이하로 멈출 확률을 계산하는 문제를 다룬다. 이 문제는 동적 프로그래밍을 활용하여 해결할 수 있으며, Alice가 얻을 수 있는 각 점수에 대한 확률을 계산하는 것이 핵심이다. 입력으로는 n, key, max points가 주어지며, key가 0이거나 n이 key와 max points의 곱보다 크거나 같으면 Alice는 항상 이긴다. 

동적 프로그래밍 배열을 초기화하고, 각 점수에 대해 Alice가 카드를 뽑을 때의 확률을 업데이트한다. 마지막으로 key부터 n까지의 모든 점수에 대한 확률을 합산하여 결과를 반환한다. 이 알고리즘은 메모리와 실행 시간에서 효율성을 보여준다.

- 동적 프로그래밍을 사용하여 확률 계산
- 입력 조건에 따라 즉시 결과 반환 가능
- 점수 업데이트 시 윈도우 합을 활용하여 효율성 증가
- 최종 결과는 key부터 n까지의 확률 합산

[tags] Dynamic Programming
[lang] unknown",DP,,,_fk32BMETXo,"[""Dynamic Programming""]"
python,https://www.youtube.com/watch?v=rgGq6sELoZc,"재귀와 동적 프로그래밍은 문제를 해결하는 데 유용한 프로그래밍 기법이다. 재귀는 함수가 자기 자신을 호출하여 문제를 해결하는 방식으로, 주로 팩토리얼이나 피보나치 수열과 같은 문제에 사용된다. 재귀는 문제를 더 작은 하위 문제로 나누어 해결할 수 있을 때 적합하다. 반면, 동적 프로그래밍은 재귀와 함께 사용되는 최적화 기법으로, 하위 문제의 결과를 저장하여 중복 계산을 피하는 방법이다. 동적 프로그래밍을 적용하기 위해서는 최적의 해를 구성할 수 있는 구조와 하위 문제들이 겹쳐야 한다.

예를 들어, 피보나치 수열을 계산할 때 중복된 계산이 발생하는데, 동적 프로그래밍을 사용하면 이미 계산된 값을 저장하여 효율성을 높일 수 있다. 재귀는 메모리 사용에 영향을 미칠 수 있으므로, 최적의 해결책을 원할 경우 반복적인 방법으로 변환하는 것이 좋다. 특히, 꼬리 재귀는 이러한 변환을 쉽게 해준다.

- 재귀는 자기 호출을 통해 문제를 해결하는 기법
- 동적 프로그래밍은 하위 문제의 결과를 저장하여 중복 계산을 피함
- 최적의 해를 구성할 수 있는 구조가 필요
- 메모리 사용에 주의해야 하며, 반복적 방법으로 변환 가능
- 꼬리 재귀는 최적화에 유리함

[tags] recursion, dynamic programming
[lang] unknown",DP,,,rgGq6sELoZc,"[""recursion"", ""dynamic programming""]"
python,https://www.youtube.com/watch?v=UXN6VNPEWzA,"동적 프로그래밍(DP)은 재귀와 메모이제이션을 결합한 기법으로, 문제를 더 작은 하위 문제로 나누어 해결하는 방식이다. DP를 적용하기 위해서는 먼저 재귀 방정식을 작성하여 문제와 하위 문제 간의 관계를 명확히 하고, 기본 사례를 정의한 후 재귀 함수를 구현해야 한다. 마지막으로 메모이제이션을 통해 중복 계산을 피하고 성능을 최적화할 수 있다. 메모이제이션은 이전에 계산한 결과를 저장하여 동일한 입력에 대해 O(1) 시간에 결과를 반환할 수 있게 해준다.

DP 문제를 해결하기 위한 일반적인 접근 방식은 다음과 같다:
- 재귀 방정식 작성
- 기본 사례 정의 및 재귀 함수 구현
- 메모이제이션을 통한 최적화

DP는 시간에 따라 변화하는 값을 다루는 데 유용하며, 경제학 등 다양한 분야에 응용될 수 있다. DP의 이름이 혼란을 주는 이유는 수학적 연구를 숨기기 위해 붙여진 것이기 때문이다.

[tags] DP, Memoization, Recursion
[lang] unknown",DP,,,UXN6VNPEWzA,"[""DP"", ""Memoization"", ""Recursion""]"
python,https://www.youtube.com/watch?v=izU-B1gfhws,"계단을 오르는 문제에서, n번째 계단에 도달하는 방법의 수를 구하는 것이 목표이다. 이 문제는 동적 프로그래밍을 통해 해결할 수 있으며, 각 계단에 도달하는 방법은 이전 두 계단에서 오는 방법의 합으로 정의된다. 예를 들어, 첫 번째 계단은 1가지 방법, 두 번째 계단은 2가지 방법, 세 번째 계단은 3가지 방법으로 도달할 수 있다. 이러한 패턴은 피보나치 수열과 유사하다.

이 문제를 해결하기 위해 두 가지 접근 방식을 사용할 수 있다. 첫 번째는 반복문을 사용하여 이전 두 계단의 값을 저장하는 방법이며, 두 번째는 재귀와 메모이제이션을 활용하는 방법이다. 메모이제이션을 통해 중복 호출을 방지하고 효율성을 높일 수 있다. 이 과정에서 Python의 cache 데코레이터를 사용하면 더욱 간편하게 구현할 수 있다.

- 동적 프로그래밍을 통한 문제 해결
- 피보나치 수열과의 유사성
- 반복문과 재귀적 접근 방식
- 메모이제이션을 통한 효율성 향상

[tags] DP, Fibonacci, Recursion, Memoization
[lang] python",DP,,,izU-B1gfhws,"[""DP"", ""Fibonacci"", ""Recursion"", ""Memoization""]"
python,https://www.youtube.com/watch?v=8-C922QyKLY,"주어진 문제는 두 개의 비슷한 길이의 팰린드롬 부분 수열을 찾아 그 길이의 곱을 최대화하는 것입니다. 문자열의 길이는 최대 3000자까지 가능하므로, 모든 조합을 고려하는 것은 비효율적입니다. 이를 해결하기 위해 메모이제이션을 활용하여 이전 결과를 저장하고, 재귀와 동적 프로그래밍(DP)을 통해 최적의 해를 구합니다. 두 부분 수열은 서로 겹치지 않아야 하며, 각 부분 수열의 길이를 계산하여 최대 곱을 구하는 방식으로 진행됩니다.

핵심 체크포인트:
- 두 개의 팰린드롬 부분 수열을 찾아야 함.
- 두 수열은 서로 겹치지 않아야 함.
- 메모이제이션을 통해 중복 계산을 피함.
- DP를 사용하여 최적의 해를 구함.
- 문자열 길이가 3000자까지 가능하므로 효율적인 알고리즘 필요.

[tags] DP, Recursion, Memoization
[lang] unknown",DP,,,8-C922QyKLY,"[""DP"", ""Recursion"", ""Memoization""]"
python,https://www.youtube.com/watch?v=txjeAk1p_-w,"이 영상은 다음 수업에 대한 공지사항을 전달하는 내용이다. 강사는 다음 영상부터 '재귀, 메모이제이션, 동적 프로그래밍'이라는 주제로 수업을 시작한다고 알리고 있다. 또한, 과제 3에 대한 언급이 있으며, 시청자들에게 영상을 좋아요, 공유, 구독해 줄 것을 요청하고 있다. 영상은 짧고 간단한 공지로 구성되어 있으며, 다음 수업에 대한 기대감을 조성하고 있다.

- 다음 수업 주제: 재귀, 메모이제이션, 동적 프로그래밍
- 과제 3에 대한 안내
- 영상 공유 및 구독 요청
- 짧은 공지 형식

[tags] 
[lang] unknown",DP,,,txjeAk1p_-w,[]
python,https://www.youtube.com/watch?v=piAlsJySUGE,"동적 프로그래밍(Dynamic Programming, DP)은 문제를 해결하기 위한 강력한 기법으로, 주로 중복된 계산을 피하기 위해 사용된다. DP는 일반적으로 네 가지 단계로 진행된다. 첫 번째 단계는 단순한 재귀적 접근을 통해 문제를 정의하는 것이며, 이 경우 시간 복잡도는 O(2^n) 또는 O(n!)와 같이 비효율적일 수 있다. 두 번째 단계는 메모이제이션(memoization)을 통해 이미 계산된 값을 저장하여 중복 계산을 방지하는 상향식 접근이다. 세 번째 단계는 테이블을 사용하여 하향식 접근을 구현하는 것으로, 이를 테이블화(tabulation)라고 한다. 마지막으로, 가능하다면 공간 복잡도를 줄이기 위해 상수 공간을 사용하는 방법으로 최적화할 수 있다.

피보나치 수열 문제를 예로 들면, DP를 통해 O(n) 시간 복잡도로 해결할 수 있으며, 메모이제이션을 사용하면 O(n) 공간 복잡도를 가지게 된다. 테이블화 방법을 사용하면 공간 복잡도는 O(n)으로 유지되지만, 상수 공간 최적화를 통해 O(1)로 줄일 수 있다. 이 과정에서 재귀 호출 대신 반복문을 사용하여 성능을 개선할 수 있다.

- DP의 네 가지 단계: 재귀적 접근 → 메모이제이션 → 테이블화 → 공간 최적화
- 피보나치 수열 문제를 통해 DP의 효율성 설명
- 메모이제이션과 테이블화의 시간 및 공간 복잡도 비교

[tags] Dynamic Programming, Memoization, Tabulation, Fibonacci, Time Complexity
[lang] python",DP,,,piAlsJySUGE,"[""Dynamic Programming"", ""Memoization"", ""Tabulation"", ""Fibonacci"", ""Time Complexity""]"
python,https://www.youtube.com/watch?v=WbwP4w6TpCk,"메모이제이션은 웹 애플리케이션의 성능을 향상시키기 위한 중요한 기법으로, 이전 계산 결과를 저장하여 동일한 입력에 대해 빠르게 결과를 반환하는 방법이다. 예를 들어, 제곱 함수나 피보나치 수열을 계산할 때, 메모이제이션을 사용하면 반복적으로 계산할 필요 없이 저장된 값을 즉시 반환할 수 있어 실행 속도가 크게 향상된다. 이 기법은 특히 느린 함수나 외부 리소스를 가져오는 경우에 유용하며, 동적 프로그래밍에서도 자주 사용된다.

메모이제이션을 구현하기 위해서는 이전 결과를 저장할 배열을 만들고, 함수 호출 시 해당 배열에서 값을 확인하여 이미 계산된 결과가 있으면 이를 반환하도록 한다. 이를 통해 피보나치 수열과 같은 재귀적 함수의 성능을 극대화할 수 있다. 메모이제이션을 적용한 경우, 큰 입력값에 대해서도 빠른 실행 속도를 유지할 수 있다.

- 메모이제이션은 이전 결과를 저장하여 성능을 향상시킴.
- 느린 함수나 외부 API 호출에 유용.
- 동적 프로그래밍에서 재귀적 함수와 함께 사용됨.
- 피보나치 수열 계산 시 성능 개선 효과가 큼.
- 배열을 사용하여 이전 값을 저장하고 재사용함.

[tags] memoization, dynamic programming
[lang] unknown",DP,,,WbwP4w6TpCk,"[""memoization"", ""dynamic programming""]"
python,https://www.youtube.com/watch?v=BL5oy2l0aP8,"주어진 문제는 두 개의 수프 A와 B가 주어졌을 때, A가 B보다 먼저 사용될 확률을 계산하는 것입니다. 각 수프의 용량은 정수 n으로 주어지며, 네 가지 이벤트가 발생할 수 있습니다: A에서 100, 75, 50, 25를 사용하고 B에서 0, 25, 50, 75를 사용하는 경우입니다. 이 이벤트들은 동등한 확률로 발생하며, A와 B가 동시에 비어있을 경우 확률은 0.5로 설정됩니다. 

문제 해결을 위해 동적 프로그래밍을 활용하여 각 상태에서 A와 B의 용량을 기반으로 확률을 계산합니다. A가 먼저 비어질 확률은 A의 사용량이 B보다 더 많기 때문에 상대적으로 높습니다. n이 5000을 초과할 경우, A가 먼저 비어질 확률은 항상 1로 간주할 수 있습니다. 이로 인해 계산의 효율성을 높일 수 있습니다.

- A와 B의 용량은 n으로 주어짐.
- 네 가지 이벤트가 발생하며, 각 이벤트의 확률은 1/4.
- A와 B가 동시에 비어있을 경우 확률은 0.5.
- n이 5000을 초과하면 A가 먼저 비어질 확률은 1.
- 동적 프로그래밍을 통해 하위 문제를 해결.

[tags] Dynamic Programming, Probability
[lang] unknown",DP,,,BL5oy2l0aP8,"[""Dynamic Programming"", ""Probability""]"
python,https://www.youtube.com/watch?v=bWHb8sCPacc,"메모이제이션은 함수 호출 결과를 저장하여 이후 계산 속도를 높이는 기법이다. 이 강의에서는 피보나치 수열을 예로 들어 메모이제이션을 적용하는 방법을 설명한다. 피보나치 수를 계산할 때, 이미 계산된 값을 딕셔너리에 저장하여 중복 계산을 피하고 성능을 향상시킨다. 처음 호출 시에는 계산을 수행하고 결과를 저장한 후, 이후 호출에서는 저장된 값을 바로 반환하여 시간을 절약한다.

주요 과정은 다음과 같다:
- 딕셔너리(cache)를 사용하여 이전 계산 결과를 저장.
- 입력된 숫자가 이미 딕셔너리에 존재하는지 확인.
- 존재하지 않을 경우, 피보나치 수를 계산하고 결과를 딕셔너리에 저장.
- 저장된 값을 반환하여 불필요한 계산을 줄임.

이 방법을 통해 피보나치 수를 빠르게 계산할 수 있으며, 특히 큰 수에 대해 성능이 크게 향상된다.

[tags] memoization, Fibonacci, dictionary
[lang] python",DP,,,bWHb8sCPacc,"[""memoization"", ""Fibonacci"", ""dictionary""]"
python,https://www.youtube.com/watch?v=sCecRPSQg6Y,"재귀는 문제를 단순화하여 기본 사례로 나누어 해결하는 프로그래밍 기법이다. 피보나치 수열을 예로 들어, n번째 항은 (n-1)번째 항과 (n-2)번째 항의 합으로 정의된다. 재귀 함수는 자기 자신을 호출하여 이 값을 계산하며, 기본 사례를 설정하여 무한 루프를 방지해야 한다. 예를 들어, n이 2 이하일 경우 1을 반환하도록 설정한다. 그러나 기본 재귀 방식은 중복 계산이 많아 비효율적이며, 큰 n값에 대해 성능 저하가 발생한다.

이를 개선하기 위해 해시 테이블(딕셔너리)을 사용하여 이미 계산된 값을 저장하고 재사용하는 방법을 도입할 수 있다. 이렇게 하면 중복 계산을 피하고 성능을 크게 향상시킬 수 있다. 그러나 재귀 깊이가 너무 깊어지면 최대 재귀 깊이 초과 오류가 발생할 수 있으므로 주의해야 한다.

- 재귀는 문제를 기본 사례로 나누어 해결하는 기법이다.
- 피보나치 수열의 정의와 재귀 호출 방식 설명.
- 중복 계산 문제로 성능 저하 발생.
- 해시 테이블을 사용하여 성능 개선 가능.
- 최대 재귀 깊이 초과 오류에 유의해야 한다.

[tags] recursion, Fibonacci, memoization
[lang] python",DP,,,sCecRPSQg6Y,"[""recursion"", ""Fibonacci"", ""memoization""]"
java,https://www.youtube.com/watch?v=nW5y7PFLR3M,"냅생 문제는 주어진 물건의 무게를 조합하여 최대 무게를 초과하지 않도록 하는 경우의 수를 구하는 문제로, DFS를 단순히 사용하면 시간 초과가 발생할 수 있다. 이를 해결하기 위해 물건을 두 그룹으로 나누어 각각의 경우의 수를 계산한 후, 두 그룹의 조합을 통해 최종 결과를 도출하는 방식을 사용한다. 이 과정에서 각 그룹의 경우의 수를 배열에 저장하고, 이진 탐색을 통해 조합 가능한 경우의 수를 효율적으로 계산한다.

- DFS를 사용하여 경우의 수를 줄이기 위해 물건을 두 그룹으로 나눈다.
- 각 그룹의 경우의 수를 계산하여 배열에 저장한다.
- 두 배열을 정렬한 후 이진 탐색을 통해 조합 가능한 경우의 수를 찾는다.
- 최종적으로 모든 경우의 수를 합산하여 결과를 도출한다.

[tags] DFS, Binary Search, Greedy
[lang] unknown",DP,,,nW5y7PFLR3M,"[""DFS"", ""Binary Search"", ""Greedy""]"
java,https://www.youtube.com/watch?v=ZsVVTEfZee8,"주어진 문제는 동적 계획법을 이용하여 특정 숫자 n을 최소한의 횟수로 사용해 목표 숫자 number를 만드는 방법을 찾는 것이다. 이 문제에서는 n을 최대 8번까지 사용할 수 있으며, 이를 통해 다양한 연산(덧셈, 뺄셈, 곱셈, 나눗셈)을 조합하여 목표 숫자를 생성한다. 만약 8번 이상 사용해야 한다면 -1을 반환한다. 

해결 과정은 먼저 n을 사용하여 가능한 모든 조합을 저장할 set 자료구조를 초기화하고, 각 인덱스에 대해 n을 여러 번 사용하여 생성할 수 있는 숫자들을 계산한다. 이때, 이전 인덱스에서 계산된 결과를 활용하여 중복 계산을 피하는 것이 동적 계획법의 핵심이다. 최종적으로 목표 숫자가 생성된 경우 최소 사용 횟수를 반환하고, 그렇지 않으면 -1을 반환한다.

- n을 최대 8번까지 사용 가능
- 동적 계획법을 통해 중복 계산 방지
- 연산은 덧셈, 뺄셈, 곱셈, 나눗셈 포함
- 목표 숫자가 생성되지 않으면 -1 반환

[tags] DP
[lang] python",DP,,,ZsVVTEfZee8,"[""DP""]"
java,https://www.youtube.com/watch?v=rl9IBRq_F2k,"효주는 포도주 시식회에서 연속으로 세 잔의 포도주를 마실 수 없는 규칙 아래에서 최대한 많은 포도주를 마시고자 한다. 주어진 포도주 잔의 개수와 각 잔에 들어있는 포도주의 양을 바탕으로, 효주가 마실 수 있는 최대 포도주 양을 구하는 문제이다. 이 문제는 동적 계획법(DP)을 사용하여 해결할 수 있으며, 점화식을 통해 각 잔을 선택하는 경우의 수를 고려해야 한다.

점화식은 세 가지 경우로 나뉜다: 
1. 현재 잔을 마시지 않는 경우.
2. 현재 잔을 마시고 이전 잔은 마시지 않는 경우.
3. 현재 잔과 이전 잔을 모두 마시는 경우 (단, 세 잔 연속으로 마실 수 없으므로 이전 잔은 마시지 않아야 함). 이 세 가지 경우 중 최대값을 구하여 DP 배열에 저장한다. 초기값으로는 잔이 1개일 때와 2개일 때의 최대 포도주 양을 설정한다.

- 핵심 체크포인트:
  - 연속으로 세 잔을 마실 수 없음.
  - DP 배열을 사용하여 최대 포도주 양을 계산.
  - 점화식은 세 가지 경우를 고려.
  - 초기값 설정이 중요.

[tags] DP, Dynamic Programming
[lang] unknown",DP,,,rl9IBRq_F2k,"[""DP"", ""Dynamic Programming""]"
java,https://www.youtube.com/watch?v=U22u6E2udUI,"조합은 알고리즘 코딩 테스트에서 자주 출제되는 주제로, 동적 계획법(DP)의 기초가 되는 중요한 개념이다. 조합은 n개의 요소 중 r개를 선택하는 경우의 수를 나타내며, 순열과는 달리 선택한 요소의 순서를 고려하지 않는다. 조합의 경우의 수는 수학적으로 nCr로 표현되며, 이는 n! / (r! * (n-r)!)로 계산된다. 이 과정에서 r!은 순서가 다른 경우의 수를 제거하는 역할을 한다.

조합의 점화식 도출은 알고리즘적 사고를 통해 이루어지며, 특정 문제를 해결하기 위해 작은 문제로 나누어 접근하는 방식이다. 예를 들어, 5개 중 3개를 선택하는 경우, 마지막 요소를 선택하거나 선택하지 않는 두 가지 경우로 나누어 생각할 수 있다. 이를 통해 점화식은 C(n, r) = C(n-1, r-1) + C(n-1, r)로 표현되며, 이는 모든 조합 문제를 해결하는 데 활용될 수 있다.

- 조합은 순서를 고려하지 않는 선택의 경우의 수를 다룬다.
- 점화식은 작은 문제를 통해 큰 문제를 해결하는 방식으로 도출된다.
- 조합의 점화식은 C(n, r) = C(n-1, r-1) + C(n-1, r)로 표현된다.
- 조합은 동적 계획법의 기초가 된다.

[tags] 조합, 점화식, 동적 계획법, DP
[lang] unknown",DP,,,U22u6E2udUI,"[""조합"", ""점화식"", ""동적 계획법"", ""DP""]"
java,https://www.youtube.com/watch?v=aZTU7gy5E6s,"동적 프로그래밍(DP)은 큰 문제를 작은 문제로 나누어 해결하고, 그 결과를 저장하여 재사용하는 알고리즘 기법입니다. 이 방법은 특히 피보나치 수열과 같은 문제에서 효율성을 극대화할 수 있습니다. 피보나치 수열을 재귀적으로 계산할 경우, 중복된 계산이 발생하여 메모리와 시간이 비효율적으로 소모됩니다. 반면, DP를 활용하면 이전에 계산한 값을 저장하여 불필요한 반복을 줄일 수 있습니다.

DP의 핵심은 작은 문제의 해결 결과를 저장하고 이를 바탕으로 더 큰 문제를 해결하는 것입니다. 이를 통해 시간 복잡도와 공간 복잡도를 효과적으로 관리할 수 있습니다. 동적 프로그래밍은 알고리즘 문제 풀이에서 자주 등장하는 기법으로, 특히 재사용 가능한 결과가 있는 문제에 적합합니다.

- 동적 프로그래밍은 문제를 작은 단위로 나누어 해결
- 피보나치 수열은 DP의 대표적인 예
- 메모리 사용을 줄이고 계산 속도를 향상시킴
- 재사용 가능한 결과를 저장하는 것이 중요
- 알고리즘 테스트에서 자주 출제되는 주제

[tags] DP, 피보나치 수열
[lang] unknown",DP,,,aZTU7gy5E6s,"[""DP"", ""피보나치 수열""]"
java,https://www.youtube.com/watch?v=sYh62pujaH8,"LIS(최장 증가 부분 수열) 문제는 주어진 수열에서 순서를 유지하며 가장 긴 증가하는 부분 수열의 길이를 찾는 문제이다. 이 문제를 해결하기 위해 다이나믹 프로그래밍을 사용하며, 각 원소를 마지막으로 하는 가장 긴 증가 부분 수열의 길이를 저장하는 배열을 정의한다. 이를 통해 각 원소에 대해 이전 원소들과 비교하여 조건을 만족하는 경우 최대 길이를 갱신하는 방식으로 진행된다. 

효율적인 해결을 위해, 수열을 정렬하여 증가하는 순서로 처리하면, 이전에 계산된 값들을 활용하여 O(n log n) 시간 복잡도로 문제를 해결할 수 있다. 이 과정에서 세그먼트 트리를 사용하여 구간의 최대값을 빠르게 구하는 방법도 소개된다. LIS 문제는 다양한 문제 해결 방식이 존재하며, 문제 해결 순서가 중요하다는 점을 강조한다.

- LIS 문제는 주어진 수열에서 가장 긴 증가 부분 수열을 찾는 문제
- 다이나믹 프로그래밍을 사용하여 각 원소에 대해 최대 길이를 갱신
- O(n^2)에서 O(n log n)으로 개선 가능
- 세그먼트 트리를 활용하여 구간 최대값을 빠르게 계산
- 문제 해결 순서의 중요성 강조

[tags] LIS, DP, Segment Tree
[lang] unknown",DP,,,sYh62pujaH8,"[""LIS"", ""DP"", ""Segment Tree""]"
java,https://www.youtube.com/watch?v=N54jYB7gs4U,"이번 강의에서는 프로그래머스에서 제공하는 코딩 테스트 문제를 해결하는 과정을 다룹니다. 문제는 주어진 두 정수를 곱하거나 나누고, 특정 조건에 맞는 배열을 생성하는 등의 간단한 연산을 포함합니다. 예를 들어, 두 수의 곱을 구하는 문제는 매개변수로 주어진 두 정수를 곱한 값을 반환하는 방식으로 해결됩니다. 또한, 중복된 문자를 제거하는 문제에서는 문자열을 순회하며 중복을 체크하고, 성능을 고려하여 딕셔너리를 활용하여 중복을 제거하는 방법을 설명합니다.

각 문제는 주어진 조건을 충족하는지 확인하기 위해 테스트 케이스를 실행하고, 최종적으로 제출하여 정답 여부를 확인하는 방식으로 진행됩니다. 이 과정에서 효율적인 알고리즘 설계와 코드 최적화의 중요성도 강조됩니다.

- 문제 해결을 위한 단계적 접근
- 테스트 케이스를 통한 검증
- 성능 최적화를 위한 자료구조 활용
- 조건문과 반복문을 통한 로직 구현

[tags] [""Basic Arithmetic"", ""Array Manipulation"", ""String Processing"", ""Conditional Statements"", ""Looping""]
[lang] javascript",DP,,,N54jYB7gs4U,"[""[\""Basic Arithmetic\"""", ""\""Array Manipulation\"""", ""\""String Processing\"""", ""\""Conditional Statements\"""", ""\""Looping\""]""]"
java,https://www.youtube.com/watch?v=OZzKsCijg4o,"상근이는 N개국을 여행하면서 최소한의 비행기 종류로 모든 국가를 연결하고자 한다. 주어진 비행 스케줄은 연결 그래프를 형성하며, 각 비행기는 양방향 간선으로 표현된다. 문제의 핵심은 모든 국가를 여행하기 위해 필요한 비행기 종류의 최소 개수를 구하는 것으로, 이는 최소 신장 트리(MST) 개념을 활용하여 해결할 수 있다. 모든 국가를 연결하기 위해 필요한 간선의 수는 노드 수에서 1을 뺀 값으로, 따라서 비행기 종류의 최소 개수는 N-1이 된다.

- 주어진 비행 스케줄은 항상 연결 그래프를 이룬다.
- 비행기 종류는 간선의 개수로 해석된다.
- 모든 국가를 여행하기 위해 필요한 간선의 수는 노드 수 - 1이다.
- 문제를 정확히 해석하면 복잡한 로직 없이 간단히 해결할 수 있다.

[tags] MST, 그래프, 연결 그래프
[lang] unknown",DP,,,OZzKsCijg4o,"[""MST"", ""그래프"", ""연결 그래프""]"
java,https://www.youtube.com/watch?v=FzsEE7WN-fc,"정수 n을 1, 2, 3의 합으로 나타내는 방법의 수를 구하는 문제를 다루고 있다. 이 문제는 다이나믹 프로그래밍(DP) 기법을 활용하여 해결할 수 있으며, 점화식을 통해 작은 부분 문제를 해결하고 이를 바탕으로 큰 문제를 해결하는 방식으로 접근한다. 점화식은 n을 만들기 위해 1, 2, 3을 사용하는 경우의 수를 관계식으로 표현하는 것이며, 이를 통해 문제를 해결하는 데 필요한 관계를 명확히 한다. 

문제 해결 과정은 다음과 같다:
- 점화식을 설정하여 n을 만들기 위한 경우의 수를 정의한다.
- 초기값을 설정하고, 반복문을 통해 점화식을 적용하여 모든 경우의 수를 계산한다.
- 최종적으로 n에 대한 경우의 수를 출력한다.

- DP의 중요성: 작은 문제를 해결하여 큰 문제를 해결하는 방식.
- 점화식의 정의: 문제 간의 관계를 명확히 표현.
- 초기값 설정: 기본적인 경우의 수를 미리 정의.
- 반복문 활용: 점화식을 통해 모든 경우의 수를 계산.

[tags] DP, 점화식
[lang] unknown",DP,,,FzsEE7WN-fc,"[""DP"", ""점화식""]"
java,https://www.youtube.com/watch?v=JrEsW4VcZgM,"자바의 메모리 구조에 대한 설명으로, 자바 8부터는 메타 스페이스라는 새로운 메모리 영역이 도입되어 클래스 정보가 저장됩니다. 이전 버전에서는 펌젠이라는 영역이 사용되었으며, 자바 가상 머신(JVM)은 클래스 패스를 통해 필요한 클래스 정보를 메모리에 로드합니다. 클래스 정보는 정적이며, 인스턴스는 뉴 연산자를 통해 생성될 때 메모리에 할당됩니다. 인스턴스가 더 이상 참조되지 않으면 가비지 컬렉션의 대상이 됩니다.

스태틱 필드는 클래스가 로딩될 때 한 번만 메모리에 올라가고 초기화되며, 인스턴스 메소드는 인스턴스를 통해 호출할 수 있습니다. 메소드 내의 로컬 변수는 메소드 실행 시 생성되고 종료 시 사라집니다. 이러한 메모리 구조에 대한 깊은 이해는 초보자에게는 필요하지 않으며, 기본적인 사용법만 알고 있으면 충분하다는 점을 강조합니다.

- 자바 8부터 메타 스페이스 사용
- 클래스 정보는 정적이며 메모리에 로드됨
- 인스턴스는 뉴 연산자로 생성
- 스태틱 필드는 클래스 로딩 시 한 번만 초기화
- 메소드 내 로컬 변수는 메소드 종료 시 사라짐

[tags] 
[lang] unknown",DP,,,JrEsW4VcZgM,[]
java,https://www.youtube.com/watch?v=tOHARIf3gpw,"이 대화는 친구들 간의 유머러스한 식사 장면을 담고 있다. 대화의 주된 내용은 음식 주문, 생일 축하, 그리고 친구들 간의 장난으로 구성되어 있다. 등장인물들은 서로의 농담에 반응하며, 식사 중에 발생하는 다양한 상황을 유머로 풀어낸다. 특히, 생일을 맞은 친구를 위한 축하와 함께, 예상치 못한 생일 파이의 등장으로 분위기가 더욱 유쾌해진다.

- 친구들 간의 유머와 장난이 주를 이룸
- 음식 주문과 생일 축하가 주요 테마
- 예상치 못한 상황에서의 반응이 재미를 더함
- 대화의 흐름이 자연스럽고 경쾌함

[tags] 
[lang] unknown",DP,,,tOHARIf3gpw,[]
java,https://www.youtube.com/watch?v=jC9l0_NClrY,"Dude Perfect와 NFL 선수들이 대결하는 시리즈에서, 다양한 도전 과제가 주어지고 성과에 따라 점수가 매겨진다. 첫 번째 라운드는 '눈 가리고 펀팅'으로, 각 선수는 두 번의 펀트를 시도하며 점수를 받는다. 두 번째 라운드는 '왼손 던지기'로, 선수들이 목표물을 맞추는 도전이다. 마지막 라운드는 '카우보이 부츠를 신고 필드골 차기'로, 각 선수는 부츠를 신고 필드골을 차는 도전을 한다. 각 라운드의 성과에 따라 점수가 매겨지고, 최종적으로 가장 높은 점수를 받은 팀이 승리한다.

- 각 라운드에서 선수들은 점수를 받기 위해 다양한 기술을 시연한다.
- 점수는 성과에 따라 주어지며, 각 선수의 능력에 따라 다르게 평가된다.
- 최종 라운드에서 가장 높은 점수를 받은 팀이 승리한다.

[tags] 
[lang] unknown",DP,,,jC9l0_NClrY,[]
java,https://www.youtube.com/watch?v=ZVPpl_sV97U,"이 영상에서는 세 팀이 다양한 재료를 사용하여 요새를 건설하고, 그 요새가 다양한 재난에 얼마나 잘 견디는지를 시험하는 과정을 보여준다. 각 팀은 두 개의 마네킹, 램프, 꽃병, 세 개의 풍선을 보호해야 하며, 최종적으로 가장 잘 견디는 팀이 승리한다. 팀들은 각기 다른 재료를 가지고 건축을 시작하며, 구조의 안정성을 높이기 위해 중앙 기둥을 세우고 다양한 지지대를 추가하는 등의 전략을 세운다.

건축 후, 각 팀의 요새는 메테오 샤워, 자동차 충돌, 그리고 그랜드 피아노 낙하와 같은 여러 테스트를 거치게 된다. 이 과정에서 각 팀은 요새의 내구성을 시험하며, 예상치 못한 결과와 함께 유머러스한 상황들이 연출된다. 최종적으로, 팀들은 각자의 요새가 얼마나 잘 버텨내는지를 평가하고, 승리 팀을 가리게 된다.

- 각 팀은 주어진 재료를 활용하여 요새를 건설한다.
- 요새는 다양한 재난 테스트를 통해 내구성을 평가받는다.
- 팀들은 전략적으로 구조를 설계하고, 협력하여 건축한다.
- 유머와 긴장감이 섞인 상황들이 연출된다.

[tags] 
[lang] unknown",DP,,,ZVPpl_sV97U,[]
java,https://www.youtube.com/watch?v=N_hKcToR2ig,"정적 메소드는 인터페이스에 선언할 수 있으며, 이는 객체 없이도 호출할 수 있는 특징이 있다. 정적 메소드는 클래스 소속으로, 인스턴스 멤버와는 달리 객체가 필요하지 않다. 선언 방법은 클래스의 정적 메소드와 동일하며, 접근 제한자는 기본적으로 public이다. 예를 들어, 리모컨 인터페이스에 `static void changeBattery()`와 같은 메소드를 선언하면, 이는 객체 소속이 아닌 인터페이스 소속으로, 인터페이스 타입을 통해 직접 호출할 수 있다.

정적 메소드는 객체가 없어도 실행 가능하므로, 객체 소속의 메소드와는 구분된다. 이러한 메소드는 주로 특정 기능을 수행하는 데 사용되며, 예를 들어 배터리 교환과 같은 기능을 구현할 수 있다. 

- 정적 메소드는 객체 없이 호출 가능
- 선언 방법은 클래스의 정적 메소드와 동일
- 기본 접근 제한자는 public
- 인터페이스 소속으로, 객체 소속 메소드와 구분됨
- 예시: `static void changeBattery()`

[tags] 
[lang] unknown",DP,,,N_hKcToR2ig,[]
java,https://www.youtube.com/watch?v=6EjIsamFroM,"탭루레이션 접근법은 메모이제이션 접근법과 달리 반복적인 전략을 사용하여 알고리즘의 성능을 향상시키는 방법이다. 이 방법은 피보나치 수열을 예로 들어 설명되며, 먼저 크기가 n+1인 배열을 생성하고, 기본 사례로 0번째 인덱스에 0, 1번째 인덱스에 1을 할당한다. 이후 반복문을 통해 각 인덱스에 대해 이전 두 인덱스의 값을 더하여 피보나치 수열을 계산한다. 이 과정은 O(n)의 시간 복잡도를 가지며, 메모이제이션보다 더 빠른 성능을 제공한다.

- 탭루레이션은 반복적 접근법이다.
- 피보나치 수열을 통해 설명된다.
- 기본 사례를 설정한 후 반복문으로 계산한다.
- 시간 복잡도는 O(n)이다.
- 메모이제이션보다 성능이 우수하다.

[tags] DP, Tabulation
[lang] unknown",DP,,,6EjIsamFroM,"[""DP"", ""Tabulation""]"
java,https://www.youtube.com/watch?v=nqowUJzG-iM,"동적 프로그래밍(DP)은 고급 알고리즘 주제로, 특히 고소득 기업에서 자주 출제되는 문제입니다. DP는 기본적으로 재귀를 기반으로 하며, 중복된 계산을 피하기 위해 결과를 저장하는 방식으로 작동합니다. 문제를 해결하기 위해서는 먼저 해당 문제가 DP로 해결 가능한지 판단해야 하며, 이를 위해 DP의 기본 개념과 접근 방식을 이해하는 것이 중요합니다. DP는 일반적으로 '탑다운' 방식으로 구현되며, 이는 재귀 호출을 통해 작은 문제를 해결하고 그 결과를 저장하여 효율성을 높이는 방법입니다.

- DP는 재귀의 향상된 형태로, 중복 계산을 방지하기 위해 결과를 저장합니다.
- 문제를 DP로 해결할 수 있는지 판단하는 것이 중요합니다.
- DP의 구현은 일반적으로 탑다운 방식으로 진행됩니다.

[tags] Dynamic Programming, Recursion
[lang] unknown",DP,,,nqowUJzG-iM,"[""Dynamic Programming"", ""Recursion""]"
java,https://www.youtube.com/watch?v=1rRC0CQG5Ms,"주어진 문제는 여행 날짜와 각 날짜에 대한 1일, 7일, 30일 패스의 비용이 주어졌을 때, 모든 여행 날짜를 커버하는 최소 비용을 찾는 것입니다. 이 문제는 동적 프로그래밍을 사용하여 해결할 수 있으며, 재귀와 메모이제이션 기법을 활용합니다. 먼저, 여행 날짜 배열의 길이를 계산하고, dp 배열을 초기화하여 중간 결과를 저장합니다. 이후 재귀 함수를 호출하여 각 날짜에 대해 1일, 7일, 30일 패스를 구매했을 때의 비용을 계산하고, 이미 계산된 결과는 메모이제이션을 통해 재사용합니다.

이 알고리즘의 시간 복잡도는 O(n)이며, n은 여행 날짜의 수입니다. 각 날짜는 메모이제이션 덕분에 한 번만 처리되므로 효율적입니다. 공간 복잡도 또한 O(n)으로 dp 배열을 사용하여 중간 결과를 저장합니다.

- 재귀와 메모이제이션을 활용하여 중복 계산 방지
- 각 패스의 비용을 계산하고, 해당 패스가 커버하는 날짜를 건너뜀
- dp 배열을 사용하여 중간 결과 저장

[tags] DP, Recursion, Memoization
[lang] java",DP,,,1rRC0CQG5Ms,"[""DP"", ""Recursion"", ""Memoization""]"
java,https://www.youtube.com/watch?v=nEjvcsqqONs,"주어진 문제는 문자열 s를 주어진 단어 사전의 단어들로 나누되, 사전에 없는 문자(여분의 문자)를 최소화하는 것입니다. 이 문제는 동적 프로그래밍(DP)을 사용하여 해결할 수 있으며, DP 배열을 통해 각 인덱스까지의 최소 여분 문자를 기록합니다. 문자열 s의 길이와 사전의 길이는 최대 50으로 제한되어 있습니다. 

문제 해결 과정은 다음과 같습니다. 먼저 DP 배열을 초기화하고, 각 인덱스 i에 대해 여분의 문자를 계산합니다. 각 인덱스에서 가능한 모든 부분 문자열을 확인하고, 해당 부분 문자열이 사전에 존재하는지 체크하여 여분의 문자를 최소화합니다. 최종적으로 DP 배열의 마지막 요소가 최소 여분 문자의 수를 나타냅니다.

- 문자열 s와 사전의 길이는 최대 50.
- DP 배열을 사용하여 여분 문자를 최소화.
- 사전은 집합으로 변환하여 효율적인 조회 가능.
- 시간 복잡도는 O(n^2)로, n은 문자열 s의 길이.
- 최종 결과는 DP 배열의 마지막 요소에서 확인.

[tags] DP, 문자열, 동적 프로그래밍
[lang] python",DP,,,nEjvcsqqONs,"[""DP"", ""문자열"", ""동적 프로그래밍""]"
java,https://www.youtube.com/watch?v=mvEkXit9z80,"샌디야는 n개의 계단을 오르며 한 번에 1, 2, 또는 3단계를 점프할 수 있습니다. 이 문제는 동적 프로그래밍(DP)을 사용하여 샌디야가 계단을 오르는 방법의 수를 계산하는 것입니다. 기본 아이디어는 재귀적으로 각 단계에서 가능한 모든 점프 조합을 고려하고, 이미 계산된 값을 저장하여 중복 계산을 피하는 것입니다. DP 배열을 사용하여 각 단계에서의 방법 수를 저장하고, 이를 통해 효율적으로 문제를 해결합니다.

이 알고리즘의 복잡도는 O(n)이며, n은 계단의 수입니다. DP 배열을 초기화하고, 각 단계에서 가능한 점프를 고려하여 값을 업데이트합니다. 최종적으로 DP 배열의 마지막 요소가 샌디야가 계단을 오르는 총 방법 수를 나타냅니다.

- 샌디야는 1, 2, 3단계 점프 가능
- DP 배열을 사용하여 중복 계산 방지
- 기본 조건: n이 0일 때 1 반환
- 복잡도: O(n)

[tags] DP, Recursion
[lang] unknown",DP,,,mvEkXit9z80,"[""DP"", ""Recursion""]"
java,https://www.youtube.com/watch?v=MWV5I3W-0JU,"동적 프로그래밍(Dynamic Programming, DP)은 재귀(Recursion)와 함께 사용되어 문제를 최적화하는 기법이다. 재귀를 통해 문제를 작은 하위 문제로 나누고, 이 하위 문제의 결과를 저장하여 다시 사용할 수 있다. 이렇게 함으로써 동일한 하위 문제를 반복적으로 계산하는 비효율성을 피할 수 있다. 기본적으로 동적 프로그래밍은 재귀와 메모이제이션(Memoization)을 결합한 형태로, 하위 문제의 결과를 기억해 두어 필요할 때 재사용하는 방식이다.

예를 들어, 피보나치 수열을 계산할 때, 단순 재귀를 사용하면 중복 계산이 발생하여 비효율적이다. 반면, 동적 프로그래밍을 활용하면 이미 계산된 피보나치 수를 저장하고 재사용함으로써 성능을 크게 향상시킬 수 있다. 다음 강의에서는 피보나치 수열을 통해 재귀와 동적 프로그래밍의 차이를 더 깊이 있게 살펴볼 예정이다.

- 동적 프로그래밍은 재귀와 메모이제이션의 조합이다.
- 하위 문제의 결과를 저장하여 중복 계산을 피한다.
- 피보나치 수열은 동적 프로그래밍의 대표적인 예시이다.
- 성능 최적화를 위해 동적 프로그래밍을 활용할 수 있다.

[tags] Dynamic Programming, Recursion, Memoization
[lang] unknown",DP,,,MWV5I3W-0JU,"[""Dynamic Programming"", ""Recursion"", ""Memoization""]"
java,https://www.youtube.com/watch?v=tyB0ztf0DNY,"동적 프로그래밍(DP) 시리즈의 첫 강의에서는 DP의 기본 개념과 두 가지 주요 접근 방식인 메모이제이션과 테이블화(tabulation)에 대해 설명한다. 메모이제이션은 재귀적 접근을 통해 중복된 하위 문제의 결과를 저장하여 효율성을 높이는 방법이다. 반면, 테이블화는 바텀업 방식으로, 기본 사례부터 시작하여 필요한 결과를 차례로 계산해 나간다. 강의에서는 피보나치 수열을 예로 들어, 메모이제이션을 통해 중복 계산을 피하는 방법과, 테이블화를 통해 문제를 해결하는 과정을 보여준다.

강의의 핵심 포인트는 다음과 같다:
- DP는 중복된 하위 문제를 해결하는 데 유용하다.
- 메모이제이션은 재귀적 접근을 사용하고, 테이블화는 바텀업 접근을 사용한다.
- 공간 최적화를 통해 메모리 사용량을 줄일 수 있다.
- 시간 복잡도는 O(n), 공간 복잡도는 메모이제이션은 O(n), 테이블화는 O(1)로 최적화 가능하다.

[tags] Dynamic Programming, Memoization, Tabulation, Fibonacci
[lang] unknown",DP,,,tyB0ztf0DNY,"[""Dynamic Programming"", ""Memoization"", ""Tabulation"", ""Fibonacci""]"
java,https://www.youtube.com/watch?v=jzfgcxnA9v0,"피보나치 수열은 각 항이 이전 두 항의 합으로 정의되는 수열로, 기본적으로 f(n) = f(n-1) + f(n-2)라는 재귀적 공식을 사용하여 계산된다. 초기 조건으로 f(0) = 0, f(1) = 1이 주어지며, 이 공식을 통해 수열을 쉽게 구할 수 있다. 그러나 n이 커질 경우, 단순 재귀 방식은 O(2^n)의 시간 복잡도를 가지므로 비효율적이다. 

이를 개선하기 위해 메모이제이션 또는 테이블을 활용한 방법이 제안된다. 이 방법에서는 배열을 사용하여 이미 계산된 값을 저장하고, 반복문을 통해 n까지의 값을 효율적으로 계산한다. 이 경우 시간 복잡도는 O(n), 공간 복잡도도 O(n)으로 줄어든다. 따라서 인터뷰에서 피보나치 수열 문제를 다룰 때는 이러한 최적화 방법을 고려해야 한다.

- 피보나치 수열의 정의 및 기본 공식
- 재귀적 접근의 비효율성
- 메모이제이션을 통한 성능 개선
- 시간 및 공간 복잡도 분석

[tags] Fibonacci, Memoization, Dynamic Programming
[lang] unknown",DP,,,jzfgcxnA9v0,"[""Fibonacci"", ""Memoization"", ""Dynamic Programming""]"
java,https://www.youtube.com/watch?v=P8Xa2BitN3I,"메모이제이션과 동적 프로그래밍은 효율적인 알고리즘 설계에 필수적인 기법이다. 피보나치 수열을 예로 들면, 재귀적으로 계산할 경우 중복된 계산이 발생하여 시간 복잡도가 O(2^n)으로 비효율적이다. 메모이제이션을 통해 이미 계산된 값을 저장하고 재사용함으로써 시간 복잡도를 O(n)으로 줄일 수 있다. 또한, 공간 복잡도는 호출 스택과 메모 테이블을 고려할 때 O(n)으로 유지된다.

또한, n x n 그리드에서 특정 셀로의 경로 수를 계산하는 문제를 다룰 때도 재귀적 접근을 통해 문제를 분할할 수 있다. 이 경우에도 메모이제이션을 적용하여 중복 계산을 피하고, 최종적으로 O(n^2)의 시간 복잡도를 달성할 수 있다. 동적 프로그래밍 접근법을 사용하면 호출 스택을 사용하지 않고도 같은 시간 복잡도를 유지하면서 메모리 사용량을 줄일 수 있다.

- 메모이제이션을 통해 중복 계산 방지
- 피보나치 수열의 시간 복잡도 개선
- 그리드 경로 문제의 재귀적 접근
- 동적 프로그래밍의 반복적 접근법
- 공간 복잡도 O(n) 유지

[tags] memoization, dynamic programming
[lang] unknown",DP,,,P8Xa2BitN3I,"[""memoization"", ""dynamic programming""]"
java,https://www.youtube.com/watch?v=NqcCInnawik,"주어진 문제는 길이 n의 도로 양쪽에 건물을 배치하는 방법의 수를 구하는 것입니다. 이때 두 개의 건물이 연속해서 배치될 수 없다는 조건이 있습니다. 문제를 해결하기 위해, 먼저 한쪽 도로에 대한 배치 방법을 구한 후, 이를 제곱하여 양쪽 도로의 배치 방법을 계산합니다. 한쪽 도로의 경우, 이전 문제인 이진 문자열의 연속된 0을 허용하지 않는 문제와 유사한 방식으로 접근할 수 있습니다.

동적 프로그래밍을 사용하여, 각 상태에서 건물 또는 공간으로 끝나는 경우의 수를 계산합니다. 이때, 건물 뒤에는 반드시 공간이 와야 하며, 공간 뒤에는 건물이나 공간이 올 수 있습니다. 최종적으로, 한쪽 도로의 배치 방법을 구한 후 이를 제곱하여 두 쪽 도로의 배치 방법을 도출합니다. 시간 복잡도는 O(n)이며, 공간 복잡도는 O(1)입니다.

- 건물과 공간의 배치 규칙 이해
- 이전 문제와의 유사성 활용
- 동적 프로그래밍을 통한 상태 전이
- 최종 결과는 한쪽 배치 수의 제곱
- 시간 복잡도 O(n), 공간 복잡도 O(1)

[tags] DP, Dynamic Programming
[lang] unknown",DP,,,NqcCInnawik,"[""DP"", ""Dynamic Programming""]"
c,https://www.youtube.com/watch?v=9nrVlAGz6KA,"주어진 문제는 n개의 정수 중에서 특정 정수 v가 몇 번 나타나는지를 세는 것입니다. 입력으로는 정수의 개수 n, n개의 정수, 그리고 찾고자 하는 정수 v가 주어집니다. 이 문제를 해결하기 위해 인덱스를 활용한 배열을 사용하여 각 정수의 출현 횟수를 기록하는 방법을 제안합니다. 특히, 정수 v는 -100 이상 100 이하의 값을 가질 수 있으므로, 배열의 인덱스에 음수가 포함되지 않도록 100을 더해 인덱스를 조정합니다. 

이 방식은 정수의 범위가 제한적이기 때문에 효율적이며, O(n)의 시간 복잡도로 문제를 해결할 수 있습니다. 입력을 받은 후, 각 정수에 대해 해당 인덱스에 1을 더하는 방식으로 출현 횟수를 기록하고, 마지막으로 찾고자 하는 정수 v의 인덱스에 해당하는 값을 출력하면 됩니다.

- 입력: n, n개의 정수, 찾고자 하는 정수 v
- 배열 인덱스 조정: v + 100
- 시간 복잡도: O(n)
- 출력: v의 출현 횟수

[tags] 배열, 인덱스, 카운팅
[lang] java",DP,,,9nrVlAGz6KA,"[""배열"", ""인덱스"", ""카운팅""]"
c,https://www.youtube.com/watch?v=cnt5PG2kj9U,"반복문을 활용하여 배열의 요소를 처리하는 방법에 대해 설명하고 있다. 주어진 예시에서는 10개의 방을 설정하고, 각 방에 10, 20, 30과 같은 값을 저장한 후, 이 값들의 총합을 구하는 과정을 다룬다. 반복문을 통해 인덱스에 접근하여 배열의 각 요소를 더하는 방식으로 총합을 계산하며, 이 과정에서 반복문의 필요성과 유연성을 강조한다. 또한, 배열의 크기가 변할 경우에도 총합을 쉽게 구할 수 있도록 반복문을 활용하는 것이 중요하다고 언급한다.

- 반복문을 사용하여 배열의 요소에 접근하고 총합을 계산하는 방법.
- 배열의 크기가 변할 때도 유연하게 대응할 수 있는 코드 작성의 중요성.
- 총합을 구하는 과정에서 반복문을 적절히 활용하는 것이 핵심.

[tags] 반복문, 배열, 총합
[lang] unknown",DP,,,cnt5PG2kj9U,"[""반복문"", ""배열"", ""총합""]"
c,https://www.youtube.com/watch?v=-YVe42yg8Vw,"재귀 함수는 함수 내부에서 자기 자신을 호출하는 구조로, 문제를 해결하기 위해 부분 문제로 나누어 접근하는 방식이다. 재귀 함수를 잘 작성하기 위해서는 두 가지 요소, 즉 종료 조건과 재귀 호출을 명확히 설정해야 한다. 종료 조건은 재귀 호출을 멈추고 결과를 반환하는 기준이며, 재귀 호출은 문제를 더 작은 부분 문제로 나누어 해결하는 과정이다. 예를 들어, n까지의 합을 구하는 함수는 n이 1일 때 종료하고, 그 외에는 n과 n-1의 합을 재귀적으로 호출하여 계산한다.

재귀 함수의 작성 방법은 다음과 같다:
- 종료 조건을 명확히 설정한다.
- 문제를 부분 문제로 나누어 재귀 호출을 한다.
- 부분 문제의 결과를 이용해 전체 문제의 해답을 반환한다.

이러한 원리를 통해 팩토리얼, 피보나치 수열, 이항계수, 최대 공약수, 하노이의 탑 문제 등을 해결할 수 있다. 재귀 함수는 반복문보다 직관적이고 간결하게 문제를 해결할 수 있는 장점이 있다.

[tags] 재귀, 팩토리얼, 피보나치, 이항계수, 최대공약수
[lang] unknown",DP,,,-YVe42yg8Vw,"[""재귀"", ""팩토리얼"", ""피보나치"", ""이항계수"", ""최대공약수""]"
c,https://www.youtube.com/watch?v=DlVGIneDk1M,"주어진 문제는 세 변의 길이를 입력받아 삼각형의 성립 여부와 변의 길이에 따라 삼각형의 종류를 판별하는 것입니다. 삼각형이 성립하기 위해서는 가장 긴 변의 길이가 나머지 두 변의 길이의 합보다 작아야 하며, 이를 만족하지 않으면 ""Invalid""를 출력합니다. 변의 길이에 따라 세 변이 모두 같은 경우, 두 변이 같은 경우, 모두 다른 경우로 나누어 각각의 결과를 출력합니다. 입력은 세 개의 양의 정수로 이루어지며, ""000""이 입력되면 종료됩니다.

- 입력받은 세 변의 길이를 정수로 변환 후, 반복문을 통해 처리합니다.
- 세 변의 길이를 정렬하여 가장 긴 변을 쉽게 찾고, 삼각형의 조건을 확인합니다.
- 조건에 따라 출력할 내용을 결정하며, 모든 조건을 만족하지 않으면 ""Invalid""를 출력합니다.

[tags] 
[lang] python",DP,,,DlVGIneDk1M,[]
c,https://www.youtube.com/watch?v=WlBXc1yqp3I,"피보나치 수열은 각 항이 이전 두 항의 합으로 정의되는 수열로, 첫 두 항은 1입니다. 이 수열을 구하는 방법에는 세 가지가 있습니다: 재귀적 호출, 동적 계획법(메모이제이션 포함), 반복문을 통한 바텀업 방식입니다. 재귀적 호출은 간단하지만 중복 계산이 많아 비효율적이며, 큰 수를 계산할 때 성능 저하가 발생합니다. 동적 계획법은 중복 계산을 피하기 위해 이전 계산 결과를 저장하는 메모이제이션 기법을 사용하여 성능을 개선합니다. 반복문을 통한 바텀업 방식은 0부터 시작하여 위로 올라가며 계산하므로 효율적입니다.

- 피보나치 수열의 정의: F(n) = F(n-1) + F(n-2)
- 재귀적 호출은 중복 계산이 많아 비효율적
- 동적 계획법은 메모이제이션을 통해 성능 개선
- 반복문을 통한 바텀업 방식은 효율적
- 각 방식의 성능 차이를 이해하는 것이 중요

[tags] Fibonacci, Recursion, Dynamic Programming, Memoization, Iteration
[lang] unknown",DP,,,WlBXc1yqp3I,"[""Fibonacci"", ""Recursion"", ""Dynamic Programming"", ""Memoization"", ""Iteration""]"
c,https://www.youtube.com/watch?v=rMhN_MpAlsY,"버블 정렬은 인접한 두 요소를 비교하여 정렬하는 간단한 알고리즘으로, 모든 원소가 정렬될 때까지 반복합니다. 이 알고리즘은 구현이 쉽고 직관적이지만, 시간 복잡도가 O(N^2)로 비효율적이기 때문에 대규모 데이터셋에는 적합하지 않습니다. 버블 정렬은 선택 정렬 및 삽입 정렬과 함께 가장 기본적인 정렬 알고리즘 중 하나로, 이들 모두 O(N^2)의 시간 복잡도를 가집니다. 

버블 정렬의 핵심은 인접한 요소들만 비교하여 교환하는 방식으로, 각 회전마다 가장 큰 요소가 배열의 끝으로 이동합니다. 이를 통해 이미 정렬된 부분을 고려하여 불필요한 비교를 줄일 수 있습니다. 또한, 정렬이 완료되면 반복을 중단하는 최적화 기법을 사용할 수 있습니다.

- 버블 정렬은 인접한 요소를 비교하여 정렬
- 시간 복잡도는 O(N^2)
- 구현이 간단하고 직관적
- 대규모 데이터셋에는 비효율적
- 최적화 기법으로 정렬 완료 시 반복 중단 가능

[tags] Bubble Sort
[lang] python",DP,,,rMhN_MpAlsY,"[""Bubble Sort""]"
c,https://www.youtube.com/watch?v=9XM5HQiXKTA,"자료 구조는 데이터를 저장하는 방법으로, 프로그래머는 상황에 맞는 자료 구조를 선택해야 한다. 배열과 링크드 리스트가 주요 예시로, 배열은 고정된 크기로 데이터를 저장하지만, 링크드 리스트는 동적으로 데이터를 추가하거나 삭제할 수 있어 유연하다. 링크드 리스트는 노드로 구성되며, 각 노드는 다음 노드를 가리키는 포인터를 포함한다. 데이터 삽입이나 삭제 시 배열은 많은 연산이 필요하지만, 링크드 리스트는 노드의 연결만 변경하면 되므로 효율적이다.

동적 할당은 프로그램 실행 중에 메모리를 할당하는 방법으로, `new` 연산자를 사용하여 필요할 때 메모리를 할당하고, `delete`로 해제한다. 이 과정에서 메모리의 영역(스택, 힙 등)을 이해하는 것이 중요하다. 동적 할당을 통해 메모리를 효율적으로 관리할 수 있으며, 이를 통해 링크드 리스트와 같은 자료 구조를 구현할 수 있다.

- 자료 구조는 데이터를 저장하는 방법이다.
- 배열은 고정 크기, 링크드 리스트는 동적 크기이다.
- 링크드 리스트는 노드로 구성되며, 삽입/삭제가 용이하다.
- 동적 할당은 `new`와 `delete`를 사용하여 메모리를 관리한다.
- 메모리 영역(스택, 힙 등)의 이해가 중요하다.

[tags] 링크드 리스트, 동적 할당, 배열
[lang] unknown",DP,,,9XM5HQiXKTA,"[""링크드 리스트"", ""동적 할당"", ""배열""]"
c,https://www.youtube.com/watch?v=MHi5Z-Oq03s,"지뢰찾기 게임은 간단한 규칙과 다양한 풀이법으로 많은 사랑을 받는 게임으로, NP 완전 문제에 속합니다. 이 게임의 기본 규칙은 특정 칸 주변의 지뢰 개수를 숫자로 표시하고, 유저는 이를 바탕으로 지뢰가 없는 칸을 모두 클릭하여 게임을 완성하는 것입니다. NP 완전 문제는 결정 문제의 일종으로, 해결하기 어려운 문제를 포함하며, 검산 과정을 통해 접근할 수 있습니다.

지뢰찾기 알고리즘은 2차원 배열을 사용하여 지뢰밭을 구현하고, 랜덤하게 지뢰를 배치한 후 각 칸의 주변 지뢰 개수를 계산하여 표시합니다. 빈 칸을 클릭했을 때 주변 빈 칸을 연쇄적으로 여는 알고리즘은 재귀 호출로 구현됩니다. 코드에서는 메인 함수와 지뢰 배치, 주변 지뢰 개수 계산을 위한 여러 함수를 사용하며, 효율성을 높이기 위한 개선 방안도 고려할 수 있습니다.

- 지뢰찾기 게임의 규칙과 NP 완전 문제의 특성 이해
- 2차원 배열을 통한 지뢰밭 구현
- 랜덤 지뢰 배치 및 주변 지뢰 개수 계산
- 재귀 호출을 통한 빈 칸 연쇄 오픈
- 코드 효율성 개선 방안 모색

[tags] NP-complete, 2D Array, Randomization, Recursion
[lang] unknown",DP,,,MHi5Z-Oq03s,"[""NP-complete"", ""2D Array"", ""Randomization"", ""Recursion""]"
c,https://www.youtube.com/watch?v=HZ6FcY8i3Y0,"이 강의에서는 두 정수 변수의 값을 서로 바꾸는 스왑(swap) 방법과 다양한 정수형 타입의 최대값을 출력하는 프로그램을 작성하는 방법을 다룹니다. 스왑을 위해 임시 변수를 사용하여 두 변수의 값을 안전하게 교환하는 방법을 설명하며, 비트 연산자를 활용한 스왑 방법도 언급합니다. 또한, 부호 없는 정수형 타입인 unsigned char, unsigned short, unsigned int의 최대값을 비트로 표현하여 출력하는 방법을 설명합니다.

다음으로, 원의 반지름을 입력받아 원의 둘레와 넓이를 계산하는 프로그램을 작성하는 과정에서, 정밀도를 높이기 위해 double 타입을 사용하고, 입력과 출력 시 형식 지정자에 대한 주의사항을 설명합니다. 마지막으로, 정수형 변수와 부동소수점형 변수 간의 오차를 계산하는 프로그램을 통해 데이터 타입의 중요성을 강조합니다.

- 스왑을 위한 임시 변수 사용
- unsigned 타입의 최대값 계산
- double 타입을 통한 정밀한 계산
- 입력과 출력 시 형식 지정자 주의
- 정수형과 부동소수점형 변수의 오차 확인

[tags] swap, unsigned int, double, precision, data type  
[lang] unknown",DP,,,HZ6FcY8i3Y0,"[""swap"", ""unsigned int"", ""double"", ""precision"", ""data type""]"
c,https://www.youtube.com/watch?v=max-3Uw_DNs,"기계어는 컴퓨터가 이해할 수 있는 언어로, 스위치의 상태를 통해 명령을 표현합니다. 예를 들어, 장난감 자동차의 스위치가 on/off 상태에 따라 좌회전, 우회전, 직진 등의 동작을 결정합니다. 그러나 기계어로 프로그래밍할 경우, 하드웨어가 변경되면 명령어도 달라져야 하므로 유지보수가 어렵고, 이해하기 힘든 단점이 있습니다. 이를 해결하기 위해 프로그래밍 언어가 개발되었고, C 언어와 같은 언어로 작성된 코드는 컴파일 과정을 통해 기계어로 변환됩니다. 이 과정에서 생성된 개체 파일은 운영체제에 맞게 링크 과정을 거쳐 실행 파일로 만들어집니다.

- 기계어는 스위치 상태로 명령을 표현
- 하드웨어 변경 시 명령어 수정 필요
- 프로그래밍 언어로 유지보수 용이
- C 언어는 컴파일 후 개체 파일 생성
- 링크 과정을 통해 실행 파일 완성

[tags] 기계어, 컴파일, 링크, 프로그래밍 언어
[lang] unknown",DP,,,max-3Uw_DNs,"[""기계어"", ""컴파일"", ""링크"", ""프로그래밍 언어""]"
c,https://www.youtube.com/watch?v=3rx0rimMFN8,"C 언어는 프로그래밍 교육에 적합하며, 포인터와 같은 기초 개념을 이해하는 데 도움을 줍니다. 또한, C는 범용성과 이식성이 뛰어나 다양한 시스템에서 사용되며, 속도가 중요한 환경에서 여전히 유용합니다. 그러나 C의 주요 단점은 안전하지 못한 메모리 관리와 번거로운 프로젝트 관리입니다. 이러한 문제를 해결하기 위해 Rust가 등장했으며, Rust는 메모리 안정성을 보장하고, 최신 언어 이론을 반영하여 개발자에게 더 나은 경험을 제공합니다. Rust는 C의 속도를 유지하면서도 안전성을 제공하며, 통합된 개발 도구를 통해 프로젝트 관리를 용이하게 합니다.

- C는 프로그래밍 교육에 유용하지만 메모리 관리가 안전하지 않음.
- Rust는 메모리 안정성을 보장하며, 최신 언어 이론을 반영.
- Rust는 C보다 안전하고, 통합된 개발 도구를 제공.
- C와 Rust의 차이점은 버그 관리 방식에 있음.
- Rust의 학습 자료가 잘 정리되어 있어 초보자에게 추천됨.

[tags] C, Rust
[lang] unknown",DP,,,3rx0rimMFN8,"[""C"", ""Rust""]"
c,https://www.youtube.com/watch?v=mh09uZDQw4A,"스킵 리스트는 정렬된 연결 리스트의 검색, 삽입, 삭제 연산을 평균적으로 O(log N) 시간에 수행할 수 있는 자료 구조입니다. 기본적으로 연결 리스트는 O(N) 시간이 소요되지만, 스킵 리스트는 노드에 추가적인 링크를 통해 검색 속도를 향상시킵니다. 이 링크는 랜덤화된 방식으로 생성되어, 각 노드가 특정 확률로 다음 노드를 건너뛰도록 설계됩니다. 이를 통해 검색 시 레벨을 다운시키며 효율적으로 탐색할 수 있습니다.

스킵 리스트의 구현은 다소 복잡하지만, 검색, 삽입, 삭제 연산 모두 O(N) 시간 복잡도를 유지합니다. 최악의 경우 모든 노드가 같은 레벨을 가지게 되면 성능이 저하될 수 있지만, 확률적으로 이러한 상황은 드물게 발생합니다. 따라서 스킵 리스트는 랜덤화 알고리즘을 활용하여 효율적인 데이터 구조를 제공합니다.

- 스킵 리스트는 O(log N) 검색 속도를 제공.
- 삽입 및 삭제는 O(N) 시간이 소요됨.
- 링크는 랜덤화된 방식으로 생성됨.
- 최악의 경우 성능 저하 가능성 존재.
- 구현이 복잡할 수 있음.

[tags] [""Skip List"", ""Randomized Algorithm""]
[lang] unknown",DP,,,mh09uZDQw4A,"[""[\""Skip List\"""", ""\""Randomized Algorithm\""]""]"
c,https://www.youtube.com/watch?v=sPxgOPENGiM,"주어진 문제는 배열 D의 요소를 기반으로 짝수와 홀수를 판별하여 특정 값을 누적하는 함수 Fn을 구현하는 것입니다. 배열 D는 1부터 5까지의 정수로 구성되어 있으며, 함수는 각 요소를 순회하면서 짝수일 경우 해당 값을 C에 누적하고, 홀수일 경우 1을 C에 누적합니다. 최종적으로 C의 값이 9가 되어 함수의 결과로 반환됩니다. 이 과정에서 포인터와 배열의 주소 개념을 이해하는 것이 중요하며, 디버깅 표를 작성하여 각 단계의 변화를 추적하는 것이 문제 해결에 도움이 됩니다.

- 배열 D의 요소를 순회하며 짝수와 홀수를 판별
- 짝수는 해당 값을 C에 누적, 홀수는 1을 C에 누적
- 포인터 개념을 이해하고, 배열의 주소가 함수에 전달됨
- 디버깅 표를 통해 각 단계의 변화를 기록하는 것이 유용

[tags] 
[lang] unknown",DP,,,sPxgOPENGiM,[]
c,https://www.youtube.com/watch?v=zcYD-1Z6PGA,"C 언어 강의에서는 기본적인 개념과 환경 설정을 다루며, 코딩에 대한 두려움을 줄이고 쉽게 접근할 수 있도록 돕고자 한다. 강의는 비주얼 스튜디오 설치부터 시작하여, 프로젝트 생성, 소스 파일 작성, 컴파일 및 디버깅 과정까지 설명한다. 특히, C 언어의 기본 구조인 메인 함수와 전처리기, 표준 입출력 함수에 대한 이해를 강조하며, 코딩 시 발생할 수 있는 오류를 해결하는 방법도 다룬다.

- C 언어의 기본적인 구조와 문법을 이해하는 것이 중요하다.
- 비주얼 스튜디오 설치 및 프로젝트 설정 시 주의할 점이 있다.
- 컴파일러와 링커의 역할을 이해하고, 소스 파일을 기계어로 변환하는 과정을 알아야 한다.
- 오류 발생 시 디버깅을 통해 문제를 해결하는 훈련이 필요하다.
- 코딩은 반복적인 연습을 통해 실력을 향상시킬 수 있다.

[tags] 
[lang] unknown",DP,,,zcYD-1Z6PGA,[]
c,https://www.youtube.com/watch?v=OSRD1bs9Om8,"주어진 문제는 정수 X를 1로 만들기 위한 최소 연산 횟수를 구하는 다이나믹 프로그래밍(DP) 문제이다. 사용할 수 있는 연산은 X를 3으로 나누기, 2로 나누기, 1을 빼기 세 가지이며, 이 연산들을 적절히 조합하여 최소 횟수를 찾아야 한다. DP를 활용하여 1부터 N까지의 값을 배열에 저장하고, 각 값에 대해 가능한 연산을 적용하여 최소 연산 횟수를 계산한다. 이 과정에서 이전에 계산한 값을 재사용하여 효율성을 높인다.

알고리즘의 핵심은 점화식을 통해 각 숫자에 대해 최소 연산 횟수를 구하는 것이며, 이를 위해 배열을 사용하여 인덱스와 값을 매칭시킨다. 최종적으로 N에 대한 최소 연산 횟수를 출력한다. 이 알고리즘은 O(N) 시간 복잡도를 가지며, 메모리 사용량은 O(N)이다.

- DP를 통해 이전 계산 결과를 재사용
- 1부터 N까지의 값을 배열에 저장
- 각 연산의 결과를 비교하여 최소값 선택
- 시간 복잡도: O(N), 공간 복잡도: O(N)

[tags] DP
[lang] unknown",DP,,,OSRD1bs9Om8,"[""DP""]"
c,https://www.youtube.com/watch?v=WAH3NKEN1eA,"소프트웨어 개발에서 자주 듣는 조언들은 이론적으로는 유용해 보이지만, 실제로는 비현실적이거나 문제를 일으킬 수 있다. 예를 들어, 미래를 위한 설계는 불필요한 복잡성을 초래할 수 있으며, 현재 문제 해결에 집중하는 것이 더 효과적이다. 또한, 코드를 소설처럼 읽기 쉽게 구조화하라는 조언은 현실적이지 않으며, 바텀업 접근 방식이 더 유용하다. 객체 지향 프로그래밍(OOP)의 지나친 찬양도 하위 클래스 지옥을 초래할 수 있어 주의가 필요하다.

또한, 한 언어에만 집중하기보다는 시스템 아키텍처와 알고리즘 같은 기본 개념을 이해하는 것이 중요하다. 성능 최적화에 집착하기보다는 실질적인 문제 해결에 초점을 맞추어야 하며, 코드의 간결성과 유지 보수 가능성을 중시해야 한다. 이러한 원칙을 바탕으로 효율적이고 실용적인 코드를 작성할 수 있다.

- 미래 설계보다는 현재 문제 해결에 집중
- 바텀업 접근 방식이 효과적
- OOP의 지나친 찬양 주의
- 기본 개념 이해가 중요
- 성능 최적화보다 실질적 문제 해결 우선

[tags] 
[lang] unknown",DP,,,WAH3NKEN1eA,[]
c,https://www.youtube.com/watch?v=2RwlzBDhGh4,"다이나믹 프로그래밍(DP)은 특정 문제를 해결하는 알고리즘이 아니라, 문제를 해결하기 위한 접근 방식이다. DP의 핵심은 재귀적 사고와 불필요한 계산을 줄이는 것이다. 예를 들어, 피보나치 수열을 구할 때, 재귀적으로 작은 문제를 해결하여 큰 문제를 해결하는 방식으로 접근할 수 있다. 그러나 단순한 재귀 구현은 중복 계산이 발생하여 비효율적이다. 이를 해결하기 위해 메모이제이션 기법을 사용하여 이미 계산된 값을 저장하고 재사용함으로써 효율성을 높일 수 있다.

또한, DP는 바닥부터 계산하는 방식으로도 구현할 수 있다. 예를 들어, 삼각형 형태의 숫자에서 최대 합을 구할 때, 각 위치에서 가능한 두 가지 경로를 고려하여 최적의 값을 선택하는 방식으로 문제를 해결할 수 있다. 이러한 접근 방식은 중복 계산을 피하고 효율적인 결과를 도출하는 데 도움을 준다.

- 다이나믹 프로그래밍은 문제 해결 접근 방식
- 재귀적 사고와 메모이제이션 활용
- 중복 계산 방지로 효율성 증가
- 바닥부터 계산하는 방법도 가능
- 다양한 문제에 적용 가능

[tags] Dynamic Programming, Memoization, Recursion
[lang] unknown",DP,,,2RwlzBDhGh4,"[""Dynamic Programming"", ""Memoization"", ""Recursion""]"
c,https://www.youtube.com/watch?v=DNMfQIrAcw8,"C 표준 라이브러리의 다양한 함수 사용법에 대해 설명하며, 특히 CL과 FLR 함수의 반환값과 사용법을 다룬다. CL 함수는 주어진 실수보다 작거나 같은 정수를 반환하고, FLR 함수는 주어진 실수보다 크거나 같은 정수를 반환한다. 랜덤 수 생성에 대한 설명도 포함되어 있으며, srand와 rand 함수를 사용하여 1부터 6까지의 랜덤 수를 생성하는 방법을 소개한다. 이때, srand를 사용하여 시드를 설정하지 않으면 매번 같은 랜덤 수가 생성되므로 주의가 필요하다.

또한, 하노이탑 문제를 통해 재귀 호출의 중요성을 강조하며, 재귀적 방법과 비재귀적 방법의 차이를 설명한다. 이 과정에서 함수의 선언, 정의, 호출에 대한 기본 개념도 다루어진다. 전체적으로 C 프로그래밍의 기초와 표준 라이브러리 함수의 활용을 통해 프로그래밍 능력을 향상시키는 데 중점을 두고 있다.

- C 표준 라이브러리 함수 사용법
- 랜덤 수 생성 및 시드 설정
- 하노이탑 문제와 재귀 호출
- 함수의 선언, 정의, 호출 개념

[tags] 
[""C Standard Library"", ""Random Number Generation"", ""Recursion"", ""Functions"", ""Hanoi Tower""]
[lang] unknown",DP,,,DNMfQIrAcw8,[]
c,https://www.youtube.com/watch?v=9SDSH0IQ08I,"게임에서 점프 기능을 구현하기 위해, 플레이어가 스페이스바를 눌렀을 때 점프 상태로 전환되고, 최대 3칸까지 올라갈 수 있도록 설정한다. 점프 중에는 벽이 있는지 확인하여, 벽이 있을 경우 점프를 멈추고 다시 내려오도록 한다. 점프의 높이를 카운트하여, 최대 높이에 도달하면 방향을 바꾸고, 바닥에 벽이 없을 경우에는 자유롭게 내려갈 수 있도록 한다. 이 과정에서 맵 정보를 업데이트하고, 플레이어의 시작 위치를 설정하여 게임이 원활하게 진행될 수 있도록 한다.

- 점프는 스페이스바 입력에 따라 시작된다.
- 점프 높이는 최대 3칸으로 제한된다.
- 벽이 있을 경우 점프를 멈추고 내려온다.
- 맵 정보는 플레이어의 위치에 따라 업데이트된다.
- 각 스테이지의 시작 및 종료 위치를 설정한다.

[tags] 
[lang] unknown",DP,,,9SDSH0IQ08I,[]
c,https://www.youtube.com/watch?v=LpMpFHcMwvQ,"피보나치 수열은 첫 번째와 두 번째 항이 1로 시작하며, 이후 항은 이전 두 항의 합으로 정의됩니다. 이를 재귀 함수를 통해 구현할 수 있으며, n항의 값은 f(n) = f(n-1) + f(n-2)로 표현됩니다. 그러나 이 방식은 중복 계산이 많아 비효율적이며, 시간 복잡도는 O(2^n)으로 매우 높습니다. 예를 들어, n이 100만일 경우 계산이 거의 불가능할 정도로 비효율적입니다.

재귀 호출 과정은 피라미드 형태로 이루어지며, 각 호출이 메모리에 쌓입니다. 이러한 비효율성을 해결하기 위해 동적 프로그래밍 기법을 사용할 수 있습니다. 동적 프로그래밍은 문제를 작은 하위 문제로 나누고, 이전에 계산된 값을 저장하여 중복 계산을 피하는 방법입니다. 다음 시간에는 이 기법을 적용하여 피보나치 수열을 효율적으로 계산하는 방법을 다룰 예정입니다.

- 피보나치 수열 정의
- 재귀 호출의 비효율성
- 시간 복잡도 O(2^n)
- 동적 프로그래밍 소개
- 중복 계산 방지 방법

[tags] 
[lang] unknown",DP,,,LpMpFHcMwvQ,[]
c,https://www.youtube.com/watch?v=C995oY8JGzs,"이중 포인터는 포인터 변수가 다른 포인터의 주소를 저장하는 구조로, 메모리에서 주소를 관리하는 데 유용하다. 기본적으로 포인터는 변수의 주소를 저장하며, 이중 포인터는 포인터의 주소를 저장하기 위해 선언된다. 예를 들어, 변수 a의 주소를 저장하는 포인터 p가 있을 때, p의 주소를 저장하는 포인터 p2는 더블 포인터로 선언해야 한다. 이때, 포인터의 개수는 저장하려는 변수의 개수보다 하나 더 많아야 한다는 규칙이 있다.

포인터를 역참조할 때는 별표(*)의 개수에 따라 역참조 횟수가 결정된다. 별 하나짜리 포인터는 한 번, 두 개짜리 포인터는 두 번, 세 개짜리 포인터는 세 번 역참조할 수 있다. 이중 포인터를 사용할 때는 코드가 복잡해질 수 있으므로, 적절한 관리가 필요하다.

- 포인터는 변수의 주소를 저장한다.
- 이중 포인터는 포인터의 주소를 저장하기 위해 필요하다.
- 포인터의 별표 개수는 역참조 횟수를 결정한다.
- 포인터가 많아질수록 코드가 복잡해질 수 있다.

[tags] 
[lang] unknown",DP,,,C995oY8JGzs,[]
c,https://www.youtube.com/watch?v=yXlrFrax8oQ,"주어진 문제는 두 변수 A와 B를 사용하여 반복적으로 값을 누적하고 계산하는 과정입니다. 반복문은 0부터 4까지 총 5회 실행되며, 각 반복에서 A는 B를 누적하고, B는 A에서 B를 빼는 방식으로 업데이트됩니다. 이 과정을 통해 A와 B의 최종 값이 결정되며, 최종적으로 A와 B의 값을 출력하는 것이 목표입니다. 

이 알고리즘의 핵심은 반복문을 통해 A와 B의 값을 지속적으로 업데이트하는 것이며, 각 단계에서의 계산 결과를 정확히 추적하는 것이 중요합니다. 최종 출력은 A와 B의 값을 연결하여 하나의 숫자로 표현해야 합니다.

- A와 B의 초기값은 1이다.
- 반복문은 5회 실행된다.
- A는 B를 누적하고, B는 A에서 B를 빼는 방식으로 업데이트된다.
- 최종 출력은 A와 B의 값을 연결하여 나타낸다.

[tags] 
[lang] unknown",DP,,,yXlrFrax8oQ,[]
c,https://www.youtube.com/watch?v=NQY09vFWjJo,"예약어(키워드)는 프로그래밍 언어에서 특별한 의미를 가지며, 미리 정의된 단어들로 구성되어 있습니다. 각 프로그래밍 언어의 컴파일러에 의해 결정되며, 변수 선언이나 함수 정의 등에서 사용됩니다. 예를 들어, C, C++, C#, Java 등에서 사용되는 예약어는 유사한 형태를 가지고 있습니다. 프로그래밍을 배우는 과정에서 이러한 예약어의 의미를 이해하고, 잘못된 사용으로 인한 컴파일러 에러를 피하는 것이 중요합니다.

리터럴은 프로그래밍에서 사용되는 값이나 상수를 의미하며, 숫자, 문자열, 문자 등을 포함합니다. 리터럴은 특정한 형식으로 표현되며, 예를 들어 문자열은 큰 따옴표로, 문자는 작은 따옴표로 묶어 사용합니다. 모든 문자열 뒤에는 종결문자(backslash 0)가 포함되어 있어, 이를 통해 문자열의 끝을 나타냅니다. 키워드와 리터럴은 프로그래밍 문법을 구성하는 기본 요소로, 이들을 통해 다양한 프로그래밍 작업을 수행할 수 있습니다.

- 예약어는 프로그래밍 언어의 미리 정의된 단어.
- 리터럴은 숫자, 문자열, 문자를 포함하는 값.
- 문자열은 큰 따옴표, 문자는 작은 따옴표로 묶어 사용.
- 모든 문자열 뒤에는 종결문자(backslash 0)가 포함됨.
- 키워드와 리터럴은 프로그래밍 문법의 기본 요소.

[tags] 
[lang] unknown",DP,,,NQY09vFWjJo,[]
c,https://www.youtube.com/watch?v=y85o6V40S-k,"소스 파일을 프로젝트에 추가하는 방법에 대해 설명합니다. 솔루션 탐색기에서 소스 파일을 선택한 후, 마우스 오른쪽 버튼을 클릭하여 팝업 메뉴를 열고 '추가'와 '새 항목'을 선택합니다. 파일 추가 창에서 C 언어 소스 파일인 hello.c를 선택하고 추가 버튼을 클릭하면 프로젝트에 파일이 추가됩니다. 파일의 확장자에 따라 컴파일러가 결정되며, .c 확장자는 C 언어 컴파일러로, .cpp 확장자는 C++ 컴파일러로 컴파일됩니다. 따라서 소스 파일을 추가할 때는 반드시 .c 확장자를 사용해야 합니다.

- 소스 파일 추가 방법: 솔루션 탐색기에서 추가
- 파일 확장자에 따라 컴파일러 결정
- C 언어 파일은 .c 확장자 사용 필수

[tags] 
[lang] unknown",DP,,,y85o6V40S-k,[]
c,https://www.youtube.com/watch?v=T4WUpYsCqSU,"피보나치 수열을 동적 계획법(DP)을 이용해 효율적으로 계산하는 방법에 대해 설명한다. 피보나치 수열은 첫 번째와 두 번째 항이 1로 시작하며, 이후 항은 이전 두 항의 합으로 정의된다. 재귀적으로 계산할 경우 중복된 계산이 발생하여 비효율적이므로, DP를 통해 이미 계산된 값을 저장하고 재사용하는 메모이제이션 기법을 사용한다. 이를 통해 중복 계산을 피하고 시간 복잡도를 O(n)으로 줄일 수 있다.

동적 계획법은 큰 문제를 작은 문제로 나누어 해결하는 방식으로, 중복 계산이 발생할 경우 메모이제이션을 통해 저장된 값을 활용한다. 반면, 분할 정복 알고리즘은 중복 계산이 없을 때 사용된다. DP는 탑다운 방식과 바텀업 방식으로 구현할 수 있으며, 바텀업 방식은 반복문을 통해 작은 문제부터 해결해 나가는 방식으로 더 효율적이다.

- 피보나치 수열의 정의
- 동적 계획법(DP)과 메모이제이션
- 탑다운 vs 바텀업 방식
- 시간 복잡도 O(n)

[tags] DP, 메모이제이션, 피보나치 수열
[lang] unknown",DP,,,T4WUpYsCqSU,"[""DP"", ""메모이제이션"", ""피보나치 수열""]"
c,https://www.youtube.com/watch?v=mREY1NFBVvw,"다이나믹 프로그래밍(DP)은 큰 문제를 작은 문제로 나누고, 그 결과를 저장하여 중복 계산을 피하는 효율적인 문제 해결 기법입니다. 예를 들어, 피보나치 수열을 단순 재귀로 계산할 경우 동일한 계산이 여러 번 반복되지만, DP를 사용하면 한 번 계산한 값을 저장해 두고 필요할 때마다 꺼내 쓸 수 있어 속도가 크게 향상됩니다. DP의 핵심은 중복 계산을 줄이고, 이미 계산한 값을 재활용하는 것입니다. 이를 통해 복잡한 문제를 보다 효율적으로 해결할 수 있습니다.

- 큰 문제를 작은 문제로 나누기
- 중복 계산을 피하고 결과 저장
- 속도 향상 및 효율적인 문제 해결

[tags] DP
[lang] unknown",DP,,,mREY1NFBVvw,"[""DP""]"
c,https://www.youtube.com/watch?v=c0xwsNUPaGs,"메모이제이션은 순수 함수의 특성을 활용한 최적화 기법으로, 같은 입력에 대해 항상 같은 출력을 반환하는 순수 함수만을 캐싱할 수 있습니다. 이 기법은 고차 함수인 메모이즈를 통해 구현되며, 원본 함수는 같은 인자에 대해 한 번만 호출되고, 이후 호출에서는 캐시된 값을 반환합니다. 이를 통해 계산 시간을 크게 단축할 수 있습니다. 예를 들어, 느린 팩토리얼 함수를 메모이즈로 감싸면 첫 번째 호출은 시간이 걸리지만, 이후 호출에서는 즉시 결과를 가져올 수 있습니다. 메모이제이션은 공간과 시간의 트레이드 오프를 보여주며, 동적 프로그래밍과 같은 다양한 분야에서 활용됩니다.

- 메모이제이션은 순수 함수에서만 작동
- 캐시는 같은 인자에 대해 한 번만 계산
- 시간 절약을 위해 메모리 사용 증가
- 동적 프로그래밍 등 다양한 분야에 적용 가능

[tags] Memoization, Pure Function, Caching, Dynamic Programming
[lang] unknown",DP,,,c0xwsNUPaGs,"[""Memoization"", ""Pure Function"", ""Caching"", ""Dynamic Programming""]"
c,https://www.youtube.com/watch?v=KciDHojdxcE,"LRU 캐시는 최근에 사용된 데이터를 기억하여, 동일한 입력에 대해 이전에 계산한 결과를 재사용함으로써 성능을 향상시키는 기법입니다. 이 캐시는 파이썬의 FuncTools 라이브러리에서 제공되며, 함수의 실행 시간을 단축시키는 데 유용합니다. 예를 들어, Think 함수에 LRU 캐시를 적용하면, 동일한 입력에 대해 이전에 계산한 결과를 즉시 반환하여 불필요한 계산을 피할 수 있습니다. 메모이제이션이라는 개념과 유사하게, 이미 계산된 결과를 저장하여 재사용하는 방식으로, 특히 다이나믹 프로그래밍 문제 해결에 효과적입니다.

LRU 캐시는 딕셔너리를 사용하여 구현할 수도 있으며, 캐시가 존재할 경우 이전 결과를 빠르게 반환하는 방식으로 동작합니다. 이와 같은 캐시 메모리는 CPU의 레지스터와 RAM 사이의 임시 메모리 개념에서 유래되었으며, 함수의 결과를 임시로 저장하는 역할을 합니다.

- LRU 캐시는 동일한 입력에 대해 이전 결과를 재사용하여 성능 향상.
- 메모이제이션과 유사한 방식으로, 다이나믹 프로그래밍에 유용.
- 딕셔너리를 사용하여 캐시를 구현할 수 있음.
- 캐시 메모리는 CPU 구조에서 유래된 개념.

[tags] LRU Cache, Memoization, Dynamic Programming
[lang] python",DP,,,KciDHojdxcE,"[""LRU Cache"", ""Memoization"", ""Dynamic Programming""]"
c,https://www.youtube.com/watch?v=cYYoXDpUVlw,"실수 자료형에서 오버플로우와 언더플로우의 개념을 설명합니다. 실수의 최소값보다 작아지면 언더플로우가 발생하여 0 또는 쓰레기값으로 처리되며, 최대값을 초과하면 오버플로우가 발생하여 무한대(INF)가 됩니다. 음수의 경우에도 비슷한 원리가 적용되며, 정수는 오버플로우 시 최소값으로, 언더플로우 시 최대값으로 돌아갑니다. 그러나 실수는 오버플로우나 언더플로우가 발생해도 원래 값으로 돌아가지 않습니다. 

컴퓨터는 정수와 실수를 이진수로 구분하여 처리하며, 실수는 부동소수점 방식으로 근사값으로 표현되기 때문에 정확한 실수를 표현할 수 없습니다. 따라서 데이터의 유형이 정수인지 실수인지를 구분하는 것이 중요합니다.

- 실수의 최소값과 최대값을 이해하자.
- 오버플로우는 무한대로, 언더플로우는 0으로 처리된다.
- 정수와 실수의 처리 방식 차이를 인지하자.
- 부동소수점 방식의 한계를 이해하자.

[tags] 
[lang] unknown",DP,,,cYYoXDpUVlw,[]
c,https://www.youtube.com/watch?v=w8mGZNEMdn8,"동적 프로그래밍(Dynamic Programming, DP)은 알고리즘 문제 해결에서 중요한 기법으로, 특히 최적화 문제에 자주 사용된다. 이 강의에서는 비슷한 문제를 해결하기 위해 DP를 활용하는 방법을 설명한다. 주어진 정수 배열에서 인접하지 않은 요소의 최대 합을 찾는 문제를 통해 DP의 원리를 소개하며, 먼저 재귀적 접근을 통해 문제를 정의하고, 이를 바탕으로 DP 테이블을 구축하여 중복 계산을 피하는 방법을 설명한다. 

DP의 핵심은 중복되는 하위 문제를 메모이제이션(memoization) 또는 바텀업(bottom-up) 방식으로 해결하여 시간 복잡도를 줄이는 것이다. 이 과정에서 각 하위 문제의 결과를 저장하고, 이를 활용하여 최종 결과를 도출하는 방식으로, 시간 복잡도를 지수에서 선형으로 개선할 수 있다. 

- 동적 프로그래밍의 정의와 중요성
- 문제를 재귀적으로 정의하는 방법
- DP 테이블을 통한 중복 계산 방지
- 시간 복잡도 개선의 원리

[tags] Dynamic Programming, Recursion, Memoization, Bottom-Up
[lang] unknown",DP,,,w8mGZNEMdn8,"[""Dynamic Programming"", ""Recursion"", ""Memoization"", ""Bottom-Up""]"
c,https://www.youtube.com/watch?v=pJ40_FmXAfo,"주어진 문제는 장애물이 있는 격자에서 시작점(좌상단)에서 끝점(우하단)까지의 유일한 경로의 수를 찾는 것입니다. 이 문제는 동적 프로그래밍을 통해 해결할 수 있으며, 오른쪽이나 아래로만 이동할 수 있습니다. 장애물이 있는 셀은 경로 수를 0으로 설정하고, 각 셀에 도달하는 경로 수는 위쪽 셀과 왼쪽 셀의 경로 수의 합으로 계산됩니다. 

해결 과정에서는 두 개의 1차원 배열을 사용하여 메모리 사용을 최적화하고, 각 셀의 경로 수를 누적하여 마지막 셀에서 최종 경로 수를 반환합니다. 이 방법은 시간과 공간 효율성을 높이며, 중복 계산을 피하는 장점이 있습니다. 

- 장애물 셀은 경로 수를 0으로 설정
- 두 개의 1차원 배열을 사용하여 메모리 최적화
- 각 셀의 경로 수는 위와 왼쪽 셀의 경로 수의 합
- 최종 결과는 마지막 셀에서 확인
- 동적 프로그래밍의 효율성과 단순성 강조

[tags] Dynamic Programming, Grid, Pathfinding
[lang] python",DP,,,pJ40_FmXAfo,"[""Dynamic Programming"", ""Grid"", ""Pathfinding""]"
c,https://www.youtube.com/watch?v=Hdr64lKQ3e4,"동적 프로그래밍(DP)은 완전 탐색의 정확성과 탐욕 알고리즘의 효율성을 결합한 강력한 설계 기법이다. DP는 최적의 해를 찾거나 문제의 총 해의 수를 세는 데 주로 사용된다. 이 기법은 리처드 벨만에 의해 1950년대에 개발되었으며, 문제를 하위 문제로 나누고 이를 해결하는 방식으로 작동한다. 예를 들어, 피보나치 수열을 계산할 때, 단순 재귀적 접근은 비효율적이지만 메모이제이션을 통해 중복 계산을 피하고 성능을 크게 향상시킬 수 있다. 

DP 문제를 해결할 때는 하위 문제를 정의하고, 기저 사례를 설정한 후, 재귀 공식을 도출하는 것이 중요하다. 또한, 하위 문제의 의존성을 고려하여 해결 순서를 정하는 것이 필요하다. DP는 메모이제이션 외에도 바텀업 방식으로도 구현할 수 있으며, 이 방법은 메모리 사용을 줄이고 성능을 개선할 수 있다.

- 동적 프로그래밍의 핵심은 하위 문제를 정의하고 이를 재사용하는 것.
- 메모이제이션을 통해 중복 계산을 피할 수 있음.
- 바텀업 접근법은 메모리 사용을 줄이고 성능을 개선할 수 있음.
- 하위 문제의 의존성을 고려하여 해결 순서를 정하는 것이 중요함.

[tags] Dynamic Programming, Memoization, Bottom-Up, Recursion
[lang] unknown",DP,,,Hdr64lKQ3e4,"[""Dynamic Programming"", ""Memoization"", ""Bottom-Up"", ""Recursion""]"
c,https://www.youtube.com/watch?v=OERzGIg9vF8,"동적 프로그래밍은 다단계 결정 과정의 최적화를 다루는 수학적 기법으로, 리처드 벨만에 의해 1950년대에 제안되었습니다. 이 기법은 문제를 여러 개의 하위 문제로 나누어 각 하위 문제를 해결한 후, 이를 통해 전체 문제의 최적 값을 구하는 방식입니다. 예를 들어, 월도(Waldo)가 A에서 F로 가는 최단 경로를 찾는 문제를 통해 동적 프로그래밍의 두 가지 접근 방식인 후방 재귀와 전방 재귀를 설명합니다. 후방 재귀에서는 최종 노드에서 시작하여 각 노드의 최소 거리를 계산해 나갑니다.

동적 프로그래밍의 핵심 개념 중 하나는 최적성의 원리로, 최적의 결정 시퀀스에서 각 하위 시퀀스도 최적이어야 한다는 것입니다. 이 기법은 결정론적 문제(예: 최단 경로 문제, 배낭 문제)와 확률론적 문제(예: 재고 문제) 모두에 적용될 수 있습니다. 동적 프로그래밍을 통해 더 나은 해결책을 찾을 수 있으며, 예를 들어 월도의 경우, 동적 프로그래밍을 사용하면 7킬로미터의 최단 경로를 찾을 수 있습니다.

- 동적 프로그래밍은 다단계 문제를 해결하는 기법이다.
- 후방 재귀와 전방 재귀 접근 방식이 있다.
- 최적성의 원리는 각 하위 문제도 최적이어야 함을 의미한다.
- 결정론적 및 확률론적 문제에 적용 가능하다.

[tags] Dynamic Programming, Shortest Path, Optimality Principle
[lang] unknown",DP,,,OERzGIg9vF8,"[""Dynamic Programming"", ""Shortest Path"", ""Optimality Principle""]"
c,https://www.youtube.com/watch?v=tb_14w_-mNw,"동적 프로그래밍(DP)은 문제를 해결하는 데 있어 상태와 재귀 관계를 정의하는 것이 핵심이다. 이 강의에서는 정점 A, B, C, D로 구성된 정사면체에서 D에서 출발해 n 스텝 후 다시 D로 돌아오는 방법의 수를 계산하는 문제를 다룬다. 각 정점에서 가능한 이동을 고려하여 DP 상태를 정의하고, 재귀 관계를 통해 문제를 해결한다. 예를 들어, D에서 A, B, C로 이동한 후 다시 D로 돌아오는 경우를 합산하여 DP 상태를 업데이트한다. 

이 문제는 메모리 사용을 최적화하기 위해 정점 D를 고정하고, 대칭성을 활용하여 메모리 사용량을 줄일 수 있다. 최종적으로, DP를 통해 n 스텝을 수행하고 D로 돌아오는 방법의 수를 계산하는 알고리즘을 구현한다. 이 과정에서 스택 오버플로우를 피하기 위해 반복문을 사용하여 메모리 제한 문제를 해결한다.

- DP 상태 정의 및 재귀 관계 설정
- 정사면체의 대칭성 활용
- 메모리 최적화 및 스택 오버플로우 방지
- O(n)에서 O(log n)으로의 성능 개선 예고

[tags] Dynamic Programming, Recursion, Tetrahedron, State Transition
[lang] unknown",DP,,,tb_14w_-mNw,"[""Dynamic Programming"", ""Recursion"", ""Tetrahedron"", ""State Transition""]"
c,https://www.youtube.com/watch?v=NA7u5GTh6fw,"동적 프로그래밍(DP)은 단순히 테이블을 그리는 것이 아니라 재귀 관계를 활용하는 문제 해결 접근법이다. 이 강의에서는 재귀적 접근을 반복적(iterative)으로 변환하는 방법을 설명하며, 이를 통해 메모이제이션의 단점을 극복하고 효율적인 솔루션을 구축하는 방법을 제시한다. 반복적 구현을 위해서는 매개변수의 경계를 정의하고, 이를 기반으로 2차원 배열을 생성하여 값을 저장한다. 또한, 재귀 호출 대신 배열을 사용하여 계산 순서를 직접 관리해야 하며, 이를 위해 두 가지 규칙을 따르는 것이 중요하다.

- DP는 재귀적 접근을 반복적으로 변환하는 것이 핵심이다.
- 매개변수의 경계를 정의하고, 이를 통해 배열을 생성하여 값을 저장한다.
- 계산 순서를 관리하기 위해 두 개의 규칙을 따르는 것이 중요하다.
- 공간 최적화를 위해 상수 의존성을 식별하고, 배열 접근을 변수로 대체한다.
- 반복적 접근은 메모리 사용을 줄이고 성능을 향상시킨다.

[tags] DP, Iterative, Recursion, Memoization, Space Optimization
[lang] unknown",DP,,,NA7u5GTh6fw,"[""DP"", ""Iterative"", ""Recursion"", ""Memoization"", ""Space Optimization""]"
c,https://www.youtube.com/watch?v=IQTriFMF5Rg,"동적 프로그래밍과 메모이제이션을 활용한 피보나치 수열 계산에 대한 강의이다. 피보나치 수열은 두 개의 이전 숫자를 더하여 현재 숫자를 생성하는 방식으로, 기본적인 재귀 함수로 구현할 수 있지만, 이 방법은 비효율적이다. 메모이제이션을 통해 이미 계산된 값을 저장하면, 중복 계산을 피할 수 있어 성능이 크게 향상된다. 강의에서는 Rust 언어를 사용하여 피보나치 수열을 구현하고, 메모이제이션을 적용한 후 성능 차이를 보여준다.

또한, 강의 후반부에서는 새로운 재귀 함수 문제를 다루며, 이 문제에서도 메모이제이션을 적용하여 성능을 개선하는 방법을 설명한다. 이 과정에서 배열의 크기와 인덱스 처리에 대한 주의점도 강조된다.

- 피보나치 수열의 기본 재귀 구현과 메모이제이션의 성능 비교
- Rust 언어를 사용한 구현 방법
- 메모이제이션을 통한 중복 계산 방지
- 배열 크기와 인덱스 처리 시 주의사항
- 성능 개선을 위한 메모리 관리

[tags] DP, Memoization
[lang] rust",DP,,,IQTriFMF5Rg,"[""DP"", ""Memoization""]"
c,https://www.youtube.com/watch?v=lpzfRQdBTDg,"주어진 문제는 2D 배열로 표현된 질문들에 대해 점수를 최대화하는 방법을 찾는 것입니다. 각 질문을 해결하면 점수를 얻지만, 해당 질문의 '브레인 파워'에 따라 다음 몇 개의 질문을 건너뛰어야 합니다. 이 문제는 '해결' 또는 '건너뛰기'라는 두 가지 선택지를 가지고 있으며, 이러한 선택이 반복적으로 발생하므로 동적 프로그래밍(DP)을 적용할 수 있습니다. 

DP를 사용하여 각 질문에 대해 최대 점수를 계산하는 방법은 다음과 같습니다. 먼저, 질문의 끝에서 시작하여 각 질문에 대해 '해결' 또는 '건너뛰기'를 선택하고, 이 두 선택지 중 최대 점수를 선택하여 DP 배열에 저장합니다. 이 과정은 O(N) 시간 복잡도를 가지며, 공간 복잡도 또한 O(N)입니다. 

- 문제는 각 질문을 해결하거나 건너뛰는 선택을 포함합니다.
- DP를 통해 중복 계산을 피하고 최대 점수를 구합니다.
- 시간 복잡도는 O(N), 공간 복잡도도 O(N)입니다.

[tags] DP, Recursion
[lang] unknown",DP,,,lpzfRQdBTDg,"[""DP"", ""Recursion""]"
c,https://www.youtube.com/watch?v=Taa9JDeakyU,"메모이제이션 기법은 동적 프로그래밍 문제를 해결하는 방법 중 하나로, 이전에 해결한 부분 문제의 결과를 저장하는 조회 테이블을 유지하여 동일한 문제를 여러 번 해결하는 것을 방지합니다. 이 기법은 재귀적 접근 방식과 유사하지만, 각 단계에서 먼저 조회 테이블을 확인하여 이미 계산된 결과가 있는지 확인합니다. 만약 결과가 없다면, 기본 조건을 확인하고, 기본 조건을 만족하지 않으면 문제를 하위 문제로 나누어 재귀적으로 해결합니다. 

피보나치 수열 문제를 예로 들면, 메모이제이션을 통해 각 피보나치 수를 계산할 때 이미 계산된 값을 조회 테이블에서 가져와 중복 계산을 피할 수 있습니다. 이 기법의 시간 복잡도는 O(n)이며, 공간 복잡도 또한 O(n)입니다. 

- 메모이제이션은 중복 계산을 피하는 데 유용하다.
- 조회 테이블은 초기화 후 nil 값으로 설정된다.
- 기본 조건을 만족하지 않으면 문제를 하위 문제로 나눈다.
- 시간 복잡도는 O(n), 공간 복잡도도 O(n)이다.

[tags] DP, Memoization
[lang] unknown",DP,,,Taa9JDeakyU,"[""DP"", ""Memoization""]"
cpp,https://www.youtube.com/watch?v=FmXZG7D8nS4,"다이나믹 프로그래밍(DP)은 문제를 한 번만 해결하고 그 결과를 저장하여 재사용하는 알고리즘 기법이다. 이는 동일한 문제를 반복적으로 해결하는 비효율성을 피할 수 있도록 도와준다. DP는 큰 문제를 작은 문제로 나누고, 작은 문제의 해답이 큰 문제의 해답에 포함된다는 두 가지 조건을 충족할 때 사용할 수 있다. 예를 들어, 피보나치 수열을 계산할 때 단순한 재귀적 접근은 중복 계산으로 인해 비효율적이지만, DP를 활용하면 이미 계산한 값을 저장하여 시간 복잡도를 크게 줄일 수 있다.

- DP는 문제를 한 번만 해결하고 결과를 저장한다.
- 큰 문제를 작은 문제로 나누는 분할 정복 개념을 포함한다.
- 메모이제이션 기법을 통해 중복 계산을 방지한다.
- 시간 복잡도가 2^n에서 O(n)으로 개선된다.
- 피보나치 수열 계산에 효과적으로 적용된다.

[tags] DP, 메모이제이션, 피보나치 수열
[lang] unknown",DP,,,FmXZG7D8nS4,"[""DP"", ""메모이제이션"", ""피보나치 수열""]"
cpp,https://www.youtube.com/watch?v=45g9B3EiySY,"C++에서 세트는 중복된 값을 제거하고 자동으로 정렬된 상태로 데이터를 저장하는 데이터 구조입니다. 세트를 사용하기 위해서는 `<set>` 헤더를 포함해야 하며, 다양한 데이터 타입을 지원합니다. 세트에 값을 추가할 때는 `insert` 명령을 사용하고, 값을 삭제할 때는 `erase` 명령을 사용합니다. 세트의 크기를 확인하려면 `size` 명령을 사용하고, 비어 있는지 확인하려면 `empty` 명령을 사용합니다. 세트는 인덱스를 통한 탐색이 불가능하므로, 값을 탐색할 때는 반복문을 사용해야 합니다.

- 세트는 중복된 값을 허용하지 않음
- 자동으로 정렬된 상태로 데이터 저장
- `insert`, `erase`, `size`, `empty` 명령어 사용
- 인덱스 탐색 불가, 반복문 사용 필요

[tags] 
set, C++ 
[lang] cpp",DP,,,45g9B3EiySY,[]
cpp,https://www.youtube.com/watch?v=oJ2eFMkeLuA,"어레이는 스태틱 어레이와 다이나믹 어레이로 나뉘며, 각각의 메모리 할당 방식과 사용 조건이 다릅니다. 스태틱 어레이는 컴파일 타임에 크기가 정해지고 스택 메모리에 할당되어 빠른 할당과 해제를 지원하지만, 크기를 미리 알아야 하는 단점이 있습니다. 반면, 다이나믹 어레이는 런타임에 크기가 결정되며 힙 메모리에 할당되어 유연성을 제공하지만, 메모리 해제를 신경 써야 합니다. 

일반적으로 어레이의 크기가 작고 컴파일 타임에 알 수 있을 때는 스태틱 어레이를 사용하고, 이미지나 사운드와 같이 데이터 크기가 클 경우에는 다이나믹 어레이를 사용하는 것이 좋습니다. C 스타일의 어레이는 여러 단점이 있어 현대의 C++에서는 STL의 벡터나 어레이를 사용하는 것이 권장됩니다.

- 스태틱 어레이: 컴파일 타임에 크기 결정, 스택 메모리 사용
- 다이나믹 어레이: 런타임에 크기 결정, 힙 메모리 사용
- 메모리 해제: 다이나믹 어레이 사용 시 필수
- STL 사용 권장: C 스타일 어레이는 단점이 많음
- 크기 조건: 1~2MB 이하일 때 스태틱 어레이 추천

[tags] 
[lang] unknown",DP,,,oJ2eFMkeLuA,[]
cpp,https://www.youtube.com/watch?v=3BgD9XkZydo,"연구소 문제(BOJ 14502)는 주어진 맵에서 바이러스의 확산을 막기 위해 3개의 벽을 세우는 최적의 위치를 찾는 문제입니다. 입력으로 주어진 맵에서 빈 공간과 바이러스의 위치를 파악한 후, 빈 공간에서 3개의 벽을 세울 수 있는 모든 조합을 생성합니다. 각 조합에 대해 BFS를 사용하여 바이러스가 퍼질 수 있는 영역을 계산하고, 남은 안전 구역의 수를 세어 최대 안전 구역을 찾습니다. 이 과정은 완전 탐색 방식으로 진행되며, 조합을 통해 벽을 설치한 후 BFS를 통해 바이러스의 확산을 시뮬레이션합니다.

- BFS를 사용하여 바이러스 확산 시뮬레이션
- 빈 공간에서 3개의 벽을 세울 수 있는 모든 조합 생성
- 안전 구역의 최대 개수 계산
- 입력 크기가 작아 완전 탐색이 가능
- 조합(combination) 사용, 순열(permutation) 아님

[tags] BFS, Combination, Exhaustive Search
[lang] unknown",DP,,,3BgD9XkZydo,"[""BFS"", ""Combination"", ""Exhaustive Search""]"
cpp,https://www.youtube.com/watch?v=KcrtXoaA47Q,"이번 강의에서는 경우의 수와 확률 통계에 대한 기본 개념을 다루며, 특히 중복된 요소가 포함된 순열의 계산 방법을 설명합니다. 주어진 예시를 통해 서로 다른 요소와 같은 요소가 포함된 경우의 수를 구하는 방법을 소개하며, n개의 요소 중 p, q, r개의 같은 요소가 있을 때의 순열 수를 n!/(p!q!r!)로 계산하는 공식을 제시합니다. 또한, 최단 경로 문제를 통해 A에서 B로 가는 경우의 수를 계산하는 방법도 설명하며, 이 과정에서 가로와 세로 방향의 이동을 각각 A와 B로 표현하여 나열하는 방법을 보여줍니다.

- 중복된 요소가 포함된 순열의 경우, 전체 순열 수에서 중복 요소의 순열 수로 나누어 계산.
- 최단 경로 문제에서 이동 방향을 A와 B로 나누어 경우의 수를 계산.
- 알고리즘 구현을 통해 경우의 수를 계산하고 모든 경우를 나열하는 것이 목표.

[tags] 순열, 경우의 수, 최단 경로, 조합
[lang] unknown",DP,,,KcrtXoaA47Q,"[""순열"", ""경우의 수"", ""최단 경로"", ""조합""]"
cpp,https://www.youtube.com/watch?v=Ar40zcPoKEI,"백트레킹은 문제를 해결하기 위해 가능한 모든 경우의 수를 탐색하는 알고리즘으로, 다이나믹 프로그래밍과는 접근 방식이 다릅니다. 다이나믹 프로그래밍은 문제를 서브프라블럼으로 나누고 중복 계산을 줄이는 반면, 백트레킹은 디시전 스페이스를 구성하여 각 경우를 하나씩 탐색합니다. 만약 더 이상 진행할 필요가 없는 경우는 탐색을 중단하고 이전 단계로 돌아가며 새로운 가능성을 탐색합니다. 

예를 들어, 전화기 키패드 문제에서는 입력된 숫자에 따라 가능한 모든 알파벳 조합을 생성하는 방식으로 백트레킹을 활용합니다. 이 과정에서 각 숫자에 해당하는 문자들을 선택하고 재귀적으로 호출하여 모든 조합을 탐색합니다. 시간 복잡도는 O(n * 4^n)으로, 공간 복잡도는 O(n)입니다.

- 백트레킹은 모든 경우의 수를 탐색하는 방식
- 다이나믹 프로그래밍과의 근본적인 차이
- 전화기 키패드 문제를 통한 실습
- 시간 복잡도: O(n * 4^n), 공간 복잡도: O(n)

[tags] Backtracking, Recursion
[lang] unknown",DP,,,Ar40zcPoKEI,"[""Backtracking"", ""Recursion""]"
cpp,https://www.youtube.com/watch?v=uZR72YlayH4,"```
<줄글 요약이 없습니다.>

[tags] 
[lang] unknown
```",DP,,,uZR72YlayH4,[]
cpp,https://www.youtube.com/watch?v=wpk7AM6FPRc,"C++ 프로그래밍 수업의 목표는 객체지향 프로그래밍 기법을 이해하고, 메모리 레이아웃 및 명령어에 따른 메모리 변화를 파악하는 것입니다. 교수는 학생들이 시언어 기초를 알고 있어야 수업을 따라가기 수월하다고 강조하며, 실습을 통해 직접 코드를 작성하고 디버깅하는 경험이 중요하다고 설명합니다. 또한, 프로그래밍의 어려움은 명령문의 역할을 명확히 이해하지 못하는 데서 비롯된다고 지적하며, 메모리와 명령문 간의 관계를 명확히 이해해야 한다고 강조합니다.

학생들에게는 강의를 수동적으로 듣지 말고, 직접 코드를 작성하고 질문하는 적극적인 태도를 가지라고 권장합니다. 기술 발전이 빠르기 때문에 기본기를 잘 다져야 새로운 기술을 쉽게 배울 수 있으며, 실력이 중요하다는 점도 강조합니다. 마지막으로, 질문을 통해 강의를 완성하는 것이 중요하다고 덧붙입니다.

- C++ 프로그래밍의 중요성
- 객체지향 프로그래밍 기법
- 메모리 레이아웃 이해
- 실습과 디버깅의 중요성
- 적극적인 질문과 참여

[tags] 
[lang] unknown",DP,,,wpk7AM6FPRc,[]
cpp,https://www.youtube.com/watch?v=TmpflqGkdBU,"이번 강의에서는 인체해부학과 옷주름 그리기 강의가 소개된다. 인체해부학 강의는 초급 수준으로, 여성 캐릭터를 그리기 위한 내용이 중심이다. 이 강의는 일반적인 인체해부학보다 근육과 지방층에 대한 이해를 쉽게 할 수 있도록 구성되어 있으며, 여성 캐릭터의 특징을 강조한다. 또한, 피부 채색법과 3D 자료를 활용한 실습도 포함되어 있어 실질적인 도움이 될 것이다.

옷주름 강의는 옷의 주름과 그림자 표현에 중점을 두고 있으며, 다양한 스타일의 옷을 그리는 방법을 설명한다. 이 강의는 실습 중심으로 구성되어 있어, 수강생들이 실제로 그림을 그리며 배울 수 있도록 돕는다. 두 강의 모두 생방송으로 진행되며, 할인 혜택도 제공된다.

- 인체해부학 강의는 여성 캐릭터에 초점을 맞춤.
- 옷주름 강의는 주름과 그림자 표현에 중점.
- 3D 자료와 피부 채색법 포함.
- 생방송으로 진행되며 할인 혜택 제공.

[tags] 
[lang] unknown",DP,,,TmpflqGkdBU,[]
cpp,https://www.youtube.com/watch?v=PL3RzsbtIhM,"녹턴 정글의 장단점에 대해 설명한다. 녹턴은 조작이 간단하고 궁극기 사용이 쉬워 초보자도 쉽게 다룰 수 있는 챔프이다. 궁극기를 통해 적을 쉽게 처치할 수 있어 피지컬이 부족한 플레이어도 활용할 수 있다. 그러나 킨드레드나 카서스 같은 챔프에게는 약점을 보이며, 알리와 같은 챔프와의 대결에서는 어려움을 겪을 수 있다. 

정글링 시에는 6레벨을 빨리 찍고 궁극기를 활용하는 것이 중요하며, 상황에 따라 정버프와 역버프를 선택해야 한다. 녹턴은 팀원과의 협력이 필요하며, 각이 나올 때 적을 처치하는 것이 핵심이다. 게임의 흐름을 잘 파악하고, 무리하지 않도록 주의해야 한다.

- 녹턴은 조작이 쉽고 궁극기가 강력하다.
- 특정 챔프에게 약점을 보인다.
- 6레벨을 빨리 찍고 궁극기를 활용해야 한다.
- 팀원과의 협력이 중요하다.
- 상황에 따라 정글 동선을 잘 조절해야 한다.

[tags] 
""Jungle"", ""Champion"", ""Nocturne"", ""Strategy"", ""Team Play""
[lang] unknown",DP,,,PL3RzsbtIhM,[]
cpp,https://www.youtube.com/watch?v=1mtvm2ubHCY,"동적 프로그래밍(DP)을 활용한 세 가지 문제를 다루며, 최적화와 조합 문제의 차이를 설명한다. 첫 번째 문제는 조합 합(combination sum)으로, 주어진 숫자들로 목표 값 n을 만드는 방법의 수를 세는 것이다. 이때 중복이 허용되며 순서도 중요하다. DP 배열을 사용하여 각 상태에서 가능한 방법의 수를 계산하고, 초기값으로 dp[0]을 1로 설정한다. 두 번째 문제는 동전 교환(coin change)으로, 주어진 동전으로 목표 금액 n을 만들기 위해 필요한 최소 동전 수를 찾는 것이다. 이 문제는 최적화 문제로, DP 배열을 통해 최소 동전 수를 계산한다. 마지막으로, 동전 조합 문제는 순서가 중요하지 않은 경우로, 중복을 피하기 위해 마지막으로 사용한 동전을 기준으로 상태를 정의한다.

- 조합 합 문제는 중복과 순서가 중요하다.
- 동전 교환 문제는 최소 동전 수를 찾는 최적화 문제이다.
- 동전 조합 문제는 중복을 피하기 위해 마지막 동전을 기준으로 상태를 정의한다.
- DP의 상태 정의가 문제 해결의 핵심이다.

[tags] DP, Combination Sum, Coin Change  
[lang] unknown",DP,,,1mtvm2ubHCY,"[""DP"", ""Combination Sum"", ""Coin Change""]"
cpp,https://www.youtube.com/watch?v=uhFE8dGjjsk,"주어진 문제는 동적 프로그래밍을 활용하여 시작 도시에서 종료 도시까지의 모든 가능한 경로를 계산하는 것입니다. 각 도시의 위치는 서로 다른 양의 정수로 주어지며, 도시 간 이동 시 소모되는 연료는 위치의 절대 차이에 따라 결정됩니다. 이 문제를 해결하기 위해 DP 배열을 사용하여 각 도시에서 주어진 연료로 도달할 수 있는 경로의 수를 저장합니다. 초기화 시 종료 지점에 도달하는 방법은 1로 설정하고, 나머지는 0으로 초기화합니다.

주요 알고리즘 흐름은 연료를 기준으로 외부 루프를 돌며, 각 도시에서 다음 도시로의 이동을 고려하여 DP 테이블을 업데이트하는 것입니다. 이 과정에서 연료 소모를 고려하여 가능한 경로 수를 계산하고, 결과는 10^9 + 7로 나눈 나머지로 반환됩니다. 이 문제는 도시 수가 2에서 100 사이, 연료는 1에서 200 사이의 제약이 있으며, 동적 프로그래밍의 핵심은 큰 문제를 작은 하위 문제로 나누는 것입니다.

- DP 배열을 사용하여 경로 수 저장
- 연료 소모에 따른 상태 전이 함수 사용
- 외부 루프는 연료를 기준으로 진행
- 결과는 10^9 + 7로 나눈 나머지

[tags] DP, Dynamic Programming
[lang] c++",DP,,,uhFE8dGjjsk,"[""DP"", ""Dynamic Programming""]"
cpp,https://www.youtube.com/watch?v=ZcrQKaZNALI,"동적 프로그래밍(Dynamic Programming, DP)은 최적화 문제를 해결하기 위해 복잡한 문제를 더 간단한 하위 문제로 나누고, 전체 문제의 최적 해가 하위 문제의 최적 해에 의존한다는 사실을 이용하는 알고리즘 기법이다. 예를 들어, 피보나치 수열을 계산할 때, 재귀적으로 정의된 함수는 동일한 하위 문제를 여러 번 계산하게 되어 비효율적이다. 이를 해결하기 위해 메모이제이션(memoization) 기법을 사용하여 이미 계산된 결과를 저장하고 재사용함으로써 성능을 크게 향상시킬 수 있다.

C++로 구현된 피보나치 수열 예제에서는 재귀적 접근 방식과 메모이제이션을 비교하여, 메모이제이션을 사용했을 때 함수 호출 횟수가 276회에서 26회로 줄어드는 성과를 보여준다. 이로 인해 시간 복잡도는 O(2^n)에서 O(n)으로 개선된다.

- 동적 프로그래밍은 하위 문제의 최적 해를 활용한다.
- 메모이제이션을 통해 중복 계산을 방지한다.
- 피보나치 수열을 예로 들어 성능 개선을 설명한다.
- C++로 구현된 예제에서 성능 차이를 명확히 보여준다.

[tags] Dynamic Programming, Memoization
[lang] cpp",DP,,,ZcrQKaZNALI,"[""Dynamic Programming"", ""Memoization""]"
cpp,https://www.youtube.com/watch?v=ad6UqyoZ9Hk,"동적 프로그래밍(Dynamic Programming, DP)은 과거에 해결한 문제의 결과를 기억하여 동일한 상태에 대해 반복적으로 계산하지 않도록 하는 기법이다. 이 강의에서는 피보나치 수열을 예로 들어 DP의 기본 개념을 설명한다. 피보나치 수열은 두 개의 기초 사례(0과 1)에서 시작하여, 이후의 항은 이전 두 항의 합으로 정의된다. DP를 적용하기 위해서는 재귀와 백트래킹에 대한 이해가 필요하며, 중복된 계산을 피하기 위해 메모이제이션(memoization) 기법을 사용한다.

DP의 구현 방법에는 두 가지가 있다. 첫 번째는 상향식(Top-Down) 접근법으로, 재귀 호출을 통해 문제를 해결하고 중간 결과를 저장하는 방식이다. 두 번째는 하향식(Bottom-Up) 접근법으로, 기초 사례부터 시작하여 점진적으로 큰 문제를 해결하는 반복적인 방식이다. 이 두 방법 모두 시간 복잡도는 O(n)이며, 하향식 접근법이 CPU 오버헤드가 적어 더 빠른 성능을 보이는 경향이 있다.

- 동적 프로그래밍의 핵심은 중복 계산을 피하는 것
- 피보나치 수열을 통해 DP의 기초 개념 설명
- 상향식과 하향식 두 가지 접근법
- 메모이제이션을 통한 중복 계산 방지
- 시간 복잡도는 O(n)

[tags] DP, 피보나치 수열, 메모이제이션, 상향식, 하향식
[lang] unknown",DP,,,ad6UqyoZ9Hk,"[""DP"", ""피보나치 수열"", ""메모이제이션"", ""상향식"", ""하향식""]"
cpp,https://www.youtube.com/watch?v=ueSWbrkRBxg,"재귀는 함수가 자기 자신을 호출하는 상황으로, 반복을 수행하는 또 다른 방법이다. 재귀를 사용하면 특정 경우에 루프보다 더 쉽게 코드를 작성할 수 있다. 이 강의에서는 루프를 사용한 카운트다운 함수와 재귀를 사용한 카운트다운 함수를 비교하여 설명한다. 루프 함수는 반복문을 통해 숫자를 감소시키며, 재귀 함수는 조건문을 통해 자기 자신을 호출하여 숫자를 감소시킨다.

재귀 함수는 기본적으로 두 가지 요소로 구성된다. 첫째, 재귀가 종료되는 조건인 '기저 사례(base case)'가 필요하다. 둘째, 기저 사례에 도달하기 위해 한 단계씩 가까워지는 방식이 필요하다. 이 강의에서는 `i`가 0이 될 때까지 `i`를 1씩 감소시키며 재귀 호출을 반복하는 구조를 보여준다. 재귀 호출이 끝나면 더 이상 함수가 호출되지 않으며, 이는 루프에서의 종료 조건과 유사하다.

- 재귀는 반복을 수행하는 대안이다.
- 기저 사례는 재귀 종료 조건이다.
- 재귀 호출은 함수가 자기 자신을 호출하는 것이다.
- 매 호출마다 인자를 감소시켜 기저 사례에 도달해야 한다.

[tags] recursion, base case, recursive function
[lang] unknown",DP,,,ueSWbrkRBxg,"[""recursion"", ""base case"", ""recursive function""]"
cpp,https://www.youtube.com/watch?v=udiq6hVvZ1Y,"재귀는 함수가 자신을 호출하는 프로그래밍 기법으로, 복잡한 개념을 반복 가능한 단일 단계로 나누어 처리합니다. 재귀의 장점은 코드가 간결하고 이해하기 쉬운 반면, 메모리 사용량이 많고 처리 속도가 느려질 수 있습니다. 예를 들어, 걷기와 팩토리얼 계산을 재귀와 반복적 방법으로 구현할 수 있으며, 재귀적 접근은 특히 트리 구조 탐색이나 정렬 알고리즘에서 유용합니다. 그러나 재귀 호출이 무한히 반복되면 스택 오버플로우가 발생할 수 있으므로, 반드시 종료 조건(기저 사례)을 설정해야 합니다.

- 재귀는 함수가 자신을 호출하는 방식
- 장점: 코드가 간결하고 이해하기 쉬움
- 단점: 메모리 사용량 증가 및 처리 속도 저하
- 기저 사례 설정이 필수적
- 재귀는 트리 탐색 및 정렬 알고리즘에 유리

[tags] recursion, iterative, factorial, stack overflow
[lang] c++",DP,,,udiq6hVvZ1Y,"[""recursion"", ""iterative"", ""factorial"", ""stack overflow""]"
cpp,https://www.youtube.com/watch?v=IB2Ou_XVlJc,"이 영상에서는 재귀를 사용하여 1루피를 시작으로 매일 두 배로 증가하는 금액을 계산하는 문제를 다룹니다. 사용자는 n일 동안의 금액을 입력하고, 재귀 함수를 통해 매일의 금액을 계산합니다. 기본 조건으로 n이 1일 때 1루피를 반환하며, 그 외의 경우에는 이전 날의 금액을 두 배로 늘려서 반환합니다. 이 과정은 재귀 호출을 통해 이루어지며, 사용자는 최종적으로 n일 후의 총 금액을 확인할 수 있습니다.

- 재귀 함수의 기본 조건을 명확히 설정해야 함.
- 매일의 금액은 이전 날의 금액을 두 배로 계산.
- 사용자 입력을 통해 n일 수를 받아야 함.
- 프로그램의 결과를 확인하기 위해 드라이 런을 권장.

[tags] recursion, C++, user input
[lang] unknown",DP,,,IB2Ou_XVlJc,"[""recursion"", ""C++"", ""user input""]"
cpp,https://www.youtube.com/watch?v=aiWM7i7Lnj4,"재귀는 함수가 자기 자신을 호출하는 프로그래밍 기법으로, 주로 복잡한 문제를 간결하게 해결하는 데 사용된다. 이 강의에서는 마인스위퍼 게임을 예로 들어, 빈 타일을 클릭했을 때 주변 타일을 자동으로 드러내는 과정을 설명한다. 처음에는 반복문을 사용하여 주변 타일을 드러내는 방법을 보여주지만, 이는 비효율적이다. 재귀를 통해 빈 타일이 발견되면 그 주변 타일을 다시 호출하여 드러내는 방식으로 문제를 해결할 수 있다. 이때, 재귀 호출이 무한히 반복되지 않도록 종료 조건을 설정하는 것이 중요하다.

- 재귀는 함수가 자기 자신을 호출하는 기법이다.
- 종료 조건을 설정하지 않으면 스택 오버플로우가 발생할 수 있다.
- 재귀는 복잡한 문제를 간결하게 해결하는 데 유리하다.
- 마인스위퍼의 경우, 빈 타일 클릭 시 주변 타일을 재귀적으로 드러낼 수 있다.
- 재귀는 검색 알고리즘 및 인공지능에서도 널리 사용된다.

[tags] recursion, Minesweeper, stack overflow
[lang] unknown",DP,,,aiWM7i7Lnj4,"[""recursion"", ""Minesweeper"", ""stack overflow""]"
cpp,https://www.youtube.com/watch?v=t3J445uVgeA,"재귀 함수는 함수가 자기 자신을 호출하는 개념으로, C++에서 이를 구현하는 방법을 설명한다. 예를 들어, ""hello""라는 함수를 정의하고 그 안에서 자기 자신을 호출하면 무한 루프에 빠지게 된다. 따라서 유용한 재귀 함수를 만들기 위해서는 종료 조건을 설정해야 한다. 

팩토리얼 계산을 예로 들어, n!은 n × (n-1)!로 정의된다. 이를 구현하기 위해 재귀 함수 `factorial`을 만들고, 매개변수로 정수를 받아 n이 1이 아닐 경우 n과 (n-1)!의 곱을 반환하도록 한다. 종료 조건으로 n이 1일 때 1을 반환하여 무한 호출을 방지한다. 또한, 큰 수의 팩토리얼을 계산할 때는 데이터 타입을 `double`로 변경하여 메모리 한계를 극복할 수 있다.

- 재귀 함수는 자기 자신을 호출하는 함수.
- 종료 조건을 반드시 설정해야 함.
- 팩토리얼 계산에서 n! = n × (n-1)!로 정의됨.
- 데이터 타입에 따라 메모리 한계가 있으므로 주의 필요.

[tags] recursion, factorial
[lang] cpp",DP,,,t3J445uVgeA,"[""recursion"", ""factorial""]"
cpp,https://www.youtube.com/watch?v=xat9eClOFOo,"메모이제이션과 동적 프로그래밍은 컴퓨터 과학에서 중요한 개념으로, 특히 피보나치 수열 계산에 자주 사용된다. 메모이제이션은 이미 계산한 값을 저장하여 중복 계산을 피하는 기법이다. 예를 들어, 피보나치 수를 재귀적으로 계산할 때, 같은 값을 여러 번 계산하는 비효율성을 줄이기 위해 이전에 계산한 값을 배열에 저장하고 필요할 때 재사용한다. 이 방식은 코드의 실행 속도를 크게 향상시킨다.

동적 프로그래밍은 문제를 여러 개의 하위 문제로 나누어 해결하는 방법으로, 메모이제이션과는 달리 하위 문제를 바텀업 방식으로 해결한다. 즉, 가장 작은 하위 문제부터 시작하여 점차 큰 문제를 해결해 나간다. 이 과정에서 각 하위 문제의 결과는 다른 하위 문제를 해결하는 데 도움을 주며, 최종적으로 원래 문제를 해결하는 데 기여한다. 

- 메모이제이션은 중복 계산을 피하기 위해 이전 결과를 저장하는 기법이다.
- 동적 프로그래밍은 하위 문제를 정의하고 해결하여 최종 문제를 해결하는 방법이다.
- 바텀업 접근법은 작은 문제부터 해결하여 큰 문제로 나아간다.
- 피보나치 수열 계산은 메모이제이션과 동적 프로그래밍의 대표적인 예시이다.

[tags] 메모이제이션, 동적 프로그래밍, 피보나치 수열
[lang] unknown",DP,,,xat9eClOFOo,"[""메모이제이션"", ""동적 프로그래밍"", ""피보나치 수열""]"
cpp,https://www.youtube.com/watch?v=sn0DWI-JdNA,"주어진 문제는 특정 금액을 동전으로 만들 수 있는 방법의 수를 계산하는 'make-change' 문제이다. 이 문제는 재귀적 접근을 통해 해결할 수 있으며, 각 동전의 사용 여부에 따라 가능한 조합을 탐색한다. 예를 들어, 27센트를 만들기 위해 동전의 조합을 고려할 때, 먼저 몇 개의 쿼터를 사용할지를 결정하고, 그에 따라 남은 금액을 다른 동전으로 채우는 방식으로 문제를 단순화한다. 이 과정에서 메모이제이션을 활용하여 이미 계산한 결과를 저장하고 재사용함으로써 중복 계산을 피할 수 있다.

이 알고리즘의 주요 체크포인트는 다음과 같다:
- 재귀적 접근을 통해 문제를 분할하여 해결.
- 메모이제이션을 통해 중복 계산 방지.
- 동전의 인덱스를 사용하여 현재 고려 중인 동전을 추적.
- 기본 사례를 명확히 정의하여 종료 조건 설정.
- 키 생성 시 구분자를 사용하여 충돌 방지.

[tags] memoization, recursion
[lang] unknown",DP,,,sn0DWI-JdNA,"[""memoization"", ""recursion""]"
cpp,https://www.youtube.com/watch?v=zlJegWQBb40,"피보나치 수열은 0과 1로 시작하여, 다음 숫자는 이전 두 숫자의 합으로 정의됩니다. 이 문제를 해결하기 위해 재귀 함수를 사용하여 피보나치 수를 계산할 수 있습니다. 기본 사례로 n이 0 또는 1일 때는 n을 반환하고, 그 외의 경우에는 `fibo(n-1) + fibo(n-2)`를 호출하여 값을 계산합니다. 그러나 이 방법은 중복 계산이 발생하여 비효율적입니다. 

동적 프로그래밍을 통해 이 문제를 개선할 수 있습니다. 동적 프로그래밍의 두 가지 접근 방식은 상향식(탭ulation)과 하향식(메모이제이션)입니다. 메모이제이션에서는 이미 계산된 결과를 저장하여 중복 계산을 피합니다. 이를 위해 딕셔너리를 사용하여 결과를 저장하고, 함수 호출 시 해당 결과가 이미 존재하는지 확인하여 효율성을 높입니다. 

- 피보나치 수열의 정의 및 재귀적 접근
- 중복 계산 문제와 동적 프로그래밍의 필요성
- 메모이제이션을 통한 효율적 구현
- 기본 사례 처리 및 결과 저장 방법

[tags] Dynamic Programming, Recursion, Memoization
[lang] python",DP,,,zlJegWQBb40,"[""Dynamic Programming"", ""Recursion"", ""Memoization""]"
python,https://www.youtube.com/watch?v=8UVDnahV1eg,"배낭 문제는 탐욕 알고리즘(그리디 알고리즘)을 통해 해결할 수 있는 유명한 최적화 문제로, 주어진 무게 제한 내에서 최대 이익을 얻기 위해 물건을 선택하는 방식이다. 이 문제는 아이템의 무게와 1kg당 가격이 주어졌을 때, 가장 비싼 아이템부터 배낭에 담아가는 방식으로 해결된다. 이때, 아이템이 분할 가능할 경우, 즉 일부만 담을 수 있는 경우에 최적의 해를 보장한다. 

탐욕 알고리즘의 기본 전략은 1kg당 가격을 기준으로 내림차순으로 정렬한 후, 배낭의 무게를 초과하지 않도록 가장 비싼 아이템부터 담아가는 것이다. 그러나 아이템이 분할 불가능한 경우에는 최적의 해를 보장하지 않으며, 이럴 때는 동적 프로그래밍이나 백트래킹과 같은 다른 알고리즘을 사용해야 한다.

- 배낭 문제는 탐욕 알고리즘으로 해결 가능
- 아이템이 분할 가능할 때 최적의 해 보장
- 1kg당 가격 기준으로 정렬 후 담기
- 분할 불가능한 경우 다른 알고리즘 필요

[tags] Greedy, Dynamic Programming, Backtracking
[lang] unknown",Greedy,,,8UVDnahV1eg,"[""Greedy"", ""Dynamic Programming"", ""Backtracking""]"
python,https://www.youtube.com/watch?v=cswJ1h-How0,"소수 판별 알고리즘은 주어진 자연수가 소수인지 아닌지를 판단하는 방법으로, 1과 자기 자신을 제외한 자연수로 나누어 떨어지지 않는 수를 소수로 정의합니다. 기본적인 방법은 2부터 해당 수의 제곱근까지의 모든 수로 나누어 떨어지는지를 확인하는 것입니다. 이 방법은 시간 복잡도가 O(√n)으로, 제곱근까지만 확인하면 되므로 효율적입니다. 

또한, 에라토스테네스의 체 알고리즘은 특정 범위 내의 모든 소수를 한 번에 찾는 데 유용하며, 시간 복잡도는 O(n log log n)입니다. 이 알고리즘은 2부터 n까지의 모든 자연수를 나열한 후, 소수인 수의 배수를 제거하는 방식으로 작동합니다. 마지막으로, 투포인터 알고리즘은 리스트에서 특정 합을 가지는 부분 연속 수열을 찾는 데 사용되며, 시작점과 끝점을 조정하여 효율적으로 문제를 해결합니다.

- 소수 판별 알고리즘: O(√n)
- 에라토스테네스의 체: O(n log log n)
- 투포인터 알고리즘: O(n)

[tags] 소수 판별, 에라토스테네스의 체, 투포인터
[lang] unknown",Greedy,,,cswJ1h-How0,"[""소수 판별"", ""에라토스테네스의 체"", ""투포인터""]"
python,https://www.youtube.com/watch?v=sG8EDSI1KF0,"이번 주 강의에서는 문자열 문제를 다루며, 백준의 11,720번 문제인 '숫자의 합'과 1,157번 문제인 '단어 공부'를 풀어볼 예정이다. 이 문제들은 기본적인 문자열 사용법을 익히는 데 유용하며, 많은 기업들이 문자열 관련 문제를 출제하기 때문에 기초를 다지는 것이 중요하다. 강사는 이러한 문제들을 통해 문자열의 인터페이스와 활용 방법을 익히고, 더 어려운 문제를 해결하는 데 필요한 기초를 쌓을 수 있다고 강조한다.

또한, 현재 채용 시장의 어려움에 대한 언급과 함께, 소프트웨어 개발자 채용이 줄어드는 경향에 대해 이야기하며, 관련된 주제에 대한 영상 제작을 고려하고 있다. 강사는 궁금한 점이나 요청 사항이 있을 경우 댓글로 남겨줄 것을 요청하며, 이를 통해 다음 강의 주제를 결정할 계획이다.

- 문자열 문제의 중요성 강조
- '숫자의 합'과 '단어 공부' 문제 풀이
- 채용 시장의 변화에 대한 언급
- 댓글을 통한 피드백 요청

[tags] 
[lang] unknown",Greedy,,,sG8EDSI1KF0,[]
python,https://www.youtube.com/watch?v=RCV8tBUDAhU,"로봇 강아지가 공원에서 주어진 명령에 따라 이동하는 문제를 다룹니다. 주어진 공원은 문자 배열로 표현되며, 장애물은 'x'로 표시됩니다. 로봇 강아지는 동서남북 방향으로 이동할 수 있으며, 이동 중 장애물에 부딪히면 해당 명령을 무시하고 다음 명령으로 넘어갑니다. 문제 해결을 위해 먼저 공원의 크기를 파악하고, 시작 위치를 찾은 후, 각 명령을 반복적으로 처리합니다.

명령은 방향과 이동 칸수로 구성되어 있으며, 이를 통해 새로운 좌표를 계산합니다. 이동 후에는 해당 좌표가 공원 범위 내에 있는지 확인하고, 장애물이 있는지 체크합니다. 장애물이 발견되면 이동을 중단하고, 최종적으로 로봇 강아지의 위치를 반환합니다. 이 알고리즘은 공원 내에서의 유효한 이동을 보장하며, 시간 복잡도는 명령의 수와 공원의 크기에 따라 달라집니다.

- 공원 배열에서 시작 위치 찾기
- 명령어 처리 시 장애물 체크
- 이동 범위 확인
- 최종 위치 반환

[tags] 
[""Grid"", ""Simulation"", ""Coordinate System""]
[lang] unknown",Greedy,,,RCV8tBUDAhU,[]
python,https://www.youtube.com/watch?v=PNPIk3hc6ic,"그리디 알고리즘은 현재 상황에서 최적의 선택을 반복적으로 수행하여 문제를 해결하는 기법이다. 이 알고리즘은 항상 최적의 해를 보장하지는 않지만, 특정 상황에서는 최적의 해를 도출할 수 있다. 대표적인 예로 거스름돈 문제를 들 수 있으며, 이 문제에서는 큰 화폐 단위부터 차례로 거슬러 주는 방식으로 최소한의 동전 개수로 해결할 수 있다. 그리디 알고리즘은 정렬 기법과 함께 사용되는 경우가 많으며, 크루스칼 알고리즘과 같은 다양한 알고리즘에서도 활용된다.

그리디 알고리즘은 간단한 구조로 문제를 해결할 수 있지만, 최적의 해를 보장하지 않는 경우가 많아 다이나믹 프로그래밍과 같은 다른 알고리즘을 적용해야 할 수도 있다. 따라서 그리디 알고리즘의 개념을 이해하고 활용하는 것은 다양한 문제 해결에 큰 도움이 된다.

- 그리디 알고리즘은 현재 최적의 선택을 반복.
- 거스름돈 문제에서 큰 화폐 단위부터 거슬러 주는 방식.
- 정렬 기법과 함께 사용되는 경우가 많음.
- 최적의 해를 보장하지 않는 경우가 많음.
- 다양한 문제 해결에 유용한 기법.

[tags] Greedy, Sorting, Dynamic Programming
[lang] unknown",Greedy,,,PNPIk3hc6ic,"[""Greedy"", ""Sorting"", ""Dynamic Programming""]"
python,https://www.youtube.com/watch?v=Vck0unrXGiY,"주어진 문제는 배열에 포함된 음의 정수와 양의 정수를 특정한 방식으로 정렬하는 것입니다. 음의 정수는 배열의 앞쪽에, 양의 정수는 뒤쪽에 위치해야 하며, 원래의 순서는 유지되어야 합니다. 이를 해결하기 위해 필터를 사용하여 음의 정수를 추출하고, 양의 정수를 별도로 추출한 후 두 배열을 합치는 방식으로 구현할 수 있습니다. 

구현 과정에서는 Python의 filter 함수를 활용하여 음수와 양수를 각각 추출하고, concat 메서드를 사용하여 두 배열을 결합하는 방법을 설명합니다. 또한, 전개 연산자를 사용하여 배열을 결합하는 방법도 소개됩니다. 이 알고리즘은 시간 복잡도가 O(n)으로, n은 배열의 길이를 의미합니다.

- 음의 정수는 배열의 앞쪽에, 양의 정수는 뒤쪽에 위치해야 함.
- 원래의 순서는 유지되어야 함.
- filter 함수를 사용하여 음수와 양수를 각각 추출.
- concat 메서드 또는 전개 연산자를 사용하여 배열 결합.
- 시간 복잡도는 O(n).

[tags] 
[lang] python",Greedy,,,Vck0unrXGiY,[]
python,https://www.youtube.com/watch?v=plA08fqRRhg,"선형탐색 알고리즘은 주어진 자료에서 원하는 데이터를 찾기 위해 처음부터 끝까지 순서대로 탐색하는 방법입니다. 이 알고리즘은 구현이 간단하지만, 모든 원소를 비교해야 하므로 데이터의 양이 많아질수록 효율성이 떨어지는 단점이 있습니다. 선형탐색은 정렬된 자료에 국한되지 않고, 비정렬된 자료에서도 사용할 수 있습니다. 따라서 데이터의 크기와 탐색의 필요성에 따라 적절히 활용해야 합니다.

- 선형탐색은 일렬로 된 자료에서 순차적으로 탐색
- 구현이 쉬우나 효율성은 낮음
- 모든 원소를 비교해야 하므로 데이터 양에 따라 성능 저하
- 정렬 여부와 관계없이 사용 가능

[tags] 선형탐색
[lang] unknown",Greedy,,,plA08fqRRhg,"[""선형탐색""]"
python,https://www.youtube.com/watch?v=_IZuE7NIeW4,"그리디 알고리즘은 현재 시점에서 가장 좋은 선택을 하여 문제를 해결하는 방식으로, 미래의 선택을 고려하지 않습니다. 이 알고리즘은 탐욕적 선택을 통해 최적의 해를 보장할 수 있는 조건이 있을 때만 사용해야 하며, 두 가지 조건이 필요합니다: 현재 선택이 미래 선택에 영향을 미치지 않아야 하고, 문제의 최적 부분 해가 전체 최적 해를 구성해야 합니다. 예를 들어, 동전 문제에서는 가장 큰 단위의 동전부터 사용하여 최소 동전 수를 구하는 방식이 그리디 알고리즘의 대표적인 사례입니다.

그리디 알고리즘은 정렬을 통해 문제를 해결하는데, 예를 들어 회의실 배정 문제에서는 종료 시간을 기준으로 정렬하여 최대한 많은 회의를 진행할 수 있습니다. 이 알고리즘은 다이나믹 프로그래밍보다 빠르며, 근사치로도 만족할 수 있는 경우에 유용합니다. 따라서 코딩 테스트에서는 최적해가 보장되는 경우에만 그리디 알고리즘을 활용하여 효율적으로 문제를 해결할 수 있습니다.

- 그리디 알고리즘은 현재 최적 선택을 기반으로 함.
- 최적해 보장을 위한 두 가지 조건이 필요.
- 정렬을 통해 문제를 해결하는 것이 핵심.
- 다이나믹 프로그래밍보다 빠른 성능.
- 근사치로도 만족할 수 있는 경우에 유용.

[tags] Greedy, Sorting, Optimal Substructure
[lang] unknown",Greedy,,,_IZuE7NIeW4,"[""Greedy"", ""Sorting"", ""Optimal Substructure""]"
python,https://www.youtube.com/watch?v=AjCZ8jfLHmc,"그리디 알고리즘은 매 순간 로컬 최적의 선택을 통해 최종적으로 글로벌 최적해를 찾는 기법입니다. 이 알고리즘은 미래의 결과를 고려하지 않고 현재의 최선의 선택만을 중시합니다. 예를 들어, 화폐 거슬러주기 문제에서 그리디 알고리즘을 사용하면, 가장 큰 화폐부터 거슬러주어 화폐의 개수를 최소화할 수 있습니다. 한국 화폐의 경우, 화폐 단위가 배수 관계에 있어 그리디 접근이 항상 최적해를 보장합니다.

그리디 알고리즘의 적용 가능성은 문제의 특성에 따라 다르며, 최적해를 보장하기 위해서는 수학적 증명이나 메트로이드 이론을 활용할 수 있습니다. 이 알고리즘은 문제를 해결하는 데 있어 난이도가 높고, 다양한 테크닉을 요구하지만, 수학적 사고를 좋아하는 사람들에게는 흥미로운 분야가 될 수 있습니다.

- 그리디 알고리즘은 로컬 최적 선택을 통해 글로벌 최적해를 찾는 기법이다.
- 화폐 거슬러주기 문제에서 그리디 접근이 최적해를 보장한다.
- 메트로이드 이론을 통해 그리디 알고리즘의 정당성을 증명할 수 있다.
- 문제의 특성에 따라 그리디 알고리즘의 적용 가능성이 달라진다.

[tags] Greedy, Dynamic Programming, Metroid, Minimum Spanning Tree
[lang] unknown",Greedy,,,AjCZ8jfLHmc,"[""Greedy"", ""Dynamic Programming"", ""Metroid"", ""Minimum Spanning Tree""]"
python,https://www.youtube.com/watch?v=hWKZ2G_OQwQ,"그리디 알고리즘은 매 순간 가장 최적의 선택을 통해 문제를 해결하는 방법론으로, 최적 부분 구조와 그리디 선택 속성을 만족해야 적용할 수 있다. 예를 들어, 최단 경로 문제에서 각 단계에서 가장 가까운 지점을 선택하여 전체 최단 경로를 찾는 방식이 이에 해당한다. 그러나 모든 문제에 적용할 수 있는 것은 아니며, 부분 최적이 전체 최적이 되지 않는 경우에는 사용할 수 없다.

대표적인 그리디 알고리즘의 적용 사례로는 최단 작업 우선 스케줄링과 분할 가능 배낭 문제가 있다. 최단 작업 우선 스케줄링에서는 처리 시간이 짧은 사람부터 대기열에 배치하여 평균 대기 시간을 줄이는 방식으로 성능을 향상시킨다. 반면, 공일 배낭 문제는 그리디 알고리즘으로 해결할 수 없으며, 동적 계획법을 통해 해결해야 한다. 분할 가능 배낭 문제로 변형하면 그리디 알고리즘을 적용할 수 있어, 매 순간 가장 높은 단위 가격의 물건을 선택하여 최대 이익을 얻을 수 있다.

- 그리디 알고리즘은 매 순간 최적의 선택을 하는 방법론이다.
- 최적 부분 구조와 그리디 선택 속성이 필요하다.
- 최단 작업 우선 스케줄링과 분할 가능 배낭 문제는 그리디 알고리즘의 적용 사례이다.
- 공일 배낭 문제는 동적 계획법으로 해결해야 한다.

[tags] Greedy, Shortest Path, Scheduling, Knapsack Problem
[lang] unknown",Greedy,,,hWKZ2G_OQwQ,"[""Greedy"", ""Shortest Path"", ""Scheduling"", ""Knapsack Problem""]"
python,https://www.youtube.com/watch?v=8V2zw6Qxarc,"그리디 알고리즘은 현재 상태에서 최선의 선택을 반복하여 전체 문제의 최적 해를 도출하는 방법론이다. 이 알고리즘은 각 단계에서 최선의 선택을 하며, 선택한 해가 전체 문제의 제약 조건을 벗어나지 않는지 확인하고, 최종적으로 전체 문제를 해결할 수 있는지를 검사하는 세 가지 단계를 반복한다. 그러나 그리디 알고리즘은 항상 최적의 해를 보장하지 않기 때문에, 문제를 해결하기 전에 이 방법이 적합한지 판단하는 것이 중요하다.

- 그리디 알고리즘은 현재 상태에서 최선의 선택을 반복하는 방식이다.
- 각 선택이 전체 문제의 제약 조건을 만족하는지 확인해야 한다.
- 최적의 해를 보장하지 않으므로 문제에 따라 사용 여부를 판단해야 한다.

[tags] Greedy
[lang] unknown",Greedy,,,8V2zw6Qxarc,"[""Greedy""]"
python,https://www.youtube.com/watch?v=CxBYY7XTQvI,"그리디 알고리즘(탐욕 알고리즘)은 문제를 해결할 때 매 단계에서 최적의 선택을 하는 방식으로, 로컬 미니멈을 찾는 데 유용하지만 글로벌 미니멈을 보장하지는 않는다. 예를 들어, 동전 바꾸기 문제에서 특정 동전 조합에 따라 그리디 방법이 최적의 해를 제공할 수 있지만, 다른 조합에서는 그렇지 않을 수 있다. 따라서 그리디 알고리즘을 적용할 수 있는 문제인지 판단하는 감각이 중요하며, 다양한 문제를 경험하는 것이 필요하다.

- 그리디 알고리즘은 매 단계에서 최적의 선택을 한다.
- 로컬 미니멈이 글로벌 미니멈이 아닐 수 있다.
- 동전 바꾸기 문제는 그리디 알고리즘의 대표적인 예이다.
- 특정 동전 조합에서는 그리디 방법이 최적 해를 보장하지 않는다.
- 다양한 문제를 풀어보며 그리디 알고리즘에 익숙해져야 한다.

[tags] Greedy, Coin Change
[lang] unknown",Greedy,,,CxBYY7XTQvI,"[""Greedy"", ""Coin Change""]"
python,https://www.youtube.com/watch?v=QTMCbUWfzxE,"for문은 특정 횟수나 리스트의 요소를 반복적으로 처리할 때 사용하는 반복문이다. 예를 들어, 1부터 10까지의 숫자를 순회하거나 특정 리스트의 원소를 하나씩 처리하는 경우에 유용하다. for문은 ""for 변수 in 리스트"" 형태로 사용되며, 리스트의 각 원소가 변수에 순차적으로 할당되어 반복 실행된다. 이 과정에서 조건문과 함께 사용하여 특정 조건을 만족하는 경우에만 출력을 하거나, continue와 break를 통해 반복문을 제어할 수 있다.

또한, range 함수를 사용하면 특정 범위의 숫자를 쉽게 생성할 수 있어, 예를 들어 1부터 100까지의 숫자 중 5의 배수만 출력하는 프로그램을 간단히 작성할 수 있다. range는 시작값과 끝값을 지정하여 연속된 정수를 생성하며, 기본적으로 시작값이 0으로 설정된다.

- for문은 리스트나 범위를 순회하는 데 사용된다.
- continue와 break를 통해 반복문 제어가 가능하다.
- range 함수를 사용하여 특정 범위의 숫자를 쉽게 생성할 수 있다.

[tags] for문, range, 반복문, 조건문
[lang] unknown",Greedy,,,QTMCbUWfzxE,"[""for문"", ""range"", ""반복문"", ""조건문""]"
python,https://www.youtube.com/watch?v=QvSIAB27Vdk,"최적 작업 할당 문제는 주어진 작업의 소요 시간을 최소화하여 작업을 여러 작업자에게 할당하는 문제이다. 이 문제를 해결하기 위해 그리디 알고리즘을 사용하며, 각 작업자는 두 개의 작업을 맡고, 작업들은 독립적이다. 주어진 배열에서 가장 긴 작업과 가장 짧은 작업을 쌍으로 묶어 할당하는 방식으로 진행된다. 이를 위해 배열을 정렬한 후, 양 끝에서부터 작업을 선택하여 쌍을 만든다. 이 방법은 시간 복잡도가 O(n log n)으로, 정렬에 의해 결정된다.

- 작업 배열을 정렬하여 가장 긴 작업과 가장 짧은 작업을 쌍으로 묶는다.
- 각 작업자는 두 개의 작업을 맡는다.
- 최대 소요 시간을 최소화하는 것이 목표이다.
- 그리디 알고리즘을 사용하여 효율적으로 문제를 해결한다.
- 시간 복잡도는 O(n log n)이다.

[tags] Greedy
[lang] python",Greedy,,,QvSIAB27Vdk,"[""Greedy""]"
python,https://www.youtube.com/watch?v=Tu1HaeXPoIY,"탐욕 알고리즘(Greedy Algorithm)은 문제를 해결하는 간단하고 직관적인 접근 방식으로, 각 단계에서 최선의 선택을 하여 전체 최적의 해를 찾으려는 방법이다. 이 알고리즘은 미래의 결과를 고려하지 않고 현재 가장 최적이라고 판단되는 선택을 하며, 이를 위해 두 가지 주요 속성인 탐욕 선택 속성과 최적 부분 구조가 필요하다. 탐욕 선택 속성은 각 단계에서 최선의 선택을 통해 최적의 해를 찾을 수 있음을 의미하고, 최적 부분 구조는 전체 최적 해가 부분 문제의 최적 해로 구성된다는 것을 뜻한다.

예를 들어, 18달러를 최소한의 동전으로 바꾸는 문제에서 탐욕 알고리즘은 가장 큰 동전부터 선택하여 해결한다. 또한, 활동 선택 문제에서는 활동의 종료 시간을 기준으로 정렬한 후, 겹치지 않는 최대 활동 수를 선택하는 방식으로 구현할 수 있다. 이러한 알고리즘은 간단하고 효율적이지만, 특정 조건을 만족하는 문제에만 적용 가능하다.

- 탐욕 알고리즘은 각 단계에서 최선의 선택을 한다.
- 두 가지 속성: 탐욕 선택 속성과 최적 부분 구조가 필요하다.
- 동전 교환 및 활동 선택 문제에 적용 가능하다.
- 구현이 간단하고 효율적이다.
- 모든 문제에 적용되지 않으므로 주의가 필요하다.

[tags] Greedy, Optimal Substructure, Greedy Choice  
[lang] python",Greedy,,,Tu1HaeXPoIY,"[""Greedy"", ""Optimal Substructure"", ""Greedy Choice""]"
python,https://www.youtube.com/watch?v=LnwNndJqn_M,"주어진 문제는 여러 개의 막대를 연결하여 하나의 막대만 남길 때 발생하는 최소 비용을 계산하는 것입니다. 이 문제는 동적 프로그래밍이 아닌 탐욕적(greedy) 접근 방식을 사용해야 합니다. 두 개의 가장 짧은 막대를 선택하여 합친 후, 그 결과를 다시 배열에 추가하는 과정을 반복합니다. 이때 최소 힙(min-heap)을 사용하여 가장 짧은 두 막대를 효율적으로 찾을 수 있습니다.

알고리즘의 흐름은 다음과 같습니다:
1. 막대의 길이가 1이면 비용은 0으로 반환합니다.
2. 막대를 최소 힙으로 변환합니다.
3. 막대가 하나 남을 때까지 반복하며, 두 개의 최솟값을 꺼내 합산하고 비용에 추가합니다.
4. 합산한 값을 다시 힙에 추가합니다.
5. 최종 비용을 반환합니다.

- 최소 힙을 사용하여 두 개의 최솟값을 효율적으로 찾습니다.
- 동적 프로그래밍 대신 탐욕적 접근 방식을 사용해야 합니다.
- 막대가 하나 남을 때까지 반복합니다.

[tags] Greedy, Min-Heap
[lang] python",Greedy,,,LnwNndJqn_M,"[""Greedy"", ""Min-Heap""]"
python,https://www.youtube.com/watch?v=rqVi5coCt5E,"그리디 최우선 탐색 알고리즘은 목표 노드까지의 추정 거리를 기반으로 경로를 선택하는 방법이다. 예를 들어, 목표 노드 8에 도달하기 위해 노드 2, 4, 5를 거치는 경로를 선택하며, 각 노드의 추정 거리를 비교하여 가장 낮은 값을 가진 노드를 우선적으로 탐색한다. 이 알고리즘은 휴리스틱을 사용하여 목표까지의 거리를 추정하고, 이를 통해 빠른 경로를 찾지만, 최적 경로를 보장하지는 않는다. 반면, 균일 비용 탐색은 모든 노드를 방문하여 최단 거리를 계산하므로 더 많은 비용이 소모된다.

그리디 최우선 탐색의 장점은 구현이 간단하고 메모리 사용이 적으며, 좋은 휴리스틱을 사용할 경우 빠른 결과를 얻을 수 있다는 점이다. 그러나 최적 경로를 찾지 못할 수 있으며, 휴리스틱의 품질에 따라 성능이 달라질 수 있다. 이 알고리즘은 특정 문제에 적합하게 조정할 수 있지만, 완전성을 보장하지는 않는다.

- 그리디 최우선 탐색은 휴리스틱을 사용하여 경로를 선택한다.
- 최적 경로를 보장하지 않으며, 특정 상황에서 비효율적일 수 있다.
- 구현이 간단하고 메모리 사용이 적다.
- 휴리스틱의 품질에 따라 성능이 달라진다.

[tags] Greedy, Heuristic, Graph Search
[lang] unknown",Greedy,,,rqVi5coCt5E,"[""Greedy"", ""Heuristic"", ""Graph Search""]"
python,https://www.youtube.com/watch?v=9qpTghPLMhg,"주어진 문제는 그리디 알고리즘을 활용한 간격 스케줄링 문제로, 여러 이벤트 중 최대한 많은 이벤트에 참석할 수 있는 방법을 찾는 것이다. 각 이벤트는 시작 시간과 종료 시간으로 정의되며, 한 사람은 동시에 하나의 이벤트에만 참석할 수 있다. 이 문제를 해결하기 위해서는 이벤트를 종료 시간 기준으로 정렬한 후, 가능한 한 빨리 종료되는 이벤트를 선택하는 것이 중요하다. 

첫 번째 접근 방식으로 시작 시간 기준으로 정렬했을 때, 최적의 결과를 얻지 못하는 경우가 발생했다. 반면, 종료 시간 기준으로 정렬하면 더 많은 이벤트에 참석할 수 있는 조합을 찾을 수 있었다. 알고리즘의 흐름은 다음과 같다: 이벤트를 종료 시간으로 정렬하고, 각 이벤트를 순회하며 현재 시간보다 시작 시간이 늦은 이벤트를 선택하여 참석한다. 이 과정을 통해 최대 참석 가능한 이벤트 수를 계산할 수 있다.

- 그리디 알고리즘을 사용하여 문제 해결
- 이벤트는 종료 시간 기준으로 정렬
- 현재 시간보다 시작 시간이 늦은 이벤트 선택
- 최대 참석 가능한 이벤트 수 계산

[tags] Greedy
[lang] python",Greedy,,,9qpTghPLMhg,"[""Greedy""]"
python,https://www.youtube.com/watch?v=-UraW58KMS4,"정규 표현식에서 반복 수정자(quantifiers)는 탐욕적(greedy)과 비탐욕적(non-greedy) 두 가지 모드로 작동한다. 탐욕적 모드는 기본 동작으로, 가능한 많은 텍스트를 일치시키려 하며, HTML 코드와 같은 예시에서 그 행동을 잘 보여준다. 예를 들어, `.*` 패턴을 사용하면 전체 문자열을 매칭하게 되어, 원하는 부분만을 추출하지 못할 수 있다. 반면 비탐욕적 모드는 가능한 적은 문자만을 매칭하려 하며, 이를 위해 기본 수정자 뒤에 물음표(?)를 추가한다. 이 경우, `.*?`와 같은 패턴을 사용하면 원하는 부분만을 정확히 추출할 수 있다.

이 두 가지 모드의 차이를 이해하는 것은 코드에서 발생할 수 있는 버그를 방지하는 데 중요하다. 비탐욕적 모드를 적절히 사용하면, 정규 표현식의 결과를 보다 정확하게 제어할 수 있다.

- 탐욕적 모드는 가능한 많은 문자를 매칭
- 비탐욕적 모드는 가능한 적은 문자를 매칭
- 비탐욕적 수정자는 기본 수정자 뒤에 '?' 추가
- 정규 표현식의 사용 시 주의 필요

[tags] regex, greedy, non-greedy
[lang] python",Greedy,,,-UraW58KMS4,"[""regex"", ""greedy"", ""non-greedy""]"
python,https://www.youtube.com/watch?v=vFiBKa4VbtU,"정규 표현식에서 탐욕적(greedy) 및 비탐욕적(non-greedy) 수량자에 대해 설명한다. 탐욕적 수량자는 가능한 한 많은 문자를 매칭하려고 하며, 예를 들어 HTML 태그를 찾을 때 `<`와 `>` 사이의 모든 내용을 포함하여 전체 텍스트를 하나의 매칭으로 반환한다. 반면, 비탐욕적 수량자는 매칭을 찾자마자 멈추며, 각 HTML 태그를 개별적으로 매칭할 수 있도록 한다. 이를 위해 수량자 뒤에 물음표(`?`)를 추가하여 비탐욕적 동작을 지정할 수 있다.

- 탐욕적 수량자는 최대한 많은 문자를 매칭.
- 비탐욕적 수량자는 첫 번째 매칭에서 멈춤.
- 비탐욕적 수량자는 `*?` 또는 `+?`와 같이 수량자 뒤에 물음표를 추가하여 사용.
- 정규 표현식의 활용을 통해 HTML 태그를 효과적으로 추출 가능.

[tags] regex, greedy, non-greedy
[lang] python",Greedy,,,vFiBKa4VbtU,"[""regex"", ""greedy"", ""non-greedy""]"
python,https://www.youtube.com/watch?v=dJ7sWiOoK7g,"주어진 문제는 Jump Game 2로, 주어진 정수 배열에서 첫 번째 인덱스에서 마지막 인덱스로 도달하기 위해 필요한 최소 점프 수를 구하는 것이다. 이 문제는 동적 프로그래밍과 탐욕 알고리즘으로 해결할 수 있으며, 탐욕 알고리즘이 O(N)의 시간 복잡도를 가지므로 더 효율적이다. 알고리즘은 BFS와 유사하게 작동하며, 현재 위치에서 가능한 점프를 통해 도달할 수 있는 최대 인덱스를 추적한다.

알고리즘의 흐름은 다음과 같다:
1. 시작 인덱스에서 가능한 점프를 통해 도달할 수 있는 인덱스를 계산한다.
2. 현재 위치에서 가장 멀리 도달할 수 있는 인덱스를 업데이트하고, 점프 수를 증가시킨다.
3. 오른쪽 포인터가 배열의 마지막 인덱스에 도달할 때까지 이 과정을 반복한다.
4. 최종적으로 점프 수를 반환한다.

- 최소 점프 수를 구하는 문제
- 탐욕 알고리즘을 사용하여 O(N) 복잡도로 해결
- BFS와 유사한 접근 방식
- 왼쪽과 오른쪽 포인터를 사용하여 현재 탐색 범위 관리
- 점프 수를 카운트하여 최종 결과 도출

[tags] Greedy, BFS
[lang] unknown",Greedy,,,dJ7sWiOoK7g,"[""Greedy"", ""BFS""]"
python,https://www.youtube.com/watch?v=Ir7LDPU1G9I,"탐욕 알고리즘은 문제 해결 접근 방식으로, 각 단계에서 지역적으로 최적의 선택을 하여 전역 최적해를 찾으려는 방법이다. 즉, 전체적인 상황이나 미래의 결과를 고려하지 않고 가장 즉각적인 최선의 선택을 한다. 탐욕 알고리즘의 주요 특징으로는 최적 부분 구조와 탐욕 선택 속성이 있다. 최적 부분 구조는 원래 문제의 최적 해결책이 하위 문제의 최적 해결책을 포함한다는 것을 의미하며, 탐욕 선택 속성은 지역적으로 최적의 선택이 전역적으로도 최적의 해결책으로 이어질 수 있다는 가정이다.

탐욕 알고리즘은 문제를 작은 부분으로 나누어 각 부분의 최적 해결책이 전체 문제의 최적 해결책에 기여할 때 유용하다. 이러한 알고리즘은 복잡한 문제를 간단하게 해결할 수 있는 강력한 도구가 될 수 있다.

- 탐욕 알고리즘은 즉각적인 최선의 선택을 기반으로 한다.
- 최적 부분 구조와 탐욕 선택 속성이 핵심이다.
- 문제를 작은 하위 문제로 나누어 해결할 때 효과적이다.

[tags] Greedy
[lang] python",Greedy,,,Ir7LDPU1G9I,"[""Greedy""]"
python,https://www.youtube.com/watch?v=uMdAUdlyZfQ,"그리디 알고리즘을 활용하여 최소 동전으로 거스름돈을 주는 문제를 해결하는 방법을 소개한다. 이 문제의 핵심은 주어진 금액에 대해 가장 큰 동전부터 차례로 선택하여 가능한 많은 동전을 사용하는 것이다. 동전을 내림차순으로 정렬한 후, 각 동전을 최대한 많이 사용하여 금액을 줄여 나가고, 최종적으로 금액이 0이 될 때까지 이 과정을 반복한다. 그리디 알고리즘은 각 단계에서 최적의 선택을 목표로 하지만, 항상 완벽한 해답을 보장하지는 않는다. 다양한 통화에 대한 동전 선택 최적화 문제를 시도해보는 것도 좋은 연습이 될 것이다.

- 그리디 알고리즘의 기본 원리
- 동전의 내림차순 정렬
- 최대한 많은 동전 사용
- 최적의 선택을 통한 문제 해결
- 다양한 통화에 대한 적용 가능성

[tags] Greedy
[lang] unknown",Greedy,,,uMdAUdlyZfQ,"[""Greedy""]"
python,https://www.youtube.com/watch?v=lfQvPHGtu6Q,"그리디 알고리즘은 문제를 해결하기 위해 매 단계에서 최적의 선택을 하는 알고리즘이다. 이 알고리즘은 각 단계에서 특정 규칙에 따라 최적의 선택을 하여 전체 문제의 최적 해답에 도달하는 것을 목표로 한다. 예를 들어, 주어진 배열에서 N개의 숫자를 선택해 최대 합을 구하는 문제에서, 그리디 알고리즘은 매 단계에서 가장 큰 숫자를 선택하는 방식으로 해결할 수 있다. 그러나 그리디 알고리즘이 항상 최적의 해를 보장하는 것은 아니며, 특정 조건(그리디 선택 속성과 최적 부분 구조)이 충족될 때만 유효하다.

또한, 그리디 알고리즘은 배낭 문제와 같은 다양한 문제에 적용될 수 있지만, 문제의 변형에 따라 실패할 수도 있다. 예를 들어, 아이템의 일부만 선택할 수 있는 경우와 전체를 선택해야 하는 경우에서 그리디 접근 방식의 결과가 다를 수 있다. 따라서 그리디 알고리즘을 사용할 때는 선택 기준을 신중하게 설정해야 한다.

- 그리디 알고리즘은 매 단계에서 최적의 선택을 한다.
- 그리디 선택 속성과 최적 부분 구조가 필요하다.
- 배낭 문제에서 그리디 접근 방식이 실패할 수 있다.
- 선택 기준을 잘 설정해야 최적의 해를 찾을 수 있다.

[tags] Greedy, Knapsack Problem
[lang] unknown",Greedy,,,lfQvPHGtu6Q,"[""Greedy"", ""Knapsack Problem""]"
python,https://www.youtube.com/watch?v=FHzqn6rSV7Q,"그리디 알고리즘은 순간적으로 최적이라고 판단되는 선택을 통해 문제를 해결하는 방법이다. 그리디 교환 인수는 이러한 그리디 알고리즘의 정당성을 증명하는 기법으로, 최적의 해를 그리디 해로 변환할 수 있음을 보여준다. 이 기법은 두 가지 원칙에 기반한다: 그리디 선택 속성(지역 최적해를 선택하여 전역 최적해를 도출)과 최적 부분 구조(문제의 최적해가 부분 문제의 최적해를 포함).

활동 선택 문제는 그리디 접근법이 효과적인 전형적인 예로, 주어진 활동들 중 겹치지 않는 최대 수의 활동을 선택하는 것이 목표이다. 문제 해결 과정은 다음과 같다: 1) 활동을 종료 시간 기준으로 정렬, 2) 첫 번째 활동 선택, 3) 나머지 활동을 순회하며 마지막 선택된 활동의 종료 시간보다 시작 시간이 큰 경우 선택. 이 알고리즘의 시간 복잡도는 O(n log n)이며, 공간 복잡도는 O(n)이다.

- 그리디 알고리즘은 효율적이고 구현이 간단하다.
- 교환 인수는 그리디 선택이 최적해로 이어짐을 증명하는 데 도움을 준다.
- 활동 선택 문제는 최대 비겹치는 활동 수를 보장한다.

[tags] Greedy, Greedy Exchange Argument, Activity Selection Problem
[lang] python",Greedy,,,FHzqn6rSV7Q,"[""Greedy"", ""Greedy Exchange Argument"", ""Activity Selection Problem""]"
python,https://www.youtube.com/watch?v=UEx6t2Fd63U,"그리디 알고리즘은 문제 해결을 위한 전략으로, 각 단계에서 가장 최적의 선택을 하여 전역 최적해를 찾으려는 접근 방식이다. 그래프 알고리즘에서 그리디 기법은 주로 가중치, 비용, 거리 등의 기준에 따라 간선 선택 및 노드 방문 순서를 결정하는 데 사용된다. 그리디 알고리즘의 주요 특징으로는 간단하고 직관적이며, 즉각적인 최적 선택을 기반으로 하여 결정을 내리고, 한 번 선택한 것은 다시 고려하지 않는다는 점이 있다. 그러나 이러한 알고리즘은 항상 전역 최적해를 보장하지 않으며, 최적 부분 구조와 그리디 선택 속성을 가진 문제에 가장 잘 적용된다.

대표적인 그리디 그래프 알고리즘으로는 크루스칼 알고리즘과 프림 알고리즘, 다익스트라 알고리즘이 있다. 크루스칼 알고리즘은 최소 신장 트리를 찾기 위해 간선을 가중치 순으로 정렬하고, 사이클을 형성하지 않는 간선을 선택하는 방식으로 작동한다. 프림 알고리즘은 시작 정점을 선택하고, 방문한 정점과 연결된 간선 중 최소 가중치를 가진 간선을 선택하여 MST를 구성한다. 다익스트라 알고리즘은 단일 출발 정점에서 모든 정점까지의 최단 경로를 찾는 데 사용되며, 비음수 가중치의 간선이 필요하다.

- 그리디 알고리즘은 간단하고 직관적이다.
- 항상 최적해를 보장하지 않으므로 문제 구조를 분석해야 한다.
- 크루스칼, 프림, 다익스트라 알고리즘이 대표적이다.
- 비음수 가중치가 필요하며, 음수 가중치에는 다른 알고리즘을 사용해야 한다.

[tags] Greedy, Kruskal, Prim, Dijkstra
[lang] python",Greedy,,,UEx6t2Fd63U,"[""Greedy"", ""Kruskal"", ""Prim"", ""Dijkstra""]"
python,https://www.youtube.com/watch?v=cIYpbGgvtHQ,"그리디 알고리즘은 각 단계에서 지역 최적 선택을 통해 문제를 해결하는 기본적인 알고리즘 패러다임이다. 이 접근법은 매 결정 지점에서 가장 좋은 선택을 하여 전역 최적 해를 찾으려는 시도를 한다. 예를 들어, 활동 선택 문제에서는 종료 시간이 가장 이른 활동을 선택하여 최대한 많은 비겹치지 않는 활동을 선택할 수 있다. 또한, 분수 배낭 문제에서는 각 아이템의 가치 대비 무게 비율을 계산하여 내림차순으로 정렬한 후, 가장 높은 비율의 아이템부터 배낭에 채워 넣는 방식으로 최적의 가치를 추출한다.

그리디 알고리즘은 O(n log n)의 시간 복잡도를 가지며, 특정 조건에서만 최적 해를 보장한다. 따라서 문제에 따라 동적 프로그래밍과의 비교가 필요하다. 그리디 선택의 올바름을 증명하기 위해 교환 논증을 사용하고, 엣지 케이스를 고려하는 것이 중요하다. 이러한 알고리즘은 스케줄링, 네트워크 최적화, 데이터 압축 등 다양한 분야에 활용된다.

- 그리디 알고리즘은 지역 최적 선택을 통해 전역 최적 해를 찾는다.
- 활동 선택 문제와 분수 배낭 문제는 그리디 알고리즘의 대표적인 예시이다.
- 시간 복잡도는 O(n log n)이며, 모든 문제에 적용되지 않는다.
- 교환 논증을 통해 그리디 선택의 올바름을 증명해야 한다.
- 엣지 케이스와 복잡도 분석이 중요하다.

[tags] Greedy, Activity Selection, Fractional Knapsack, Huffman Coding
[lang] unknown",Greedy,,,cIYpbGgvtHQ,"[""Greedy"", ""Activity Selection"", ""Fractional Knapsack"", ""Huffman Coding""]"
python,https://www.youtube.com/watch?v=UoRLg-rfb2U,"탐욕 알고리즘은 최적화 문제를 해결하기 위해 사용되는 알고리즘 전략으로, 각 단계에서 지역적으로 최적의 선택을 하여 전역적으로 최적의 해를 찾으려는 특징이 있다. 즉, 현재 순간에서 가능한 최선의 선택을 하며, 이 선택이 미래 단계에 미치는 영향을 고려하지 않는다. 탐욕 알고리즘은 큰 문제를 더 작은 하위 문제로 나누어 각 하위 문제의 최적 해를 선택함으로써 전체 문제의 최적 해를 구성하는 데 유용하다. 그러나 모든 경우에 전역 최적 해를 보장하지는 않으며, 특정 상황에서는 비최적 결과를 초래할 수 있다.

예를 들어, 동전 교환 문제에서 탐욕 알고리즘은 남은 금액을 초과하지 않는 가장 큰 동전 단위를 선택하는 방식으로 작동한다. 이는 미국 동전 시스템과 같이 적절한 동전 단위에서 잘 작동하지만, 다른 동전 조합에서는 실패할 수 있다. 따라서 탐욕 알고리즘은 특정 최적화 문제를 해결하는 데 효과적이지만, 주의 깊은 분석이 필요하다.

- 탐욕 알고리즘은 지역 최적 선택을 통해 전역 최적 해를 추구한다.
- 하위 문제로 나누어 최적 해를 구성하는 데 유용하다.
- 모든 경우에 최적 해를 보장하지 않는다.
- 동전 교환 문제는 탐욕 알고리즘의 대표적인 예이다.

[tags] Greedy
[lang] unknown",Greedy,,,UoRLg-rfb2U,"[""Greedy""]"
python,https://www.youtube.com/watch?v=JkrHQzYPMME,"탐욕 알고리즘(Greedy Algorithms)은 문제를 해결하기 위해 매 단계에서 가장 최선의 선택을 하는 방식으로, 이 강의에서는 그 기본 개념, 특징, 적용 가능성 및 예제를 다룬다. 탐욕 알고리즘은 특정 문제에 대해 최적의 해를 보장하지 않지만, 많은 경우에 효율적인 해결책을 제공한다. 이 강의에서는 활동 선택 문제, 분수 배낭 문제, 작업 스케줄링 문제, 허프만 코딩, 최소 신장 트리 알고리즘(크루스칼 및 프림), 다익스트라의 최단 경로 알고리즘 등 다양한 예제를 통해 탐욕 알고리즘의 적용 방법을 설명한다.

탐욕 알고리즘을 사용할 때는 문제의 구조가 탐욕적 선택 속성을 만족하는지 확인해야 하며, 이 알고리즘의 한계도 인지해야 한다. 강의는 또한 탐욕 알고리즘을 활용한 문제 해결을 위한 팁과 연습 문제를 제공하여 학습을 돕는다.

- 탐욕 알고리즘의 기본 개념과 특징
- 적용 가능한 문제 유형
- 다양한 예제와 코드 제공
- 알고리즘의 한계 및 주의점
- 문제 해결을 위한 팁

[tags] Greedy, Dijkstra, Minimum Spanning Tree, Huffman Coding, Fractional Knapsack
[lang] python",Greedy,,,JkrHQzYPMME,"[""Greedy"", ""Dijkstra"", ""Minimum Spanning Tree"", ""Huffman Coding"", ""Fractional Knapsack""]"
java,https://www.youtube.com/watch?v=LD4AKF9tjro,"그리디 알고리즘은 현재 상황에서 최선의 선택을 통해 문제를 해결하는 방법론이다. 이 알고리즘의 핵심은 현재의 최선이 나중에도 최선이 될 수 있다는 것을 증명하는 것이며, 이를 위해 다양한 예제를 통해 연습하는 것이 중요하다. 예를 들어, 주어진 동전으로 특정 금액을 만들 때, 큰 금액의 동전부터 사용하는 것이 최소 개수를 만드는 방법이 될 수 있다. 그러나 이 방법이 항상 최선이 아닐 수 있으므로, 그리디 접근이 유효한지를 검증하는 과정이 필요하다.

문제 해결 과정에서는 동전의 개수를 반복적으로 확인하며, 큰 금액부터 차감하여 남은 금액을 갱신하는 방식으로 진행된다. 이때 시간 복잡도는 동전의 개수에 비례하며, 자료 구조로는 동전의 금액과 현재 남은 금액을 관리하는 정수형 변수를 사용한다. 그리디 알고리즘을 실전에서 적용하기 위해서는 평소에 연습하고, 그리디 접근이 적합한지를 판단하는 능력을 기르는 것이 중요하다.

- 그리디 알고리즘의 핵심은 현재 최선의 선택이 나중에도 최선이 될 수 있음을 증명하는 것.
- 동전 문제를 통해 그리디 접근의 유효성을 검증하는 연습 필요.
- 시간 복잡도는 동전의 개수에 비례.
- 자료 구조로는 동전 금액과 남은 금액을 관리하는 정수형 변수 사용.

[tags] Greedy
[lang] unknown",Greedy,,,LD4AKF9tjro,"[""Greedy""]"
java,https://www.youtube.com/watch?v=xcnNShLYQ3A,"스큐힙은 구조적 제약이 없는 자료구조로, 각 노드의 NPL을 계산할 필요 없이 자식 노드의 NPL을 비교하지 않고도 작동합니다. 이 힙은 루트 방향으로 거슬러 올라가면서 무조건 현재 노드의 왼쪽과 오른쪽 서브트리를 교환하여 스스로 조절하는 형태를 유지합니다. 이러한 특성 덕분에 스큐힙은 'self-adjusting heap'이라고도 불리며, 왼쪽으로 치우친 형태를 자연스럽게 형성합니다. 스큐힙의 장점은 조건 검사가 필요 없고, 구조적 제약이 없다는 점입니다.

바이노미어 힙은 이항 트리로 구성된 힙으로, 각 노드는 차수에 따라 자식 노드를 가집니다. 이 힙은 삽입, 최소값 삭제, 키 감소, 삭제 및 컴바인 연산을 지원하며, 이항 트리의 특성을 활용하여 효율적인 연산을 수행합니다. 이진 힙은 완전 이진 트리로 부모의 우선순위가 자식보다 높은 구조를 가지며, 최소힙과 최대힙으로 나뉩니다.

- 스큐힙은 NPL 계산이 필요 없는 self-adjusting heap.
- 바이노미어 힙은 이항 트리로 구성된 힙.
- 이진 힙은 완전 이진 트리로 부모의 우선순위가 자식보다 높음.
- 스큐힙은 조건 검사가 필요 없어 효율적.
- 바이노미어 힙은 다양한 연산을 지원.

[tags] 스큐힙, 바이노미어 힙, 이진 힙
[lang] unknown",Greedy,,,xcnNShLYQ3A,"[""스큐힙"", ""바이노미어 힙"", ""이진 힙""]"
java,https://www.youtube.com/watch?v=UcjK_k5PLHI,"스트링 매칭은 두 문자열 간의 부분 문자열을 찾는 문제로, KMP 알고리즘과 롤링 해시(Robin-Karp) 알고리즘을 통해 효율적으로 해결할 수 있다. KMP 알고리즘은 O(N) 시간 복잡도를 가지며, 문자열의 반복 패턴 정보를 활용하여 불필요한 비교를 줄인다. 이 알고리즘은 두 개의 포인터를 사용하여 문자열을 비교하고, 미스매치가 발생했을 때 이전에 계산된 패턴 정보를 바탕으로 포인터를 이동시켜 매칭을 시도한다.

롤링 해시는 해시 값을 이용하여 문자열을 비교하는 방법으로, 슬라이딩 윈도우 기법을 통해 효율적으로 해시 값을 계산하고 비교한다. 이 방법은 해시 충돌을 대비하여 실제 문자열 비교를 추가로 수행한다. 두 알고리즘 모두 스트링 매칭 문제를 해결하는 데 유용하며, 특히 KMP 알고리즘은 O(N)의 시간 복잡도를 기억하는 것이 중요하다.

- KMP 알고리즘은 O(N) 시간 복잡도를 가진다.
- 롤링 해시는 해시 값을 이용한 문자열 비교 방법이다.
- 두 알고리즘 모두 문자열 매칭 문제에 적합하다.
- KMP는 반복 패턴 정보를 활용하여 효율성을 높인다.
- 해시 충돌을 대비한 문자열 비교가 필요하다.

[tags] KMP, Rolling Hash
[lang] unknown",Greedy,,,UcjK_k5PLHI,"[""KMP"", ""Rolling Hash""]"
java,https://www.youtube.com/watch?v=tzn0QTQyVFE,"주어진 문제는 서로 다른 n개의 자연수의 합이 s일 때, n의 최대 값을 구하는 것입니다. 이 문제를 해결하기 위해서는 가능한 한 작은 자연수부터 더해가며 합이 s를 초과하지 않도록 해야 합니다. 작은 수부터 더하는 방식은 그리디 알고리즘의 일종으로, 최대한 많은 자연수를 사용하여 합을 만들 수 있도록 합니다. 

구현 과정에서는 먼저 자연수의 합을 계산하고, 합이 s를 초과할 경우 마지막에 더한 두 수를 조정하여 정확한 합을 맞추는 방식으로 진행됩니다. 이때, n의 값을 카운트하여 최종적으로 출력합니다. 이 알고리즘의 시간 복잡도는 O(n)으로, n은 s에 비례하여 증가합니다.

- 서로 다른 자연수의 합을 구하는 문제
- 그리디 알고리즘을 활용하여 작은 수부터 더하기
- 합이 초과할 경우 마지막 두 수 조정
- 시간 복잡도: O(n)

[tags] Greedy
[lang] unknown",Greedy,,,tzn0QTQyVFE,"[""Greedy""]"
java,https://www.youtube.com/watch?v=zAQoARYOa6g,"분기 한정은 최적화 문제를 해결하기 위한 알고리즘으로, 상태 공간 트리를 기반으로 하여 유망한 노드만 탐색하는 방식이다. 이 알고리즘은 각 노드에서 한계값을 계산하여, 이 값이 현재까지 찾은 최적해보다 좋을 경우에만 탐색을 계속 진행한다. 만약 한계값이 더 크거나, 더 이상 선택할 수 있는 해가 없다면 탐색을 중단한다. 이를 통해 불필요한 경로를 배제하고, 최적해를 빠르게 찾을 수 있다.

분기 한정의 핵심은 최선 우선 탐색(Best-First Search)으로, 가장 유망한 노드를 우선적으로 탐색하는 방식이다. 이 과정에서 각 노드의 유망성을 판단하기 위해 한계값을 지속적으로 업데이트하며, 최적해를 찾기 위한 효율적인 경로를 설정한다. 이 알고리즘은 넵셋 문제나 일 배정 문제와 같은 다양한 최적화 문제에 적용될 수 있다.

- 분기 한정은 최적화 문제 해결을 위한 알고리즘이다.
- 상태 공간 트리를 기반으로 하여 유망한 노드만 탐색한다.
- 한계값을 계산하여 탐색 여부를 결정한다.
- 최선 우선 탐색을 통해 가장 유망한 경로를 우선적으로 탐색한다.
- 넵셋 문제와 일 배정 문제에 활용된다.

[tags] 분기 한정, 최선 우선 탐색, 상태 공간 트리, 최적화 문제
[lang] unknown",Greedy,,,zAQoARYOa6g,"[""분기 한정"", ""최선 우선 탐색"", ""상태 공간 트리"", ""최적화 문제""]"
java,https://www.youtube.com/watch?v=ETKRulCNHW4,"탐욕 알고리즘, 또는 그리디 알고리즘은 문제를 해결할 때 매 순간 최적의 선택을 하는 방식으로, 잔돈 계산 문제를 통해 설명된다. 예를 들어, 4천원짜리 물건을 사는 경우 만원을 지불하고 거스름돈을 받을 때, 가장 큰 화폐 단위부터 사용하여 잔돈을 계산하는 것이 효율적이다. 이 알고리즘은 모든 경우의 수를 고려하지 않고, 현재 상황에서 가장 큰 단위를 우선적으로 선택하여 문제를 해결한다.

이 알고리즘의 구현은 주어진 금액에서 가능한 화폐 단위를 순회하며, 잔돈을 차감해 나가는 방식으로 진행된다. 각 화폐 단위에 대해 몇 장을 줄 수 있는지를 계산하고, 잔돈이 0이 될 때까지 반복한다. 이 과정은 간단하면서도 효과적이며, 잔돈 문제 외에도 다양한 상황에서 활용될 수 있다.

- 탐욕 알고리즘은 매 순간 최적의 선택을 한다.
- 잔돈 계산 문제는 이 알고리즘의 대표적인 예시이다.
- 가장 큰 화폐 단위부터 사용하여 잔돈을 계산한다.
- 반복문을 통해 잔돈이 0이 될 때까지 진행된다.
- 다양한 문제에 적용 가능하며, 기본적인 알고리즘 패턴이다.

[tags] Greedy
[lang] unknown",Greedy,,,ETKRulCNHW4,"[""Greedy""]"
java,https://www.youtube.com/watch?v=6O0BNT2nhzY,"탐욕 알고리즘(Greedy Algorithm)은 문제를 해결하기 위해 각 단계에서 최선의 선택을 하여 최적의 해를 찾는 직관적인 방법이다. 이 알고리즘은 미래의 결과를 고려하지 않고, 현재의 최적 선택만을 기반으로 진행되며, 결정이 잘못되더라도 되돌리지 않는다. 탐욕 알고리즘을 적용하기 위해서는 두 가지 주요 속성이 필요하다: 첫째, 탐욕 선택 속성으로, 문제는 각 단계에서 지역적으로 최적의 선택을 통해 해결 가능해야 하며, 둘째, 최적 부분 구조로, 문제의 최적 해는 하위 문제의 최적 해로부터 구성될 수 있어야 한다.

예를 들어, 동전 교환 문제에서 18달러를 5달러, 2달러, 1달러 동전으로 교환할 때, 탐욕 알고리즘은 가장 큰 동전부터 선택하여 최적의 해를 도출한다. 자바에서 탐욕 알고리즘은 간단한 반복문과 조건문을 사용하여 구현할 수 있으며, 다양한 문제에 적용 가능하다. 그러나 이 알고리즘은 특정 조건을 만족하는 문제에만 효과적이다.

- 탐욕 알고리즘은 각 단계에서 최적 선택을 한다.
- 두 가지 속성: 탐욕 선택 속성, 최적 부분 구조.
- 자바에서 쉽게 구현 가능.
- 다양한 문제에 적용 가능: 작업 스케줄링, 최단 경로 찾기 등.

[tags] Greedy, Java
[lang] java",Greedy,,,6O0BNT2nhzY,"[""Greedy"", ""Java""]"
java,https://www.youtube.com/watch?v=5a5jlvarYGM,"주어진 문제는 2D 배열로 표현된 시간 간격(intervals)에서 겹치지 않는 최대의 간격 집합을 찾는 것이다. 이를 위해 먼저 간격을 종료 시간에 따라 정렬한 후, 각 간격을 순회하면서 이전에 선택된 간격과 겹치지 않는 경우에만 해당 간격을 선택한다. 이 과정에서 마지막으로 선택된 간격의 종료 시간을 추적하여 다음 간격의 시작 시간이 이 종료 시간보다 큰지를 확인한다. 이러한 방식으로 최적의 간격 집합을 구성하고, 최종적으로 선택된 간격들을 반환한다.

- 간격을 종료 시간 기준으로 정렬하여 최대 간격 수를 확보
- 이전 간격과의 겹침 여부를 확인하여 선택
- 선택된 간격의 종료 시간을 업데이트하며 반복
- 그리디 알고리즘을 사용하여 최적의 해를 도출

[tags] Greedy
[lang] unknown",Greedy,,,5a5jlvarYGM,"[""Greedy""]"
java,https://www.youtube.com/watch?v=b7Snx1rOOzA,"정규 표현식에서 탐욕적 수량자(greedy quantifiers)는 특정 패턴의 최대 일치를 찾도록 설계되어 있습니다. 이 튜토리얼에서는 여섯 가지 주요 탐욕적 수량자(물음표, 별표, 더하기, 중괄호 등)를 소개하고, 각각의 사용 예를 통해 그 작동 방식을 설명합니다. 예를 들어, 물음표는 0회 또는 1회 일치를, 별표는 0회 이상의 일치를 의미합니다. 또한, 'Mississippi'와 같은 문자열을 통해 수량자가 어떻게 작동하는지 보여줍니다.

탐욕적 수량자는 가능한 한 많은 문자열을 반환하려고 하며, 이로 인해 때때로 예상과 다른 결과를 초래할 수 있습니다. 예를 들어, ""happy""와 ""dogs"" 사이에 있는 모든 문자열을 찾으려 할 때, 탐욕적 수량자는 가장 긴 일치를 반환합니다. 반면, 비탐욕적 수량자(reluctant quantifiers)는 더 짧은 일치를 반환할 수 있습니다. 이 튜토리얼은 탐욕적 수량자의 기본 개념과 사용법을 이해하는 데 도움을 줍니다.

- 탐욕적 수량자는 최대 일치를 찾는다.
- 물음표는 0 또는 1회 일치를 의미한다.
- 별표는 0회 이상의 일치를 의미한다.
- 비탐욕적 수량자는 짧은 일치를 반환할 수 있다.
- 정규 표현식의 작동 방식에 대한 이해가 필요하다.

[tags] greedy quantifiers, regular expressions
[lang] java",Greedy,,,b7Snx1rOOzA,"[""greedy quantifiers"", ""regular expressions""]"
java,https://www.youtube.com/watch?v=t6IysFr31BE,"이번 강의에서는 그리디 알고리즘을 활용한 동전 교환 문제를 다룹니다. 사용자가 입력한 금액에 대해 가장 큰 단위의 동전부터 차례로 빼면서 필요한 동전의 개수를 계산하는 방식입니다. 초기 설정으로 사용자 입력을 받고, 동전의 개수를 세기 위한 변수를 초기화한 후, while 루프를 사용하여 각 동전의 가치를 기준으로 반복적으로 계산합니다. 이 과정에서 동전의 가치를 25센트(쿼터), 10센트(다임), 5센트(니켈), 1센트(페니)로 설정하고, 각 동전의 개수를 증가시킵니다.

이 알고리즘은 소액 거래에 적합하지만, 큰 금액의 거래에서는 더 큰 단위의 지폐를 추가하여 처리할 수 있도록 확장할 수 있습니다. 이 경우, 동전의 가치를 소수로 변환하여 계산하는 방법을 사용합니다. 그리디 알고리즘은 실제 상황에서 유용하게 적용될 수 있으며, 코드 구현을 통해 그 효율성을 확인할 수 있습니다.

- 그리디 알고리즘의 기본 개념 이해
- 사용자 입력 처리 및 동전 개수 초기화
- while 루프를 통한 동전 계산
- 소액 및 대액 거래에 대한 처리 방법
- 실제 상황에서의 적용 가능성

[tags] Greedy
[lang] java",Greedy,,,t6IysFr31BE,"[""Greedy""]"
java,https://www.youtube.com/watch?v=ilYwrsP7zzk,"그리디 알고리즘은 문제 해결을 위해 각 단계에서 지역적으로 최적의 결정을 내리는 방법론으로, 이를 통해 전역 최적해를 도출하는 것을 목표로 한다. 예를 들어, 한 사람이 친구에게 최소한의 동전으로 특정 금액을 전달해야 할 때, 가장 큰 동전부터 선택하여 필요한 금액을 맞추는 방식으로 문제를 해결할 수 있다. 이 알고리즘은 간단하게 이해하고 구현할 수 있으며, 시간 복잡도도 합리적이다. 그러나 모든 경우에 전역 최적해를 보장하지 않기 때문에, 그리디 선택 속성과 최적 부분 구조라는 두 가지 조건이 충족될 때만 적용할 수 있다.

그리디 알고리즘의 응용 예로는 최소 신장 트리 생성(프림 및 크루스칼 알고리즘), 허프만 코딩, 그리고 활동 선택 문제, 작업 선택 문제, 분수 배낭 문제 등이 있다. 이러한 문제들은 각 단계에서 지역 최적의 결정을 통해 해결할 수 있다.

- 그리디 알고리즘은 지역 최적 선택을 통해 전역 최적해를 추구한다.
- 적용 가능성은 그리디 선택 속성과 최적 부분 구조에 의존한다.
- 허프만 코딩, 최소 신장 트리 생성 등 다양한 문제에 활용된다.
- 모든 문제에 대해 최적해를 보장하지 않으므로 주의가 필요하다.

[tags] Greedy, Minimum Spanning Tree, Huffman Coding, Activity Selection, Fractional Knapsack
[lang] unknown",Greedy,,,ilYwrsP7zzk,"[""Greedy"", ""Minimum Spanning Tree"", ""Huffman Coding"", ""Activity Selection"", ""Fractional Knapsack""]"
java,https://www.youtube.com/watch?v=baqFjMIHqtg,"그리디 알고리즘은 각 단계에서 지역적으로 최적의 선택을 통해 최종적으로 최적의 해를 찾는 방법이다. 본 강의에서는 동전 교환 문제를 해결하기 위한 캐셔 알고리즘을 다룬다. 이 알고리즘은 주어진 금액을 지불하기 위해 가장 큰 동전부터 선택하여 남은 금액을 줄여나가는 방식으로 작동한다. 알고리즘의 주요 단계는 동전의 종류를 정렬하고, 지불할 금액에 대해 최대 동전을 찾은 후, 해당 동전을 배열에 추가하고 금액에서 동전의 가치를 빼는 과정을 반복하는 것이다.

이 알고리즘을 구현하기 위해 Java를 사용하며, 동전의 이름과 가치를 배열로 정의하고, 사용자로부터 입력받은 금액에 대해 필요한 동전의 개수를 계산하여 출력한다. 주의할 점은 소수점 이하 두 자리까지 정확하게 계산해야 하며, 이를 위해 금액을 100배하여 정수로 처리하는 방법을 사용한다.

- 그리디 알고리즘의 정의: 지역적으로 최적의 선택
- 캐셔 알고리즘의 단계: 동전 정렬, 최대 동전 찾기, 금액 차감
- Java를 사용하여 구현
- 소수점 처리 주의: 두 자리까지 유지

[tags] Greedy, Coin Change, Java
[lang] java",Greedy,,,baqFjMIHqtg,"[""Greedy"", ""Coin Change"", ""Java""]"
java,https://www.youtube.com/watch?v=SbrX-fmg_b8,"버블 정렬 알고리즘은 주어진 배열을 오름차순으로 정렬하는 방법으로, 두 개의 중첩된 for 루프를 사용하여 인접한 요소들을 비교하고 교환하는 방식으로 작동합니다. 첫 번째 for 루프는 전체 배열을 반복하여 각 요소를 확인하고, 두 번째 for 루프는 인접한 두 요소를 비교하여 정렬이 필요할 경우 교환합니다. 이 과정은 배열의 가장 큰 수가 매 반복마다 뒤로 이동하게 하여, 최종적으로 모든 요소가 정렬될 때까지 반복됩니다. 이 알고리즘의 시간 복잡도는 O(n^2)로, 배열의 크기가 커질수록 성능이 저하됩니다.

- 버블 정렬은 인접한 요소를 비교하여 교환하는 방식으로 작동
- 두 개의 중첩된 for 루프를 사용하여 정렬 수행
- 첫 번째 루프는 반복 횟수를, 두 번째 루프는 요소 교환을 담당
- 시간 복잡도는 O(n^2)로 비효율적일 수 있음
- 배열이 이미 정렬된 경우 불필요한 반복이 발생할 수 있음

[tags] Bubble Sort
[lang] java",Greedy,,,SbrX-fmg_b8,"[""Bubble Sort""]"
java,https://www.youtube.com/watch?v=bm_Qszi7I2c,"주어진 문제는 정렬된 파일들을 최적의 방식으로 병합하는 것입니다. 이 문제는 그리디 알고리즘의 일종으로, 각 단계에서 가장 작은 두 파일을 선택하여 병합하는 방식으로 진행됩니다. 병합 비용은 두 파일의 크기를 합한 값으로 정의되며, 이 과정을 반복하여 최종적으로 하나의 파일로 병합합니다. 최적의 병합을 위해 최소 힙(min heap) 자료구조를 사용하여 매 단계에서 가장 작은 두 파일을 쉽게 추출하고, 병합 후 생성된 파일을 다시 힙에 추가합니다.

이 알고리즘의 시간 복잡도는 O(n log n)이며, 이는 n개의 파일을 병합하는 과정에서 최소 힙의 특성을 활용하기 때문입니다. 최적의 병합 방식은 무작위 접근보다 훨씬 낮은 비용을 발생시키며, 항상 최적의 결과를 보장합니다.

- 병합 비용은 두 파일 크기의 합으로 정의됨
- 매 단계에서 두 개의 가장 작은 파일을 선택하여 병합
- 최소 힙을 사용하여 효율적으로 파일 추출 및 추가
- 시간 복잡도: O(n log n)
- 최적의 병합 방식은 무작위 접근보다 비용이 낮음

[tags] Greedy, Min-Heap
[lang] unknown",Greedy,,,bm_Qszi7I2c,"[""Greedy"", ""Min-Heap""]"
java,https://www.youtube.com/watch?v=oKwtewdPAjk,"주어진 문제는 분수 배낭 문제로, 제한된 용량의 배낭에 최대 가치를 가지도록 아이템을 담는 것입니다. 아이템은 무게와 가치를 가지며, 분수 배낭 문제에서는 아이템의 일부를 선택할 수 있습니다. 이 문제를 해결하기 위해 아이템의 가치 대비 무게 비율을 계산하고, 이 비율이 높은 순서로 아이템을 정렬한 후 배낭에 담아 최대 가치를 추구합니다.

구체적인 과정은 다음과 같습니다:
1. 각 아이템의 가치 대비 무게 비율을 계산합니다.
2. 비율에 따라 아이템을 내림차순으로 정렬합니다.
3. 배낭의 남은 용량에 따라 아이템을 전부 또는 일부 담습니다.
4. 모든 아이템을 처리하거나 배낭의 용량이 소진될 때까지 반복합니다.

이 알고리즘의 시간 복잡도는 O(n log n)이며, 공간 복잡도는 O(n)입니다.

- 분수 배낭 문제의 정의
- 가치 대비 무게 비율 계산
- 아이템 정렬 및 선택 과정
- 시간 복잡도 O(n log n)
- 공간 복잡도 O(n)

[tags] Greedy, Fractional Knapsack
[lang] unknown",Greedy,,,oKwtewdPAjk,"[""Greedy"", ""Fractional Knapsack""]"
java,https://www.youtube.com/watch?v=cwQa3hK_d9w,"레모네이드 체인지 문제는 고객이 5, 10, 20 루피로 레모네이드를 구매할 때, 적절한 거스름돈을 제공할 수 있는지를 판단하는 그리디 알고리즘 문제입니다. 처음에는 거스름돈이 없고, 고객이 5 루피를 주면 레모네이드를 제공하고 5 루피를 받습니다. 10 루피를 주면 5 루피를 거슬러 주어야 하며, 20 루피를 주면 15 루피를 거슬러 줘야 합니다. 이때, 10 루피와 5 루피를 우선적으로 사용하여 거스름돈을 주는 것이 최적의 선택입니다. 

알고리즘은 각 고객의 지불을 순회하며, 5 루피가 있으면 증가시키고, 10 루피가 오면 5 루피가 있는지 확인 후 거슬러 줍니다. 20 루피의 경우, 10 루피와 5 루피가 모두 있는지 또는 5 루피가 3개 있는지를 체크하여 거스름돈을 제공합니다. 모든 거래를 성공적으로 처리할 수 있으면 true를 반환하고, 그렇지 않으면 false를 반환합니다. 이 알고리즘의 시간 복잡도는 O(n)이며, 공간 복잡도는 O(1)입니다.

- 고객이 5 루피를 주면 레모네이드를 제공.
- 10 루피를 주면 5 루피 거스름돈 필요.
- 20 루피를 주면 15 루피 거스름돈 필요.
- 거스름돈을 줄 수 없으면 false 반환.
- 시간 복잡도 O(n), 공간 복잡도 O(1).

[tags] Greedy
[lang] unknown",Greedy,,,cwQa3hK_d9w,"[""Greedy""]"
c,https://www.youtube.com/watch?v=ihy4UZbTJxs,"주어진 문제는 길이 n인 배열에 1부터 n까지의 숫자가 중복 없이 포함되어 있는지를 확인하는 프로그램을 작성하는 것입니다. 이 문제를 해결하기 위해 배열의 인덱스를 활용하여 각 숫자의 출현 횟수를 카운트하는 방법을 사용합니다. 배열의 각 인덱스에 해당 숫자가 등장할 때마다 그 인덱스의 값을 증가시키고, 최종적으로 모든 인덱스의 값이 1이면 true를 반환하고, 그렇지 않으면 false를 반환합니다.

이 알고리즘의 시간 복잡도는 O(n)이며, 공간 복잡도는 O(n)입니다. 입력 배열의 길이는 최대 10만이며, 각 원소는 0 이상 10만 이하의 정수입니다. 이 문제는 카운트 정렬과 유사한 접근 방식을 사용하여 효율적으로 해결할 수 있습니다.

- 배열의 길이는 최대 10만.
- 각 원소는 0 이상 10만 이하.
- 중복이 있거나 빈 자리가 있으면 false 반환.
- 모든 숫자가 정확히 한 번씩 등장하면 true 반환.
- 시간 복잡도 O(n), 공간 복잡도 O(n).

[tags] 
[""Counting"", ""Array"", ""Validation""]
[lang] unknown",Greedy,,,ihy4UZbTJxs,[]
c,https://www.youtube.com/watch?v=YFIusM9mALg,"여러 선수들이 마라톤에 참여했으나 한 명이 완주하지 못한 상황에서, 참가자 배열과 완주자 배열을 비교하여 완주하지 못한 선수를 찾는 문제를 다룬다. 이 문제를 해결하기 위한 두 가지 방법이 제시된다. 첫 번째 방법은 두 배열을 정렬한 후, 인덱스를 비교하여 다를 경우 완주하지 못한 선수를 찾는 방식이다. 이때, 모든 인덱스를 비교한 후에도 찾지 못하면 참가자 배열의 마지막 선수가 완주하지 못한 선수임을 알 수 있다. 두 번째 방법은 해시맵을 사용하여 참가자 이름을 키로 하고 카운트를 값으로 저장한 후, 완주자 배열의 선수들을 제거하여 남은 선수 중 카운트가 0이 아닌 선수를 찾는 방식이다. 이 두 방법 모두 효율적으로 문제를 해결할 수 있다.

- 두 배열을 정렬 후 인덱스 비교
- 해시맵을 사용하여 참가자 카운트 관리
- 완주하지 못한 선수는 항상 한 명
- 시간 복잡도: O(n log n) (정렬) 또는 O(n) (해시)

[tags] sorting, hash
[lang] unknown",Greedy,,,YFIusM9mALg,"[""sorting"", ""hash""]"
c,https://www.youtube.com/watch?v=PoSX5iZ07C0,"힙 정렬은 주어진 배열을 최대 힙으로 변환한 후, 정렬을 수행하는 알고리즘입니다. 먼저, 배열을 힙 구조로 변환하는 '히피파이' 작업을 통해 최대 힙을 생성합니다. 이 과정에서 부모 노드와 자식 노드의 값을 비교하여 힙의 성질을 유지합니다. 이후, 배열의 첫 번째 요소(최대값)와 마지막 요소를 교환하고, 힙의 크기를 줄여가며 다시 히피파이를 반복합니다. 이 과정을 배열의 크기만큼 반복하여 최종적으로 정렬된 배열을 얻습니다.

힙 정렬의 시간 복잡도는 O(n log n)으로, 힙을 구성하는 데 log n의 시간이 소요되고, 이를 n번 반복하기 때문입니다. 이 알고리즘은 안정적이지 않으며, 추가적인 메모리 공간을 필요로 하지 않는 장점이 있습니다.

- 힙 정렬은 최대 힙을 기반으로 한다.
- '히피파이' 작업을 통해 힙 구조를 유지한다.
- 배열의 첫 번째와 마지막 요소를 교환하여 정렬을 진행한다.
- 시간 복잡도는 O(n log n)이다.
- 안정적이지 않지만 추가 메모리 사용이 없다.

[tags] 힙정렬, 최대힙, 히피파이
[lang] unknown",Greedy,,,PoSX5iZ07C0,"[""힙정렬"", ""최대힙"", ""히피파이""]"
c,https://www.youtube.com/watch?v=PBpED-PBh60,"그리디 알고리즘은 특정 문제를 해결하기 위해 매 단계에서 가장 최선의 선택을 하는 방법론이다. 이 강의에서는 작업 스케줄링 문제를 통해 그리디 알고리즘의 개념을 설명한다. 예를 들어, 주어진 작업의 실행 시간을 최소화하기 위해 가장 짧은 작업부터 실행하는 방식이 최적의 해를 보장한다. 이를 통해 작업의 완료 시간을 최소화할 수 있으며, 이는 평균 대기 시간을 줄이는 데 기여한다.

그리디 알고리즘이 항상 최적의 해를 보장하는 것은 아니지만, 특정 조건을 만족하는 경우에는 효과적이다. 예를 들어, 작업의 실행 시간이 짧은 순서로 스케줄링하면 전체 완료 시간이 줄어드는 것을 확인할 수 있다. 이러한 최적 구조는 문제의 하위 문제에서도 최적의 해를 포함해야 함을 의미한다.

- 그리디 알고리즘은 매 단계에서 최선의 선택을 한다.
- 작업 스케줄링 문제에서 가장 짧은 작업을 먼저 실행하는 것이 최적의 해를 보장한다.
- 모든 문제에 대해 그리디 알고리즘이 최적의 해를 제공하지는 않는다.
- 최적 구조는 하위 문제의 최적 해를 포함해야 한다.

[tags] Greedy, Job Scheduling
[lang] unknown",Greedy,,,PBpED-PBh60,"[""Greedy"", ""Job Scheduling""]"
c,https://www.youtube.com/watch?v=Px3oO-kH-I0,"이 프로그램은 그리디 알고리즘을 사용하여 최소한의 동전으로 거스름돈을 반환하는 기능을 구현한다. 사용자가 입력한 금액에 대해, 프로그램은 쿼터(25센트), 다임(10센트), 니켈(5센트), 페니(1센트)를 이용해 최소한의 동전 개수를 계산한다. 사용자가 입력한 금액이 75센트일 경우, 프로그램은 3개의 쿼터를 반환하며, 89센트일 경우에는 3개의 쿼터, 1개의 다임, 4개의 페니를 반환한다.

프로그램은 표준 입력을 통해 사용자의 입력을 받고, 각 동전의 개수를 세기 위해 반복문을 사용한다. 각 동전의 가치를 기준으로 남은 금액에서 해당 동전의 가치를 차감하며, 최종적으로 각 동전의 개수를 출력한다. 이 알고리즘은 동전의 가치가 정해져 있을 때 최적의 해를 보장한다.

- 그리디 알고리즘을 사용하여 최소 동전 계산
- 쿼터, 다임, 니켈, 페니를 사용
- 사용자 입력을 통해 금액을 받음
- 반복문을 통해 동전 개수 계산
- 최적의 해를 보장하는 조건

[tags] Greedy
[lang] unknown",Greedy,,,Px3oO-kH-I0,"[""Greedy""]"
c,https://www.youtube.com/watch?v=w2sDt45Fo1Y,"이 영상에서는 주어진 금액에 대해 최소한의 동전으로 거스름돈을 만드는 그리디 알고리즘을 C 언어로 구현하는 방법을 설명한다. 사용되는 동전은 25센트(쿼터), 10센트(다임), 5센트(니켈), 1센트(페니)로 제한되며, 프로그램은 입력된 금액에 대해 각 동전의 개수를 계산하여 출력한다. 알고리즘은 각 동전의 가치를 기준으로 최대한 많은 동전을 사용하여 금액을 줄여나가는 방식으로 작동한다.

주요 흐름은 다음과 같다:
1. 동전 세트를 배열로 정의하고, 입력된 금액을 바탕으로 각 동전의 개수를 계산한다.
2. 각 동전의 가치가 남은 금액보다 작거나 같을 경우, 해당 동전의 개수를 계산하고 남은 금액을 업데이트한다.
3. 모든 동전의 계산이 끝나면 결과를 출력한다.

- 동전 세트는 25, 10, 5, 1로 구성된다.
- 입력 금액에 따라 동전의 개수를 동적으로 계산한다.
- C 언어를 사용하여 구현한다.

[tags] Greedy, C
[lang] c",Greedy,,,w2sDt45Fo1Y,"[""Greedy"", ""C""]"
c,https://www.youtube.com/watch?v=SJNJMYbdsRM,"이 강의에서는 Tate McRae의 곡을 연주하는 방법에 대해 설명하고 있다. 강사는 곡의 비트와 스트로크 패턴을 강조하며, E minor, C, A minor, D 코드의 전환을 통해 곡을 구성하는 방법을 안내한다. 특히, 각 코드에 대해 동일한 스트로크 패턴을 유지하면서도 변화를 주는 방법을 설명하고, 후렴구를 부드럽게 연결하는 기법을 소개한다. 강사는 이 곡이 매력적이며 반복해서 듣고 싶어질 것이라고 언급하며, 다른 곡에 대한 요청도 받는다.

- E minor, C, A minor, D 코드 사용
- 스트로크 패턴: down, down, up, slap, down, up
- 후렴구를 부드럽게 연결하는 기법
- 비트와 코드 전환의 중요성 강조
- 곡의 매력과 반복 청취 의사 표현

[tags] 
[lang] unknown",Greedy,,,SJNJMYbdsRM,[]
c,https://www.youtube.com/watch?v=OOKJZDziSUM,"주어진 문제는 비겹치는 구간(Non-overlapping Intervals)을 찾는 것으로, 최소한의 구간을 제거하여 나머지 구간들이 겹치지 않도록 만드는 것입니다. 이 문제는 그리디 알고리즘을 사용하여 해결할 수 있으며, 먼저 구간을 종료 시간 기준으로 정렬한 후, 이전 구간의 종료 시간과 현재 구간의 시작 시간을 비교하여 겹치는 경우 제거 카운트를 증가시킵니다. 이 과정을 통해 최종적으로 제거해야 할 최소 구간 수를 구할 수 있습니다.

구현 과정에서는 먼저 빈 구간 배열에 대한 예외 처리를 하고, 정렬 후 각 구간을 순회하며 겹치는지 확인합니다. 이 알고리즘의 시간 복잡도는 O(n log n)으로, 이는 브루트 포스 접근법보다 훨씬 효율적입니다. 

- 그리디 알고리즘을 사용하여 문제 해결
- 구간을 종료 시간 기준으로 정렬
- 이전 구간과 현재 구간의 겹침 여부 확인
- 시간 복잡도: O(n log n)

[tags] Greedy
[lang] cpp",Greedy,,,OOKJZDziSUM,"[""Greedy""]"
c,https://www.youtube.com/watch?v=LLd7Qe6IU6M,"```
<줄글+불릿 요약 본문>

[tags] 
[lang] unknown
```",Greedy,,,LLd7Qe6IU6M,[]
c,https://www.youtube.com/watch?v=cYNAgnDwQlg,"그리디 알고리즘은 각 단계에서 가장 즉각적인 이익을 제공하는 선택을 하여 최적의 해를 찾으려는 접근 방식이다. 이 알고리즘은 문제 해결 시 두 가지 질문을 통해 적용 가능성을 판단해야 한다: 현재 최선의 선택이 필요한가? 최적의 해가 필요한가? 그리디 알고리즘은 간단하고 효율적이며, 최적 부분 구조와 중복 부분 문제가 있는 경우에 특히 유리하다. 예를 들어, 동전 교환 문제에서 그리디 알고리즘은 가장 큰 동전을 선택하여 잔돈을 최소한의 동전으로 제공하는 방식으로 작동한다.

그러나 그리디 알고리즘은 항상 전역 최적 해를 보장하지 않으며, 문제의 성격에 따라 효과가 달라질 수 있다. 반면, 동적 프로그래밍과 같은 비그리디 알고리즘은 모든 가능성을 탐색하여 최적의 해를 보장하지만, 계산 비용이 더 높을 수 있다. 따라서 문제의 요구 사항과 제약 조건에 따라 그리디와 비그리디 접근 방식 중 적절한 것을 선택하는 것이 중요하다.

- 그리디 알고리즘은 간단하고 구현이 용이하다.
- 최적 부분 구조가 있는 문제에 대해 효율적이다.
- 전역 최적 해를 보장하지 않는다.
- 비그리디 알고리즘은 최적 해를 보장하지만 복잡할 수 있다.
- 문제의 성격에 따라 그리디 알고리즘의 효과가 달라질 수 있다.

[tags] Greedy, Dynamic Programming
[lang] unknown",Greedy,,,cYNAgnDwQlg,"[""Greedy"", ""Dynamic Programming""]"
c,https://www.youtube.com/watch?v=vOYDh_st-K8,"그리디 알고리즘은 현재 상황에서 최선의 선택을 통해 문제를 해결하는 전략이다. 이 알고리즘은 지역적으로 최적의 해를 찾아 전역적으로 최적의 해를 도출하는 방식으로 작동한다. 예를 들어, 돈을 최소한의 지폐로 주는 문제에서 가장 큰 지폐부터 주는 것이 그리디 전략의 전형적인 사례이다. 그리디 알고리즘은 간단해 보이지만, 실제로 최적의 해를 보장하는지 증명하는 것이 어려운 경우가 많다.

그리디 알고리즘의 적용 예로는 활동 선택 문제와 작업 스케줄링 문제가 있다. 활동 선택 문제에서는 종료 시간이 가장 이른 활동을 선택하여 최대 활동 수를 찾고, 작업 스케줄링 문제에서는 이익이 가장 큰 작업을 가능한 늦게 수행하여 최대 이익을 얻는 방식으로 해결한다. 이러한 문제를 해결하기 위해서는 정렬과 선택 기준을 잘 설정하는 것이 중요하다.

- 그리디 알고리즘은 현재 최선의 선택을 통해 문제를 해결하는 전략이다.
- 지역 최적 해를 통해 전역 최적 해를 찾는 방식으로 작동한다.
- 활동 선택 문제와 작업 스케줄링 문제에서 효과적으로 사용된다.
- 정렬과 선택 기준 설정이 중요하다.

[tags] Greedy, Activity Selection, Job Scheduling
[lang] python",Greedy,,,vOYDh_st-K8,"[""Greedy"", ""Activity Selection"", ""Job Scheduling""]"
c,https://www.youtube.com/watch?v=x86DWJu7zoc,"그리디 알고리즘은 최적화 문제를 해결하는 데 사용되는 기법으로, 주어진 문제에서 가능한 최선의 해를 선택하는 방식으로 진행된다. 최적화 문제는 가능한 해 중에서 최상의 해를 찾아야 하며, 이는 최소화 문제 또는 최대화 문제로 나뉜다. 예를 들어, A에서 B로 가는 최단 경로를 찾는 문제는 최소화 문제로, 여러 이동 수단 중에서 가장 빠른 방법을 선택하는 것이 그리디 접근법의 예시이다.

그리디 알고리즘은 문제를 작은 단계로 나누고 각 단계에서 최선의 선택을 하여 최종적으로 최적의 해에 도달하는 방식으로 작동한다. 예를 들어, 주어진 배열의 숫자를 재배열하여 최대 숫자를 만드는 문제에서는 매 단계에서 가장 큰 숫자를 선택하여 결과를 도출한다. 그러나 그리디 알고리즘이 항상 최적의 해를 보장하는 것은 아니므로, 그 해가 최적임을 증명하는 방법도 중요하다. 다음 영상에서는 그리디 알고리즘의 정당성을 증명하는 '교환 논증' 기법에 대해 다룰 예정이다.

- 그리디 알고리즘은 최적화 문제에 사용된다.
- 문제를 작은 단계로 나누고 각 단계에서 최선의 선택을 한다.
- 그리디 접근법이 항상 최적의 해를 보장하지는 않는다.
- 해의 정당성을 증명하는 방법이 중요하다.

[tags] Greedy, Optimization
[lang] unknown",Greedy,,,x86DWJu7zoc,"[""Greedy"", ""Optimization""]"
c,https://www.youtube.com/watch?v=DmVBTvH7J9U,"알고리즘은 문제를 해결하기 위한 단계적 절차로, 그리디 알고리즘은 현재 시점에서 가장 최적이라고 생각되는 해답을 선택하는 방식이다. 이러한 알고리즘은 최적화 문제를 해결하는 데 주로 사용되며, 최적화 문제란 어떤 양을 최소화하거나 최대화하는 문제를 의미한다. 예를 들어, 특정 시간 내에 목적지에 도달해야 할 때 여러 가지 이동 수단 중에서 가장 적합한 것을 선택하는 것이 그리디 알고리즘의 적용 사례이다.

그리디 알고리즘의 일반적인 접근 방식은 문제를 여러 단계로 나누고, 각 단계에서 주어진 입력에 대해 조건을 만족하는 해답을 선택하는 것이다. 이 과정에서 여러 개의 가능한 해답 중에서 최적의 해답을 찾기 위해 조건을 만족하는 해답을 모은 후, 그 중에서 가장 좋은 결과를 주는 해답을 선택한다. 그러나 그리디 알고리즘은 항상 최적의 결과를 보장하지는 않으며, 현재의 최선의 선택이 미래에도 최선이 아닐 수 있다는 점에 유의해야 한다.

- 알고리즘은 문제 해결을 위한 단계적 절차이다.
- 그리디 알고리즘은 현재 최적의 해답을 선택하는 방식이다.
- 최적화 문제는 최소화 또는 최대화 문제를 포함한다.
- 여러 단계에서 조건을 만족하는 해답을 선택한다.
- 항상 최적의 결과를 보장하지는 않는다.

[tags] Greedy, Optimization
[lang] unknown",Greedy,,,DmVBTvH7J9U,"[""Greedy"", ""Optimization""]"
c,https://www.youtube.com/watch?v=HzeK7g8cD0Y,"그리디 알고리즘은 문제를 해결하기 위해 매 단계에서 지역적으로 최적의 선택을 하여 전역 최적해를 찾으려는 접근 방식이다. 예를 들어, $35를 최소한의 동전으로 지급해야 할 때, 가장 큰 동전부터 선택하여 문제를 해결하는 방식이다. 그러나 이 방법은 모든 경우에 최적의 해를 보장하지 않으며, 특정 문제에서는 비최적의 결과를 초래할 수 있다. 

그리디 알고리즘을 사용할 수 있는 문제는 두 가지 속성을 만족해야 한다. 첫째, 그리디 선택 속성으로, 순간의 최선의 선택이 전역 최적해로 이어져야 한다. 둘째, 최적 부분 구조로, 문제의 최적 해결책이 하위 문제의 최적 해결책으로부터 효율적으로 구성될 수 있어야 한다. 그리디 알고리즘은 선택을 재고하지 않기 때문에 동적 프로그래밍과는 차별화된다. 

- 그리디 알고리즘의 장점: 간단하고 구현이 용이하며, 합리적인 시간 복잡도를 가짐.
- 단점: 전역 최적해를 보장하지 않음.
- 적용 예시: 활동 선택 문제, 허프만 코딩, 작업 스케줄링 문제, 분수 배낭 문제, 프림의 최소 신장 트리.

[tags] Greedy, Optimal Substructure, Local Optimum
[lang] unknown",Greedy,,,HzeK7g8cD0Y,"[""Greedy"", ""Optimal Substructure"", ""Local Optimum""]"
cpp,https://www.youtube.com/watch?v=De0Qg-2O80c,"그리디 알고리즘은 현재 상황에서 가장 최적의 선택을 반복적으로 수행하여 문제를 해결하는 방법이다. 이 알고리즘은 관찰을 통해 탐색 범위를 줄이는 특징이 있으며, 예를 들어 동전 문제에서는 가장 큰 금액의 동전을 우선적으로 사용하는 방식으로 동전의 개수를 최소화할 수 있다. 그리디 알고리즘을 사용할 때는 직관적인 풀이가 항상 최적의 해를 보장하지 않으므로, 수학적으로 그 정당성을 증명하는 과정이 필요하다. 그러나 실제 코딩 테스트에서는 시간 제약으로 인해 이러한 증명을 생략하고, 주어진 예제에서 잘 작동하는지 확인한 후 구현하는 경우가 많다.

그리디 알고리즘을 사용할 때 주의할 점은, 그리디로 풀 수 없는 문제를 그리디로 접근하는 실수를 피하는 것이다. 따라서 문제를 풀기 전에 그리디 접근이 적합한지 충분히 검토해야 하며, 확신이 없을 경우 다른 문제를 먼저 해결하는 것이 좋다. 

- 그리디 알고리즘은 현재 최적의 선택을 반복하는 방식이다.
- 수학적 증명을 통해 그리디 접근의 정당성을 확인해야 한다.
- 코딩 테스트에서는 시간 제약으로 인해 증명을 생략할 수 있다.
- 그리디로 풀 수 없는 문제에 주의해야 한다.

[tags] Greedy, Dynamic Programming
[lang] unknown",Greedy,,,De0Qg-2O80c,"[""Greedy"", ""Dynamic Programming""]"
cpp,https://www.youtube.com/watch?v=V0ZrLuIVzaY,"활동 선택 문제는 주어진 n개의 활동의 시작 및 종료 시간을 기반으로 최대한 많은 비충돌 활동을 선택하는 문제이다. 이 문제를 해결하기 위해서는 종료 시간이 가장 이른 활동을 우선적으로 선택하는 그리디 알고리즘을 사용한다. 활동을 종료 시간 기준으로 정렬한 후, 각 활동을 순회하면서 마지막으로 선택한 활동의 종료 시간보다 시작 시간이 큰 활동만 선택한다. 이 방식은 가능한 많은 활동을 선택할 수 있도록 해준다.

이 알고리즘의 시간 복잡도는 O(n log n)으로, 활동을 정렬하는 데 소요되는 시간과 선택하는 데 소요되는 시간의 합이다. 공간 복잡도는 O(n)으로, 활동 정보를 저장하기 위한 배열을 사용하기 때문이다.

- 비충돌 활동 선택
- 종료 시간 기준 정렬
- 그리디 알고리즘 적용
- 시간 복잡도: O(n log n)
- 공간 복잡도: O(n)

[tags] Greedy
[lang] unknown",Greedy,,,V0ZrLuIVzaY,"[""Greedy""]"
cpp,https://www.youtube.com/watch?v=GdQQ6pgUgo8,"주어진 문제는 2D 배열에서 최대 합을 찾는 GridSum 알고리즘으로, 로봇이 (0, 0)에서 시작하여 오른쪽, 아래, 대각선으로 이동하며 최대 값을 선택하는 방식으로 작동합니다. 로봇은 세 번의 이동을 통해 최종 합계를 계산하고, 이 과정은 재귀적으로 이루어집니다. 방향 배열을 사용하여 로봇의 이동 방향을 정의하고, 각 방향으로 이동했을 때의 값을 비교하여 최대 값을 찾습니다. 배열의 경계를 넘지 않도록 조건을 설정하는 것이 중요합니다.

- 로봇은 (0, 0)에서 시작하여 최대 값을 찾으며 이동.
- 방향 배열을 통해 이동 방향을 정의.
- 배열의 경계를 체크하여 유효한 인덱스만 사용.
- 재귀 호출을 통해 최종 합계를 계산.
- 10x10 배열까지 확장 가능.

[tags] GridSum, Greedy, Recursion
[lang] unknown",Greedy,,,GdQQ6pgUgo8,"[""GridSum"", ""Greedy"", ""Recursion""]"
cpp,https://www.youtube.com/watch?v=NafaEFwk9eQ,"주어진 문제는 주어진 막대 길이 배열을 사용하여 최대 둘레를 가진 비퇴화 삼각형을 찾는 것입니다. 이를 위해 먼저 막대 길이를 정렬한 후, 가능한 모든 삼각형 조합을 생성하여 유효한 삼각형을 찾습니다. 비퇴화 삼각형의 조건은 두 변의 합이 세 번째 변보다 커야 하며, 이를 통해 유효한 삼각형을 필터링합니다. 유효한 삼각형이 없을 경우 -1을 반환하고, 유효한 삼각형이 있을 경우 가장 큰 둘레를 가진 삼각형을 선택하여 반환합니다.

- 막대 길이를 정렬하여 조합을 쉽게 찾음
- 비퇴화 삼각형 조건을 확인하여 유효성 검사
- 유효한 삼각형이 없으면 -1 반환
- 가장 큰 둘레를 가진 삼각형 선택

[tags] Greedy
[lang] unknown",Greedy,,,NafaEFwk9eQ,"[""Greedy""]"
cpp,https://www.youtube.com/watch?v=QBTsPE91Nvw,"마크의 케이크워크 문제는 그리디 알고리즘을 활용하여, 마크가 먹은 컵케이크의 칼로리에 따라 최소한의 거리를 걷도록 계산하는 문제이다. 주어진 칼로리 배열에서 컵케이크를 먹은 순서에 따라 거리를 최소화할 수 있으며, 이때 사용되는 공식은 \(2^J \times C\)이다. 여기서 \(J\)는 컵케이크를 먹은 순서(0부터 시작)이고, \(C\)는 각 컵케이크의 칼로리이다.

해결 방법은 먼저 칼로리 배열을 오름차순으로 정렬한 후, 가장 높은 칼로리부터 사용하여 거리를 계산하는 것이다. 이를 위해 배열을 역순으로 순회하며, 각 칼로리에 \(2^x\)를 곱해 누적하여 최종 거리를 구한다. 이 과정에서 \(x\)는 반복할 때마다 증가한다. 최종적으로 계산된 거리를 반환하면 된다.

- 컵케이크의 칼로리를 오름차순으로 정렬
- 가장 높은 칼로리부터 사용하여 거리 계산
- \(2^J \times C\) 공식을 활용
- 반복문을 통해 누적 거리 계산
- 최종 거리 반환

[tags] Greedy
[lang] unknown",Greedy,,,QBTsPE91Nvw,"[""Greedy""]"
cpp,https://www.youtube.com/watch?v=zPtI8q9gvX8,"주어진 문제는 마감 기한이 있는 작업을 최대 이익을 위해 순서대로 수행하는 것입니다. 각 작업은 특정 이익과 마감 기한을 가지며, 작업은 1시간 내에 완료되어야 합니다. 이 문제는 그리디 알고리즘을 사용하여 해결할 수 있으며, 작업을 이익이 높은 순서로 정렬한 후 가능한 시간 슬롯에 맞춰 작업을 선택합니다. 

해결 과정은 다음과 같습니다. 먼저, 각 작업의 이익을 기준으로 내림차순으로 정렬합니다. 그 후, 각 작업의 마감 기한을 고려하여 가능한 슬롯에 작업을 배치합니다. 만약 슬롯이 이미 차 있다면, 해당 작업은 건너뛰고 다음 작업을 고려합니다. 최종적으로 선택된 작업들의 이익을 합산하여 최대 이익을 도출합니다.

- 작업은 마감 기한 내에 완료되어야 함.
- 이익이 높은 작업부터 선택.
- 슬롯이 없으면 해당 작업은 건너뛰기.
- 최대 이익을 위해 작업을 조합.

[tags] Greedy, Job Sequencing  
[lang] unknown",Greedy,,,zPtI8q9gvX8,"[""Greedy"", ""Job Sequencing""]"
cpp,https://www.youtube.com/watch?v=YfnDKFm6GHM,"프림 알고리즘은 최소 신장 트리를 찾기 위한 알고리즘으로, 주어진 그래프의 모든 정점이 연결되도록 하면서 가중치의 합이 최소가 되도록 하는 엣지를 선택합니다. 이 구현에서는 인접 행렬을 사용하여 그래프를 표현하고, 방문한 정점을 기록하기 위해 방문 배열을 초기화합니다. 알고리즘은 정점 수에서 1을 뺀 만큼의 엣지를 선택하기 위해 반복문을 사용하며, 각 반복에서 현재 정점과 연결된 엣지 중 최소 가중치를 가진 엣지를 찾아 선택합니다.

주요 단계는 다음과 같습니다:
- 그래프를 인접 행렬로 표현하고, 방문 배열을 초기화합니다.
- 최소 가중치를 가진 엣지를 찾기 위해 이중 반복문을 사용하여 모든 정점을 탐색합니다.
- 선택된 엣지를 출력하고, 방문 배열을 업데이트하여 다음 정점으로 이동합니다.
- 이 과정을 정점 수 - 1 만큼 반복하여 최소 신장 트리를 완성합니다.

[tags] Prim, Minimum Spanning Tree, Graph, Adjacency Matrix
[lang] cpp",Greedy,,,YfnDKFm6GHM,"[""Prim"", ""Minimum Spanning Tree"", ""Graph"", ""Adjacency Matrix""]"
cpp,https://www.youtube.com/watch?v=NPccLyAHD6Y,"이 강의에서는 C++에서 정규 표현식을 활용하는 방법에 대해 다룹니다. 정규 표현식의 기본적인 매칭 옵션, 탐욕적(greedy)과 게으른(lazy) 매칭, 경계(sub-expressions) 등을 설명하며, 다양한 예제를 통해 실습합니다. 예를 들어, 특정 문자열에서 0개 또는 1개의 문자를 찾는 방법, 0개 이상의 문자를 찾는 방법을 보여줍니다. 또한, 줄 바꿈을 처리하는 문제와 함께, 정규 표현식을 사용하여 문자열의 특정 부분을 대체하는 방법도 설명합니다.

정규 표현식의 경계와 문자열 경계를 정의하는 방법도 다루며, 이를 통해 특정 단어 또는 문자열의 시작과 끝을 명확히 구분할 수 있습니다. 마지막으로, 전화번호에서 지역번호를 제외한 숫자를 추출하는 문제를 통해 여러 하위 표현식을 사용하는 방법을 시연합니다.

- 정규 표현식의 기본 사용법
- 탐욕적 vs 게으른 매칭
- 문자열 경계 및 단어 경계 정의
- 하위 표현식 활용
- 전화번호 처리 예제

[tags] 정규 표현식, C++, 탐욕적 매칭, 게으른 매칭, 하위 표현식
[lang] cpp",Greedy,,,NPccLyAHD6Y,"[""정규 표현식"", ""C++"", ""탐욕적 매칭"", ""게으른 매칭"", ""하위 표현식""]"
cpp,https://www.youtube.com/watch?v=Cg42hMKtgy8,"주어진 문제는 'Jump Game II'로, 0부터 시작하는 배열에서 각 요소가 최대 점프 길이를 나타내며, 마지막 인덱스에 도달하기 위한 최소 점프 수를 구하는 것이다. 배열의 크기는 최대 10^4이며, 각 요소의 값은 최대 10^3으로 주어진다. 이 문제는 동적 프로그래밍(DP)으로 해결할 수 있지만, O(n^2)의 시간 복잡도를 가지므로 비효율적이다. 대신, 그리디 알고리즘을 사용하여 O(n) 시간 복잡도로 해결할 수 있다.

해결 방법은 '버킷' 접근 방식을 사용하는 것이다. 현재 인덱스에서 가능한 점프 범위를 계산하고, 그 범위 내에서 다음 점프를 위한 최대 범위를 업데이트한다. 이 과정을 반복하여 마지막 인덱스에 도달할 때까지 점프 수를 세면 된다. 각 점프마다 새로운 범위를 설정하고, 점프 수를 증가시키며 최종적으로 최소 점프 수를 반환한다.

- 최소 점프 수를 구하는 문제
- 동적 프로그래밍 대신 그리디 알고리즘 사용
- O(n) 시간 복잡도로 해결 가능
- 버킷 접근 방식으로 점프 범위 계산
- 각 점프마다 범위 업데이트

[tags] Greedy, Dynamic Programming
[lang] unknown",Greedy,,,Cg42hMKtgy8,"[""Greedy"", ""Dynamic Programming""]"
cpp,https://www.youtube.com/watch?v=XB4MIexjvY0,"다익스트라 알고리즘은 단일 출발점에서 모든 다른 정점까지의 최단 경로를 찾는 데 사용되는 최적화 알고리즘이다. 이 알고리즘은 가중치가 있는 그래프에서 출발 정점으로부터 최단 경로를 찾기 위해 그리디 방법을 사용한다. 기본적으로, 다익스트라 알고리즘은 현재 선택된 정점에서 연결된 정점으로의 경로를 확인하고, 더 짧은 경로가 발견되면 해당 정점의 거리를 업데이트하는 '완화(relaxation)' 과정을 반복한다. 이 과정은 모든 정점에 대해 수행되며, 최악의 경우 시간 복잡도는 O(V^2)이다.

다익스트라 알고리즘은 방향 그래프와 비방향 그래프 모두에서 작동하지만, 음의 가중치가 있는 간선이 포함된 경우에는 올바른 결과를 보장하지 않는다. 이러한 경우에는 벨만-포드 알고리즘과 같은 다른 방법을 사용하는 것이 필요하다.

- 다익스트라 알고리즘은 단일 출발점에서 최단 경로를 찾는다.
- 그리디 방법을 사용하여 최적의 경로를 선택한다.
- 완화 과정을 통해 경로 거리를 업데이트한다.
- 음의 가중치 간선이 있는 경우에는 정확한 결과를 보장하지 않는다.
- 시간 복잡도는 O(V^2)이다.

[tags] Dijkstra, Greedy
[lang] unknown",Greedy,,,XB4MIexjvY0,"[""Dijkstra"", ""Greedy""]"
cpp,https://www.youtube.com/watch?v=4ZlRH0eK-qQ,"최소 비용 신장 트리(MST)는 그래프의 모든 정점을 포함하면서 사이클이 없는 서브그래프입니다. MST를 찾기 위해 Prim의 알고리즘과 Kruskal의 알고리즘 두 가지 방법이 있습니다. Prim의 알고리즘은 시작 정점에서 최소 비용의 간선을 선택하고, 선택된 정점과 연결된 간선 중에서 다시 최소 비용의 간선을 선택하는 방식으로 진행됩니다. 반면, Kruskal의 알고리즘은 모든 간선 중에서 최소 비용의 간선을 선택하되, 사이클을 형성하지 않도록 주의하며 간선을 추가합니다.

이 두 알고리즘은 연결된 그래프에서 MST를 찾는 데 효과적이며, Kruskal의 알고리즘은 비연결 그래프에서도 각 구성 요소의 신장 트리를 찾을 수 있습니다. 시간 복잡도는 Kruskal의 경우 O(E log E)로 개선할 수 있으며, Prim의 경우 O(V^2)에서 O(E log V)로 최적화할 수 있습니다. MST는 다양한 응용 분야에서 사용되며, 최적의 비용을 찾는 문제에서 중요한 역할을 합니다.

- 최소 비용 신장 트리(MST) 정의
- Prim의 알고리즘: 최소 간선 선택
- Kruskal의 알고리즘: 사이클 방지하며 간선 선택
- 시간 복잡도: O(E log E) (Kruskal), O(E log V) (Prim)
- 비연결 그래프에서의 MST 구성 요소별 신장 트리

[tags] MST, Prim, Kruskal, 그래프, 신장 트리
[lang] unknown",Greedy,,,4ZlRH0eK-qQ,"[""MST"", ""Prim"", ""Kruskal"", ""그래프"", ""신장 트리""]"
cpp,https://www.youtube.com/watch?v=Qz6D7mrxaJM,"활동 선택 문제는 주어진 여러 활동 중에서 서로 겹치지 않는 최대 크기의 활동 집합을 선택하는 문제이다. 각 활동은 시작 시간과 종료 시간을 가지며, 겹치지 않는 활동들만 선택할 수 있다. 이 문제를 해결하기 위해 그리디 알고리즘을 사용하여 활동들을 종료 시간 기준으로 정렬한 후, 가장 빨리 끝나는 활동부터 선택해 나간다. 선택한 활동의 종료 시간보다 시작 시간이 늦은 활동만 추가로 선택할 수 있다.

이 알고리즘의 시간 복잡도는 O(n log n)으로, 활동을 정렬하는 데 소요되는 시간과 선택하는 과정에서 O(n) 시간이 걸린다. 최종적으로, 이 방법을 통해 최대 크기의 호환 가능한 활동 집합을 찾을 수 있다.

- 활동을 종료 시간 기준으로 정렬
- 가장 빨리 끝나는 활동부터 선택
- 선택한 활동의 종료 시간과 다음 활동의 시작 시간 비교
- 최대 크기의 호환 가능한 활동 집합을 찾음
- 시간 복잡도: O(n log n)

[tags] Greedy
[lang] unknown",Greedy,,,Qz6D7mrxaJM,"[""Greedy""]"
python,https://www.youtube.com/watch?v=nhzSddjh9sY,"이진 탐색 알고리즘은 정렬된 배열에서 특정 값을 효율적으로 찾기 위해 배열을 반으로 나누는 방법입니다. 이 알고리즘은 시작점과 끝점을 설정하고, 중간값을 계산하여 해당 값과 찾고자 하는 값을 비교합니다. 만약 중간값이 찾고자 하는 값보다 작으면 시작점을 중간값 + 1로 조정하고, 크면 끝점을 중간값 - 1로 조정하여 탐색 범위를 줄여 나갑니다. 이 과정을 반복하여 값을 찾거나, 더 이상 찾을 수 없을 때까지 진행합니다.

이진 탐색의 시간 복잡도는 O(log n)으로, 선형 탐색(O(n))보다 훨씬 빠릅니다. 이 알고리즘은 정렬된 데이터에만 적용 가능하므로, 사용하기 전에 반드시 배열이 정렬되어 있는지 확인해야 합니다.

- 이진 탐색은 정렬된 배열에서만 사용 가능
- 시작점과 끝점을 설정하여 중간값을 계산
- 중간값과 타겟 값을 비교하여 탐색 범위 조정
- 반복문을 통해 값을 찾거나 종료 조건 확인
- 시간 복잡도는 O(log n)

[tags] 이진탐색, 배열, 반복문
[lang] unknown",Binary Search,,,nhzSddjh9sY,"[""이진탐색"", ""배열"", ""반복문""]"
python,https://www.youtube.com/watch?v=-Gx0T92-7h8,"이진탐색 알고리즘은 정렬된 리스트에서 특정 데이터를 효율적으로 찾기 위한 방법으로, 탐색 범위를 절반씩 줄여가며 진행됩니다. 이진탐색은 순차탐색과 달리 리스트가 정렬되어 있어야 하며, 시간 복잡도는 O(log n)으로, 탐색 범위를 매 단계마다 반으로 줄이기 때문에 빠른 검색이 가능합니다. 이진탐색을 수행할 때는 시작점과 끝점을 설정하고, 중간점을 계산하여 해당 값과 비교함으로써 탐색 범위를 조정합니다.

이진탐색의 주요 체크포인트는 다음과 같습니다:
- 리스트는 반드시 정렬되어 있어야 함.
- 시작점, 끝점, 중간점의 세 변수를 사용하여 탐색 범위를 조정.
- 시간 복잡도는 O(log n)으로 매우 효율적임.
- 파라메트릭 탐색 문제에 활용 가능.

[tags] Binary Search, O(log n), Sorting
[lang] unknown",Binary Search,,,-Gx0T92-7h8,"[""Binary Search"", ""O(log n)"", ""Sorting""]"
python,https://www.youtube.com/watch?v=Q8uUOMY5Hec,"이진 탐색(Binary Search)은 정렬된 배열에서 특정 값을 찾기 위해 배열을 반으로 나누어 탐색하는 알고리즘이다. 이 알고리즘은 시작과 끝 인덱스를 설정하고, 중간 인덱스를 계산하여 해당 값과 비교함으로써 탐색 범위를 절반으로 줄여나간다. 예를 들어, 찾고자 하는 값이 9.6일 경우, 중간값을 기준으로 9.6보다 작거나 큰 쪽의 범위를 제거하며 탐색을 진행한다. 이 과정은 찾고자 하는 값이 발견되거나 탐색 범위가 사라질 때까지 반복된다.

이진 탐색의 시간 복잡도는 O(log n)으로, 매우 효율적이다. 그러나 이 알고리즘은 배열이 정렬되어 있어야만 사용할 수 있다는 점에 유의해야 한다. 구현 시에는 중간 인덱스를 계산할 때 소수점이 발생하지 않도록 주의해야 하며, 각 비교 후에는 탐색 범위를 적절히 조정해야 한다.

- 이진 탐색은 정렬된 배열에서만 사용 가능
- 중간값을 기준으로 탐색 범위를 절반으로 줄임
- 시간 복잡도는 O(log n)
- 소수점 인덱스 처리에 주의 필요

[tags] Binary Search
[lang] unknown",Binary Search,,,Q8uUOMY5Hec,"[""Binary Search""]"
python,https://www.youtube.com/watch?v=NKHusHljO-k,"이진 탐색 알고리즘은 정렬된 데이터에서 특정 값을 효율적으로 찾기 위해 사용됩니다. 이 알고리즘은 데이터가 오름차순 또는 내림차순으로 정렬되어 있어야 하며, 찾고자 하는 값이 있는지 확인하기 위해 데이터를 절반으로 나누어 탐색합니다. 먼저, 데이터를 정렬한 후 시작 인덱스와 종료 인덱스를 설정하고, 반복문을 통해 기준 인덱스를 계산하여 타겟 값과 비교합니다. 만약 기준 인덱스의 값이 타겟 값과 같다면 탐색을 성공적으로 마치고, 그렇지 않으면 타겟 값이 기준 인덱스의 값보다 크거나 작은지에 따라 인덱스를 조정하여 탐색 범위를 줄입니다.

- 이진 탐색은 정렬된 데이터에서만 사용할 수 있다.
- 시작 인덱스와 종료 인덱스를 설정하여 반복문을 통해 탐색한다.
- 기준 인덱스를 계산할 때는 소수점을 버리고 정수만 사용한다.
- 타겟 값과 기준 인덱스의 값을 비교하여 탐색 범위를 조정한다.
- 알고리즘의 시간 복잡도는 O(log n)이다.

[tags] Binary Search
[lang] python",Binary Search,,,NKHusHljO-k,"[""Binary Search""]"
python,https://www.youtube.com/watch?v=XJ62IHwJ3uw,"이진 탐색(바이너리 서치)은 정렬된 배열에서 원하는 값을 찾기 위해 탐색 범위를 절반씩 줄여나가는 효율적인 알고리즘입니다. 이 알고리즘의 장점은 대량의 데이터에서도 빠른 속도로 값을 찾을 수 있다는 점으로, 예를 들어 10억 개의 숫자 중에서 원하는 값을 찾을 때 연산 횟수가 30번 이하로 제한됩니다. 그러나 이진 탐색은 정렬된 데이터에만 적용 가능하며, 구현이 복잡하다는 단점이 있습니다.

이진 탐색의 핵심 로직은 중간 인덱스를 계산하고, 찾고자 하는 값과 중간값을 비교하여 탐색 범위를 조정하는 것입니다. 이 과정을 반복하여 범위를 절반으로 줄여가며 원하는 값을 찾습니다. 이 알고리즘의 시간 복잡도는 O(log N)으로, 데이터의 크기가 커져도 탐색 속도가 크게 증가하지 않습니다.

- 이진 탐색은 정렬된 배열에서만 사용 가능
- 탐색 범위를 절반으로 줄이는 방식
- 시간 복잡도는 O(log N)
- 구현이 복잡하여 주의가 필요

[tags] 이진탐색, 바이너리 서치
[lang] python",Binary Search,,,XJ62IHwJ3uw,"[""이진탐색"", ""바이너리 서치""]"
python,https://www.youtube.com/watch?v=KAjMr8Dp_iI,"트리 구조를 연결 리스트 방식으로 구현하는 방법에 대해 설명한다. 먼저, T노드 클래스를 정의하여 각 노드가 부모, 왼쪽 자식, 오른쪽 자식, 그리고 값을 가질 수 있도록 설계한다. 이후 이진 트리 클래스를 생성하고, 루트를 초기화한 후 노드를 삽입하는 insert 메서드를 구현한다. 이 메서드는 특정 위치에 노드를 추가하며, 왼쪽 또는 오른쪽 자식으로 삽입할지를 결정한다. 

트리의 순회를 위해 전위(preorder), 중위(inorder), 후위(postorder) 순회 알고리즘을 구현한다. 각 순회 방식은 노드를 방문하는 순서가 다르며, 재귀적으로 구현하여 트리를 탐색한다. 이 과정에서 각 노드의 값을 출력하여 트리 구조를 확인할 수 있다. 

- T노드 클래스 설계
- 이진 트리 클래스 생성
- 노드 삽입 메서드 구현
- 전위, 중위, 후위 순회 알고리즘 구현
- 재귀적 탐색을 통한 트리 구조 확인

[tags] [""Binary Tree"", ""Node"", ""Preorder"", ""Inorder"", ""Postorder""]
[lang] python",Binary Search,,,KAjMr8Dp_iI,"[""[\""Binary Tree\"""", ""\""Node\"""", ""\""Preorder\"""", ""\""Inorder\"""", ""\""Postorder\""]""]"
python,https://www.youtube.com/watch?v=0FT0vNlB6Dc,"이 문제는 2분 탐색을 이용하여 공유기를 설치할 때 인접한 두 공유기 사이의 최대 거리를 구하는 것입니다. 주어진 집의 좌표에서 최대한 많은 집에 공유기를 설치하되, 각 집에는 하나의 공유기만 설치할 수 있습니다. 이를 위해 먼저 집의 좌표를 정렬한 후, 이진 탐색을 통해 가능한 최대 거리를 탐색합니다. 공유기를 설치할 수 있는지 확인하는 체크 함수를 만들어, 주어진 거리에서 설치 가능한 공유기의 수를 세어 조건을 만족하는지 판단합니다.

- 입력으로 주어진 집의 좌표를 정렬해야 함.
- 이진 탐색을 통해 최대 거리를 좁혀가며 최적의 해를 찾음.
- 공유기 설치 시 첫 번째 집은 반드시 선택해야 함.
- 시간 복잡도는 O(N log M)으로, N은 집의 수, M은 거리의 범위.

[tags] Binary Search, Greedy
[lang] unknown",Binary Search,,,0FT0vNlB6Dc,"[""Binary Search"", ""Greedy""]"
python,https://www.youtube.com/watch?v=_MjGCuwFDuw,"이 강의에서는 정렬된 리스트에서 특정 요소를 찾기 위한 이진 탐색 알고리즘에 대해 설명합니다. 이진 탐색은 리스트를 반으로 나누어 검색 범위를 줄이는 방식으로, 중간 요소와 목표 값을 비교하여 탐색을 진행합니다. 만약 중간 요소가 목표 값보다 작으면 오른쪽 절반을, 크면 왼쪽 절반을 탐색하며 이 과정을 반복합니다. 이진 탐색은 정렬된 리스트에서만 작동하며, 최악의 경우 시간 복잡도는 O(log n)입니다.

이진 탐색을 구현할 때 주의할 점은 저와 고 포인터를 적절히 업데이트해야 하며, 그렇지 않으면 무한 루프에 빠질 수 있습니다. 또한, 리스트가 정렬되어 있지 않으면 이진 탐색을 사용할 수 없으므로, 필요시 정렬을 먼저 수행해야 합니다.

- 이진 탐색은 정렬된 리스트에서만 사용 가능
- 시간 복잡도는 O(log n)
- 저와 고 포인터를 적절히 업데이트해야 함
- 무한 루프에 빠지지 않도록 주의
- 리스트가 정렬되어 있지 않으면 정렬 후 사용

[tags] Binary Search
[lang] python",Binary Search,,,_MjGCuwFDuw,"[""Binary Search""]"
python,https://www.youtube.com/watch?v=IcK2Qyk3cUs,"이 영상에서는 이진 탐색 알고리즘에 대해 설명하고 있습니다. 이진 탐색은 정렬된 배열에서 특정 값을 효율적으로 찾는 방법으로, 배열의 중간 값을 기준으로 탐색 범위를 반으로 줄여가며 진행됩니다. 이 방법은 선형 탐색과 비교했을 때 평균 및 최악의 경우 시간 복잡도를 O(n)에서 O(log n)으로 줄일 수 있어 대규모 데이터에서 매우 유용합니다. 그러나 이진 탐색을 사용하기 위해서는 배열이 반드시 정렬되어 있어야 하며, 정렬되지 않은 배열에서는 선형 탐색이 더 효율적일 수 있습니다.

이진 탐색의 구현은 재귀적으로 이루어지며, 중간 값과 목표 값을 비교하여 탐색 범위를 결정합니다. 이 알고리즘은 정수뿐만 아니라 다른 데이터 타입에도 쉽게 적용할 수 있습니다. 영상에서는 파이썬을 사용하여 이진 탐색 함수를 구현하는 방법도 보여줍니다.

- 이진 탐색은 정렬된 배열에서만 사용 가능
- 시간 복잡도: O(log n)
- 재귀적 구현 가능
- 다양한 데이터 타입에 적용 가능

[tags] Binary Search
[lang] python",Binary Search,,,IcK2Qyk3cUs,"[""Binary Search""]"
python,https://www.youtube.com/watch?v=qw9NjM14oq4,"파이썬의 bisect 모듈은 정렬된 리스트에서 이진 검색과 삽입을 지원하는 기능을 제공합니다. 이진 검색은 정렬된 배열 내에서 목표 값의 위치를 찾는 효율적인 알고리즘으로, 중간 요소와 비교하여 검색 범위를 왼쪽 또는 오른쪽으로 좁혀 나갑니다. bisect 모듈의 주요 함수인 bisect_left와 bisect_right는 각각 주어진 값의 삽입 지점을 찾고, 기존 요소의 오른쪽에 삽입할 위치를 반환합니다. 예를 들어, bisect_left는 4의 첫 번째 발생 위치인 인덱스 2를 반환하고, bisect_right는 4를 삽입할 수 있는 오른쪽 위치인 인덱스 5를 반환합니다.

또한, bisect 모듈은 정렬된 리스트를 유지하면서 새로운 요소를 삽입할 수 있는 insert 함수도 제공합니다. 이를 통해 정렬된 리스트를 효율적으로 관리할 수 있습니다.

- bisect_left: 정렬된 리스트에서 주어진 값의 삽입 지점 반환
- bisect_right: 기존 요소의 오른쪽에 삽입할 위치 반환
- insert 함수: 정렬된 리스트에 요소 삽입

[tags] bisect, binary search
[lang] python",Binary Search,,,qw9NjM14oq4,"[""bisect"", ""binary search""]"
python,https://www.youtube.com/watch?v=4Q36e9EOxLU,"이 영상에서는 파이썬에서 이진 탐색 알고리즘을 구현하는 방법을 설명한다. 이진 탐색은 정렬된 리스트에서 특정 값을 찾는 효율적인 방법으로, 시간 복잡도는 O(log N)이다. 이 알고리즘은 리스트의 중간 요소를 기준으로 탐색 범위를 반으로 나누어가며 진행되므로, 문제의 크기가 두 배로 증가하더라도 추가적인 단계는 하나만 필요하다. 따라서 이진 탐색은 정렬된 데이터에서 매우 빠른 검색을 가능하게 한다.

이진 탐색을 사용하기 위해서는 먼저 리스트가 정렬되어 있어야 하며, 정렬은 O(N log N)의 시간 복잡도를 가진 timsort 알고리즘을 사용하여 수행된다. 이진 탐색의 구현은 재귀적으로 이루어지며, 각 호출에서 중간 인덱스를 계산하고, 찾고자 하는 값과 비교하여 탐색 범위를 조정한다. 이 과정은 찾고자 하는 값이 발견되거나 탐색 범위가 소진될 때까지 반복된다.

- 이진 탐색은 정렬된 리스트에서만 작동한다.
- 시간 복잡도는 O(log N)으로 매우 효율적이다.
- 리스트를 정렬하는 데 O(N log N)의 시간이 소요된다.
- 재귀적으로 구현되며, 탐색 범위를 반으로 줄인다.

[tags] Binary Search, Sorting, Recursion
[lang] python",Binary Search,,,4Q36e9EOxLU,"[""Binary Search"", ""Sorting"", ""Recursion""]"
python,https://www.youtube.com/watch?v=44a4rY270Ds,"이 강의에서는 이진 탐색 알고리즘에 대해 설명하고, 이를 구현하는 코드를 작성하는 과정을 다룹니다. 이진 탐색은 정렬된 리스트에서 특정 값을 찾는 효율적인 방법으로, 리스트의 중간부터 시작하여 찾고자 하는 값과 비교하며 탐색 범위를 반으로 줄여 나갑니다. 만약 찾고자 하는 값이 중간값보다 작으면 탐색 범위를 왼쪽으로, 크면 오른쪽으로 조정합니다. 이 과정을 반복하다가 탐색 범위가 유효하지 않게 되면 해당 값이 리스트에 존재하지 않는 것으로 판단합니다.

코드 구현에서는 시작 인덱스와 끝 인덱스를 설정하고, while 루프를 통해 중간값을 계산하여 해당 값을 비교합니다. 찾고자 하는 값이 발견되면 인덱스를 반환하고, 리스트에 없으면 None을 반환합니다. 이진 탐색의 시간 복잡도는 O(log n)으로, 효율적인 탐색이 가능합니다.

- 이진 탐색은 정렬된 리스트에서만 사용 가능
- 탐색 범위를 반으로 줄여가며 진행
- 시간 복잡도는 O(log n)
- 리스트에 값이 없을 경우 None 반환

[tags] binary search
[lang] python",Binary Search,,,44a4rY270Ds,"[""binary search""]"
python,https://www.youtube.com/watch?v=4WCLLmr0RUk,"이 강의에서는 이진 탐색 알고리즘을 파이썬으로 구현하는 방법을 설명합니다. 이진 탐색은 정렬된 리스트에서 특정 값을 찾는 효율적인 방법으로, 입력으로는 정렬된 리스트와 타겟 값을 받습니다. 알고리즘은 두 개의 포인터(low, high)를 설정하여 검색 범위를 반으로 줄여가며 타겟 값을 찾습니다. 중간 요소와 타겟 값을 비교하여, 타겟이 중간 요소보다 크면 오른쪽 절반을, 작으면 왼쪽 절반을 검색합니다. 이 과정을 반복하여 타겟을 찾거나 검색 범위가 없을 경우 -1을 반환합니다.

이진 탐색은 반복적(iterative) 또는 재귀적(recursive) 방법으로 구현할 수 있으며, 이 강의에서는 반복적 방법을 사용합니다. 입력은 사용자로부터 받아 리스트를 생성하고, 타겟 값을 입력받아 이진 탐색 함수를 호출하여 결과를 출력합니다.

- 이진 탐색은 정렬된 리스트에서만 사용 가능
- 검색 범위를 반으로 줄여가며 효율적으로 탐색
- 반복적 또는 재귀적 방법으로 구현 가능
- 타겟이 존재하지 않을 경우 -1 반환

[tags] Binary Search
[lang] python",Binary Search,,,4WCLLmr0RUk,"[""Binary Search""]"
python,https://www.youtube.com/watch?v=VD-sj4IwZPE,"이 영상에서는 이진 탐색(Binary Search) 알고리즘에 대해 설명합니다. 이진 탐색은 정렬된 리스트에서 특정 값을 찾는 효율적인 방법으로, 리스트의 중간값을 기준으로 탐색 범위를 반으로 나누어가며 진행됩니다. 초기에는 왼쪽과 오른쪽 경계를 설정하고, 중간값을 계산하여 해당 값과 찾고자 하는 값을 비교합니다. 찾고자 하는 값이 중간값보다 작으면 오른쪽 절반을 버리고, 크면 왼쪽 절반을 버리는 방식으로 반복합니다. 이 과정을 통해 최악의 경우에도 O(log n)의 시간 복잡도로 값을 찾을 수 있습니다.

- 이진 탐색은 정렬된 리스트에서만 사용할 수 있습니다.
- 중간값 계산 시 소수점이 발생할 경우 내림 처리합니다.
- 찾고자 하는 값이 리스트에 없을 경우 false를 반환합니다.
- 이진 탐색은 선형 탐색보다 훨씬 더 효율적입니다.

[tags] Binary Search
[lang] unknown",Binary Search,,,VD-sj4IwZPE,"[""Binary Search""]"
python,https://www.youtube.com/watch?v=bWF_9aHdRRY,"이 강의에서는 이진 탐색 알고리즘을 사용하여 정렬된 리스트에서 특정 키를 검색하는 방법을 설명합니다. 먼저, 사용자가 입력한 숫자 리스트를 정렬한 후, 이진 탐색 함수를 정의합니다. 이 함수는 리스트와 검색할 키를 매개변수로 받아, 리스트의 중간 요소와 키를 비교하여 키의 위치를 찾습니다. 탐색 과정은 low와 high 인덱스를 사용하여 반복적으로 중간 요소를 확인하며, 키가 중간 요소보다 크거나 작을 경우 인덱스를 조정합니다. 이 과정은 low가 high보다 작거나 같을 때까지 반복되며, 키를 찾으면 해당 메시지를 출력합니다.

- 이진 탐색을 사용하기 위해서는 리스트가 정렬되어 있어야 함.
- 사용자로부터 검색할 키를 입력받아야 함.
- low와 high 인덱스를 사용하여 중간 요소를 반복적으로 확인함.
- 키가 발견되면 탐색을 중단하고 결과를 출력함.

[tags] Binary Search
[lang] python",Binary Search,,,bWF_9aHdRRY,"[""Binary Search""]"
python,https://www.youtube.com/watch?v=WBff69BscnM,"이 영상에서는 파이썬을 사용하여 이진 탐색 알고리즘의 작동 방식을 설명합니다. 이진 탐색은 정렬된 배열에서 특정 요소를 찾는 효율적인 방법으로, 배열을 매 단계마다 반으로 나누어 검색 범위를 줄여 나갑니다. 예를 들어, 1부터 32까지의 정렬된 배열에서 22를 찾는 과정을 보여주며, 중간 요소를 기준으로 검색 범위를 조정합니다. 만약 찾고자 하는 요소가 중간 요소보다 크면 오른쪽 절반을, 작으면 왼쪽 절반을 검색합니다.

이진 탐색을 구현하기 위해 배열의 시작과 끝 인덱스를 설정하고, 반복문을 통해 중간 인덱스를 계산하여 해당 값을 비교합니다. 찾고자 하는 값이 중간 값과 일치하면 인덱스를 반환하고, 그렇지 않으면 검색 범위를 조정합니다. 최종적으로 요소가 배열에 존재하지 않으면 None을 반환합니다.

- 이진 탐색은 정렬된 배열에서만 사용 가능
- 배열을 반으로 나누어 검색 범위를 줄임
- 시간 복잡도는 O(log n)
- 요소가 존재하지 않을 경우 None 반환

[tags] Binary Search
[lang] python",Binary Search,,,WBff69BscnM,"[""Binary Search""]"
python,https://www.youtube.com/watch?v=7nbatZEehyo,"이 강의에서는 파이썬을 사용하여 재귀적으로 이진 탐색 알고리즘을 구현하는 방법을 설명합니다. 이진 탐색 함수는 데이터, 하한, 상한, 찾고자 하는 항목의 네 가지 매개변수를 받습니다. 알고리즘은 먼저 유효한 구간인지 확인한 후, 중간 인덱스를 계산하고 해당 인덱스의 값이 찾고자 하는 항목과 일치하는지 검사합니다. 일치하면 인덱스를 반환하고, 그렇지 않으면 항목이 중간 값보다 작은지 또는 큰지를 판단하여 재귀적으로 하위 또는 상위 구간에서 탐색을 계속합니다. 만약 구간이 유효하지 않다면 -1을 반환하여 항목이 존재하지 않음을 나타냅니다.

- 이진 탐색은 정렬된 데이터에서만 작동합니다.
- 재귀 호출을 통해 탐색 범위를 줄여가며 효율적으로 검색합니다.
- 시간 복잡도는 O(log n)입니다.

[tags] Binary Search, Recursion
[lang] python",Binary Search,,,7nbatZEehyo,"[""Binary Search"", ""Recursion""]"
python,https://www.youtube.com/watch?v=2_nnx-jZnOI,"이 강의에서는 프로그래밍의 좋은 관행과 1차원 및 2차원 배열을 다루는 프로그램을 작성하는 방법에 대해 설명합니다. 좋은 프로그래밍 관행으로는 코드의 가독성을 높이고, 적절한 변수 이름을 사용하며, 복잡한 로직에 주석을 추가하는 것이 포함됩니다. 1차원 배열을 초기화하고 출력하는 프로그램을 작성하며, 사용자가 입력한 값으로 배열을 채우는 여러 방법(단일 값, 증가 및 감소하는 시퀀스, 피보나치 수열 등)을 구현합니다. 또한, 2차원 배열의 합계를 계산하는 방법도 설명합니다.

이외에도 파일 처리에 대한 내용을 다루며, 스포츠 클럽의 방문 기록을 관리하는 프로그램을 작성합니다. 사용자가 멤버십 번호와 방문 날짜를 입력하면 이를 파일에 저장하고, 특정 멤버십 번호에 대한 방문 기록을 검색하는 기능도 포함됩니다. 전체적으로 배열과 파일 처리에 대한 기초적인 프로그래밍 기술을 익힐 수 있는 내용입니다.

- 좋은 프로그래밍 관행: 가독성, 주석, 오류 처리
- 1차원 배열 초기화 및 출력
- 2차원 배열의 합계 계산
- 파일 처리 및 데이터 저장
- 사용자 입력을 통한 동적 배열 생성

[tags] [""Array"", ""File Handling"", ""1D Array"", ""2D Array"", ""Basic Programming Practices""]
[lang] unknown",Binary Search,,,2_nnx-jZnOI,"[""[\""Array\"""", ""\""File Handling\"""", ""\""1D Array\"""", ""\""2D Array\"""", ""\""Basic Programming Practices\""]""]"
python,https://www.youtube.com/watch?v=mdOjs4Bukn0,"NumPy의 searchSorted 함수는 정렬된 배열에서 요소를 삽입할 위치를 찾는 데 사용되는 이진 탐색 도구입니다. 이 함수는 정렬된 배열에 값을 삽입할 때, 배열의 정렬 상태를 유지하기 위해 적절한 인덱스를 반환합니다. 기본 구문은 np.searchSorted로, 세 개의 매개변수를 받습니다: 첫 번째는 정렬된 입력 배열, 두 번째는 삽입할 값, 세 번째는 삽입 위치를 결정하는 side입니다. 기본값은 'left'이며, 'right'로 설정할 수도 있습니다.

이 함수는 단일 값뿐만 아니라 여러 값을 동시에 검색할 수 있으며, 중복 값 처리 시 side 매개변수가 중요합니다. 예를 들어, 중복된 값이 있는 경우 'left'를 사용하면 첫 번째 중복 값 앞에, 'right'를 사용하면 마지막 중복 값 뒤에 삽입할 수 있습니다. searchSorted 함수는 이진 탐색을 통해 효율적으로 인덱스를 찾기 때문에 대규모 배열에서도 빠르게 작동합니다.

- searchSorted는 이진 탐색을 사용하여 삽입 인덱스를 찾음
- 단일 값 및 배열의 값 모두 처리 가능
- side='left'는 왼쪽 삽입 위치, 'right'는 오른쪽 삽입 위치
- 중복 값 처리 시 side 매개변수의 설정이 중요
- 대규모 배열에서도 효율적

[tags] binary search, NumPy
[lang] python",Binary Search,,,mdOjs4Bukn0,"[""binary search"", ""NumPy""]"
python,https://www.youtube.com/watch?v=c9GLc40FXvg,"이번 강의에서는 서포트 벡터 머신(SVM) 알고리즘의 하이퍼파라미터 최적화 방법을 다룹니다. 주로 그리드 서치(Grid Search) 기법을 사용하여 다양한 파라미터 조합을 테스트하고 최적의 모델을 찾는 과정을 설명합니다. 그리드 서치는 주어진 파라미터 공간을 탐색하는 브루트 포스 방식으로, 사용자가 정의한 파라미터 딕셔너리를 기반으로 여러 번 모델을 학습시킵니다. 이 과정에서 정확도, F1 점수 등 다양한 평가 지표를 활용하여 모델 성능을 측정합니다.

강의에서는 SVM의 C 파라미터와 커널 유형(예: 선형, RBF 등)을 조정하여 모델을 최적화하는 방법을 설명하며, 그리드 서치 외에도 하프 그리드 서치와 랜덤 서치와 같은 다른 하이퍼파라미터 튜닝 기법도 언급합니다. 최종적으로, 모델의 예측 결과를 혼동 행렬을 통해 평가하고, 성능 지표를 계산하여 모델의 유용성을 확인합니다.

- 그리드 서치는 하이퍼파라미터 최적화의 기본적인 방법이다.
- 다양한 평가 지표(F1 점수, 정확도 등)를 사용하여 모델 성능을 측정한다.
- C 파라미터와 커널 유형을 조정하여 SVM 모델을 최적화한다.
- 하프 그리드 서치 및 랜덤 서치와 같은 대안 기법도 존재한다.
- 혼동 행렬을 통해 모델의 예측 성능을 평가한다.

[tags] SVM, Grid Search, Hyperparameter Tuning, Scikit-learn
[lang] python",Binary Search,,,c9GLc40FXvg,"[""SVM"", ""Grid Search"", ""Hyperparameter Tuning"", ""Scikit-learn""]"
python,https://www.youtube.com/watch?v=Je224_lLSsY,"이 강의에서는 Laravel의 show() 메서드에서 오류를 처리하는 방법을 다룹니다. 주어진 id가 존재하지 않을 경우 404 오류를 반환하도록 테스트를 작성하고, 이를 위해 try-catch 블록을 사용하여 예외를 처리합니다. 데이터베이스에서 레코드를 찾지 못할 경우 null을 반환하므로, 이를 체크하여 적절한 예외 메시지와 함께 404 코드를 반환하도록 구현합니다. 또한, 중복된 오류 응답 코드를 리팩토링하여 코드의 재사용성을 높이는 방법도 설명합니다.

- 테스트 메서드 작성: 존재하지 않는 id에 대한 테스트를 추가.
- 오류 처리: try-catch 블록을 사용하여 예외를 처리하고 404 오류 반환.
- 데이터베이스 체크: null 값 확인 후 예외 발생.
- 코드 리팩토링: 중복된 오류 응답 코드를 메서드로 추출하여 재사용.
- 전체 테스트 실행: 변경 사항이 기존 기능에 영향을 미치지 않는지 확인.

[tags] 
[lang] unknown",Binary Search,,,Je224_lLSsY,[]
python,https://www.youtube.com/watch?v=qvjTqEMq8_8,"이 영상에서는 머신러닝 모델 앙상블의 성능을 향상시키기 위한 방법을 소개한다. 주로 이진 분류 문제를 다루며, 로지스틱 회귀, 랜덤 포레스트, 결정 트리와 같은 여러 분류기를 사용하여 앙상블을 구성한다. 각 분류기의 하이퍼파라미터를 설정한 후, Voting Classifier를 통해 앙상블을 생성하고, 교차 검증을 통해 성능을 평가한다. 이후 Grid Search Cross Validation을 사용하여 최적의 하이퍼파라미터 조합을 찾고, 이를 통해 성능을 약 1.5% 향상시킨다.

또한, 하드 보팅과 소프트 보팅의 차이를 설명하며, 하드 보팅은 다수결 원칙에 따라 클래스를 결정하고, 소프트 보팅은 각 클래스의 확률 평균을 사용하여 클래스를 예측하는 방식이다. 이 두 가지 방법의 차이를 이해하는 것이 중요하다.

- 앙상블 모델 성능 향상 방법
- Voting Classifier 사용
- Grid Search Cross Validation으로 하이퍼파라미터 최적화
- 하드 보팅 vs 소프트 보팅 설명

[tags] Voting Classifier, Grid Search, Cross Validation, Ensemble Learning
[lang] unknown",Binary Search,,,qvjTqEMq8_8,"[""Voting Classifier"", ""Grid Search"", ""Cross Validation"", ""Ensemble Learning""]"
java,https://www.youtube.com/watch?v=1vZijMmhGNw,"이진탐색은 정렬된 데이터에서 원하는 값을 효율적으로 찾는 알고리즘으로, 데이터의 중앙값을 기준으로 탐색 범위를 절반으로 줄여가며 진행됩니다. 이 알고리즘은 오름차순으로 정렬된 데이터에서만 사용할 수 있으며, 중앙값과 찾고자 하는 값을 비교하여 탐색 범위를 조정합니다. 이 과정을 반복하다 보면 원하는 값을 찾을 수 있으며, 시간 복잡도는 O(log n)으로, 데이터의 크기가 커져도 상대적으로 빠른 성능을 보입니다.

이진탐색의 핵심 포인트는 다음과 같습니다:
- 데이터는 반드시 정렬되어 있어야 함.
- 중앙값을 기준으로 탐색 범위를 절반으로 줄임.
- 찾고자 하는 값이 중앙값보다 크면 오른쪽 범위로, 작으면 왼쪽 범위로 이동.
- 최대 O(log n) 번의 비교로 원하는 값을 찾을 수 있음.

[tags] Binary Search
[lang] unknown",Binary Search,,,1vZijMmhGNw,"[""Binary Search""]"
java,https://www.youtube.com/watch?v=F6lKjRDlOpk,"이 강의에서는 이분 탐색의 개념과 응용에 대해 설명합니다. 이분 탐색은 정렬된 배열에서 특정 값을 빠르게 찾기 위해 사용되는 알고리즘으로, 탐색 범위를 절반으로 줄여가며 진행됩니다. 예를 들어, 100개의 수 중에서 25를 찾는 경우, 가운데 수를 확인하고 그 수에 따라 탐색 범위를 앞쪽 또는 뒤쪽으로 줄입니다. 이 과정을 반복하면 최종적으로 찾고자 하는 수의 위치를 O(log n) 시간 복잡도로 찾을 수 있습니다.

이분 탐색은 단순한 탐색 외에도 조건을 만족하는 최소 위치를 찾는 문제에도 응용될 수 있습니다. 이를 통해 최적화 문제를 결정 문제로 변환하는 파라메트릭 서치 기법을 사용할 수 있으며, 이는 다양한 문제 해결에 유용합니다. 이와 같은 방식으로 이분 탐색을 활용하면 복잡한 문제를 효율적으로 해결할 수 있습니다.

- 이분 탐색은 정렬된 배열에서 사용된다.
- 탐색 범위를 절반으로 줄여가며 진행한다.
- 시간 복잡도는 O(log n)이다.
- 조건을 만족하는 최소 위치를 찾는 데 응용 가능하다.
- 파라메트릭 서치로 최적화 문제를 해결할 수 있다.

[tags] 이분 탐색, 파라메트릭 서치
[lang] unknown",Binary Search,,,F6lKjRDlOpk,"[""이분 탐색"", ""파라메트릭 서치""]"
java,https://www.youtube.com/watch?v=jjOmN2_lmdk,"이 문제는 떡볶이 떡을 자르는 높이를 결정하여 손님이 요청한 길이만큼의 떡을 얻기 위한 최적의 절단기 높이 h를 찾는 것입니다. 주어진 떡의 높이와 요청한 길이 m을 바탕으로 이진 탐색을 통해 높이를 조정하며, 각 높이에서 잘린 떡의 총 길이를 계산하여 m 이상인지 확인합니다. 이진 탐색을 통해 높이를 조정하는 과정에서, 높이를 높이면 잘린 떡의 길이가 줄어들고, 낮추면 길이가 늘어나는 특성을 이용하여 탐색 범위를 좁혀 나갑니다.

문제의 조건은 최대 100만 개의 떡과 요청 길이가 20억까지 가능하므로, 선형 탐색은 시간 초과가 발생할 수 있습니다. 따라서 이진 탐색을 통해 효율적으로 최적의 높이를 찾아야 합니다. 최종적으로, 이진 탐색을 통해 기록된 높이 중에서 가장 큰 값을 출력하면 됩니다.

- 이진 탐색을 통해 높이 h를 조정
- 잘린 떡의 총 길이를 계산하여 m 이상인지 확인
- 탐색 범위는 0부터 최대 떡 높이까지
- 높이를 높이면 잘린 떡의 길이 감소, 낮추면 증가
- 최적의 높이 h를 찾기 위해 반복

[tags] Binary Search, Greedy
[lang] python",Binary Search,,,jjOmN2_lmdk,"[""Binary Search"", ""Greedy""]"
java,https://www.youtube.com/watch?v=UEQp7kgIZQI,"바이너리 서치 트리(BST)는 부모 노드의 왼쪽 자식은 항상 작은 값, 오른쪽 자식은 큰 값을 가지는 이진 트리입니다. 검색은 루트에서 시작하여 찾고자 하는 값에 따라 왼쪽 또는 오른쪽으로 이동하며 진행됩니다. 최소값은 왼쪽 끝, 최대값은 오른쪽 끝에서 찾을 수 있습니다. 원소 삽입 시에도 검색을 통해 적절한 위치를 찾아야 하며, 삭제는 자식 노드의 수에 따라 다르게 처리됩니다. 자식 노드가 없는 경우는 간단히 삭제하고, 하나만 있는 경우는 해당 자식 노드를 부모에 연결합니다. 자식 노드가 둘 다 있는 경우는 왼쪽 자식 중 최대 값을 대입하고, 그 최대 값을 삭제하는 방식으로 진행됩니다.

- BST의 특징: 왼쪽 자식 < 부모 < 오른쪽 자식
- 검색: 루트에서 시작하여 왼쪽/오른쪽으로 이동
- 삽입: 위치 검색 후 해당 위치에 삽입
- 삭제: 자식 노드 수에 따라 처리 방식 다름
- 최대/최소값: 각각 왼쪽/오른쪽 끝에서 찾음

[tags] BST, 검색, 삽입, 삭제, 최대값, 최소값
[lang] unknown",Binary Search,,,UEQp7kgIZQI,"[""BST"", ""검색"", ""삽입"", ""삭제"", ""최대값"", ""최소값""]"
java,https://www.youtube.com/watch?v=z8LAZ4DXiN4,"AVL 트리는 이진 검색 트리(BST)의 일종으로, 삽입 및 삭제 시 트리의 균형을 유지하기 위해 회전을 사용하는 자료구조입니다. AVL 트리는 각 노드의 왼쪽과 오른쪽 자식의 높이 차이를 나타내는 밸런스 팩터를 사용하여 균형을 판단합니다. 이 밸런스 팩터는 -1, 0, 1의 값을 가질 수 있으며, 이 범위를 초과하면 회전을 통해 균형을 맞춰야 합니다. 회전의 종류는 LL, RR, LR, RL로 나뉘며, 각 경우에 따라 적절한 회전을 수행하여 트리의 균형을 유지합니다.

AVL 트리는 BST의 특성을 유지하면서도 균형을 잡아 검색, 삽입, 삭제의 시간 복잡도를 O(log n)으로 유지할 수 있습니다. 따라서 AVL 트리는 데이터의 삽입과 삭제가 빈번한 경우에 유용하게 사용됩니다. 이론적인 이해와 함께 예제를 통해 실습하는 것이 중요하며, BST에 대한 기본 개념이 선행되어야 합니다.

- AVL 트리는 BST의 균형을 유지하는 자료구조이다.
- 밸런스 팩터는 -1, 0, 1의 값을 가지며, 이를 초과하면 회전이 필요하다.
- 회전의 종류는 LL, RR, LR, RL로 나뉜다.
- AVL 트리는 검색, 삽입, 삭제의 시간 복잡도를 O(log n)으로 유지한다.
- BST에 대한 이해가 선행되어야 AVL을 효과적으로 배울 수 있다.

[tags] AVL, BST, 회전, 밸런스 팩터
[lang] unknown",Binary Search,,,z8LAZ4DXiN4,"[""AVL"", ""BST"", ""회전"", ""밸런스 팩터""]"
java,https://www.youtube.com/watch?v=hKI93hOfeIk,"이 강의에서는 이진 탐색 알고리즘에 대해 설명합니다. 이진 탐색은 정렬된 리스트에서만 작동하며, 매 반복마다 리스트를 반으로 나누어 목표 값을 찾습니다. 이 알고리즘은 선형 탐색보다 훨씬 빠르게 작동할 수 있으며, 모든 항목을 확인할 필요가 없습니다. 코드에서는 왼쪽과 오른쪽 인덱스를 사용하여 탐색 범위를 조정하고, 중간 값을 계산하여 목표 값과 비교합니다. 목표 값이 리스트에 없으면 -1을 반환합니다.

이진 탐색의 주요 흐름은 다음과 같습니다:
- 리스트의 왼쪽과 오른쪽 인덱스를 설정합니다.
- 중간 인덱스를 계산하고 목표 값과 비교합니다.
- 목표 값이 중간 값보다 작으면 오른쪽 인덱스를 조정하고, 크면 왼쪽 인덱스를 조정합니다.
- 인덱스가 교차하면 탐색을 종료하고 -1을 반환합니다.

- 이진 탐색은 정렬된 리스트에서만 사용 가능
- 매 반복마다 탐색 범위를 반으로 줄임
- 목표 값이 없을 경우 -1 반환
- 시간 복잡도는 O(log n)

[tags] binary search
[lang] java",Binary Search,,,hKI93hOfeIk,"[""binary search""]"
java,https://www.youtube.com/watch?v=NFhOrxtXXcM,"이 영상에서는 자바로 이진 탐색 알고리즘을 구현하는 방법을 설명합니다. 이진 탐색은 정렬된 배열에서 특정 값의 존재 여부를 빠르게 확인하는 방법으로, 배열의 중간 값을 기준으로 탐색 범위를 반으로 줄여가며 진행됩니다. 이 알고리즘은 정렬된 배열에서만 작동하므로, 정렬되지 않은 배열에 대해서는 먼저 정렬을 수행해야 합니다. 이진 탐색은 최악의 경우에도 O(log n)의 시간 복잡도를 가지며, 이는 일반적인 선형 탐색 O(n)보다 훨씬 효율적입니다.

이진 탐색의 기본 흐름은 다음과 같습니다:
- 배열의 중간 값을 선택하고, 찾고자 하는 값과 비교합니다.
- 찾고자 하는 값이 중간 값보다 크면, 중간 값의 오른쪽 절반을 탐색하고, 작으면 왼쪽 절반을 탐색합니다.
- 이 과정을 반복하여 값을 찾거나, 값이 없을 경우 -1을 반환합니다.

- 이진 탐색은 정렬된 배열에서만 사용 가능
- 시간 복잡도는 O(log n)
- 배열의 중간 값을 기준으로 탐색 범위를 줄임
- 값이 없을 경우 -1 반환

[tags] Binary Search
[lang] java",Binary Search,,,NFhOrxtXXcM,"[""Binary Search""]"
java,https://www.youtube.com/watch?v=d-nh-xBHsgM,"이 튜토리얼에서는 정렬된 배열에서 이진 탐색 알고리즘을 구현하는 방법을 설명한다. 이진 탐색은 배열의 중간 요소와 검색 값을 비교하여 작동하며, 검색 값이 중간 요소보다 작으면 배열의 왼쪽 절반에서, 크면 오른쪽 절반에서 계속 검색한다. 이 과정은 low와 high 인덱스를 사용하여 반복되며, mid 인덱스는 (low + high) / 2로 계산된다. 검색이 성공하면 해당 인덱스를 반환하고, 실패하면 -1을 반환한다.

이진 탐색의 주요 조건은 배열이 정렬되어 있어야 하며, 시간 복잡도는 O(log n)이다. 이 알고리즘은 효율적인 검색을 가능하게 하며, 다양한 프로그래밍 언어로 쉽게 구현할 수 있다.

- 이진 탐색은 정렬된 배열에서만 작동한다.
- low와 high 인덱스를 사용하여 검색 범위를 조정한다.
- mid 인덱스는 (low + high) / 2로 계산된다.
- 검색 값이 발견되면 해당 인덱스를 반환한다.
- 시간 복잡도는 O(log n)이다.

[tags] Binary Search
[lang] java",Binary Search,,,d-nh-xBHsgM,"[""Binary Search""]"
java,https://www.youtube.com/watch?v=L6NJzdtaaLA,"이 영상에서는 자바의 이진 탐색 알고리즘을 사용하여 정렬된 컬렉션에서 특정 요소를 검색하는 방법을 설명합니다. 이진 탐색은 주어진 리스트에서 특정 요소의 위치를 찾는 메서드로, 리스트가 정렬되어 있어야만 제대로 작동합니다. 이진 탐색은 내부적으로 트리 자료구조를 사용하여 요소를 검색하므로, 정렬된 데이터가 필수적입니다.

예시로, 정수형 ArrayList를 생성하고 1부터 10까지의 숫자를 정렬된 순서로 추가한 후, 특정 값(예: 5, 8)의 위치를 찾는 과정을 보여줍니다. 이진 탐색 메서드는 컬렉션 클래스의 정적 메서드로 호출되며, 리스트와 검색할 값을 인자로 받아 해당 값의 인덱스를 반환합니다. 이 과정에서 인덱스는 0부터 시작하므로, 반환된 위치를 통해 요소의 정확한 위치를 확인할 수 있습니다.

- 이진 탐색을 사용하기 위해서는 리스트가 정렬되어 있어야 함.
- 컬렉션 클래스의 정적 메서드를 통해 이진 탐색을 수행.
- 반환된 인덱스는 0부터 시작함.

[tags] Binary Search, Collections, ArrayList
[lang] java",Binary Search,,,L6NJzdtaaLA,"[""Binary Search"", ""Collections"", ""ArrayList""]"
java,https://www.youtube.com/watch?v=eV9v7RVfVJQ,"이 강의에서는 이진 탐색(Binary Search) 알고리즘에 대해 설명한다. 이진 탐색은 정렬된 배열에서 특정 값을 찾는 효율적인 방법으로, 시간 복잡도는 O(log N)이며 최악의 경우에도 O(N)보다 빠르다. 기본적으로 두 개의 포인터(왼쪽과 오른쪽)를 사용하여 중간값을 계산하고, 중간값과 목표값을 비교하여 탐색 범위를 줄여나간다. 만약 중간값이 목표값보다 작으면 왼쪽 포인터를 이동시키고, 크면 오른쪽 포인터를 이동시킨다. 이 과정을 반복하여 목표값을 찾거나, 배열에 없을 경우 -1을 반환한다.

이진 탐색의 구현 시 주의할 점은 정수 오버플로우를 피하기 위해 중간값을 계산할 때 `L + (R - L) / 2`와 같은 방법을 사용하는 것이다. 이 방법은 특히 Java와 같은 언어에서 유용하다. 이진 탐색은 공간 복잡도 또한 O(1)로 매우 효율적이다.

- 이진 탐색은 정렬된 배열에서만 사용 가능하다.
- 시간 복잡도는 O(log N)이다.
- 정수 오버플로우를 피하기 위해 중간값 계산 시 주의해야 한다.
- 목표값이 배열에 없을 경우 -1을 반환한다.

[tags] Binary Search
[lang] unknown",Binary Search,,,eV9v7RVfVJQ,"[""Binary Search""]"
java,https://www.youtube.com/watch?v=cXxFuKHtcYU,"이 영상에서는 자바로 이진 탐색 알고리즘을 구현하는 방법을 설명합니다. 이진 탐색은 정렬된 배열에서 값을 찾는 가장 빠른 방법으로, 배열의 중간 값을 기준으로 탐색 범위를 반으로 나누어가며 원하는 값을 찾습니다. 예를 들어, 배열에서 7을 찾고자 할 때, 중간 값이 8이라면 7보다 작으므로 탐색 범위를 왼쪽으로 이동합니다. 이 과정을 반복하여 최종적으로 원하는 값을 찾거나, 값이 존재하지 않을 경우 -1을 반환합니다. 이 알고리즘은 O(log N)의 시간 복잡도를 가지며, 정렬된 배열에서만 작동합니다.

- 이진 탐색은 정렬된 배열에서만 사용 가능
- 중간 값을 기준으로 탐색 범위를 반으로 나누는 방식
- 값이 존재하지 않을 경우 -1 반환
- 시간 복잡도는 O(log N)

[tags] Binary Search
[lang] java",Binary Search,,,cXxFuKHtcYU,"[""Binary Search""]"
java,https://www.youtube.com/watch?v=dE4lGRWwlvw,"이진 탐색은 정렬된 배열에서 특정 값을 빠르게 찾기 위한 알고리즘으로, 매 반복마다 탐색 범위를 절반으로 줄여 나간다. 초기 배열의 길이가 n일 때, 이진 탐색의 시간 복잡도는 O(log n)으로, 선형 탐색의 O(n)보다 훨씬 효율적이다. 이진 탐색은 배열의 중간 요소를 기준으로 쿼리 값과 비교하여, 쿼리 값이 중간 요소보다 작으면 오른쪽 절반을 버리고, 크면 왼쪽 절반을 버리는 방식으로 진행된다. 

이 알고리즘은 구현 시 주의할 점이 있으며, 특히 정수 오버플로우를 피하기 위해 중간 인덱스를 계산할 때 L과 R의 합 대신 L에 (R - L) / 2를 더하는 방식이 권장된다. 이진 탐색은 정렬된 배열에서만 사용할 수 있으며, 작은 배열에서는 선형 탐색이 더 빠를 수 있다. 

- 이진 탐색은 정렬된 배열에서만 사용 가능
- 시간 복잡도: O(log n)
- 구현 시 오버플로우 주의
- 작은 배열에서는 선형 탐색이 더 효율적일 수 있음
- 여러 쿼리가 있을 때 이진 탐색이 유리

[tags] Binary Search
[lang] unknown",Binary Search,,,dE4lGRWwlvw,"[""Binary Search""]"
java,https://www.youtube.com/watch?v=9q0k3OyCKPY,"이 강의에서는 이진 탐색(Binary Search) 알고리즘에 대해 설명한다. 이진 탐색은 정렬된 배열에서 특정 값을 찾는 효율적인 방법으로, 배열의 중간 요소를 기준으로 탐색 범위를 반으로 줄여가며 진행된다. 주어진 배열이 비어있으면 -1을 반환하고, 그렇지 않으면 왼쪽과 오른쪽 경계를 설정하여 반복문을 통해 중간 인덱스를 계산한다. 중간 값이 목표 값과 같으면 해당 인덱스를 반환하고, 중간 값이 목표 값보다 크면 오른쪽 경계를 줄이고, 작으면 왼쪽 경계를 줄인다. 이 과정을 통해 탐색 범위를 줄여가며 목표 값을 찾는다.

이진 탐색은 정렬된 배열에서만 사용할 수 있으며, 선형 탐색보다 훨씬 빠른 성능을 제공한다. 예를 들어, 10개의 요소가 있는 배열에서 이진 탐색은 최대 4번의 비교로 목표 값을 찾을 수 있지만, 선형 탐색은 최대 10번의 비교가 필요하다.

- 이진 탐색은 정렬된 배열에서만 사용 가능
- 배열이 비어있을 경우 -1 반환
- 중간 값을 기준으로 탐색 범위 절반으로 축소
- 선형 탐색보다 효율적

[tags] Binary Search
[lang] unknown",Binary Search,,,9q0k3OyCKPY,"[""Binary Search""]"
java,https://www.youtube.com/watch?v=WKbJn7TjhUA,"이 영상에서는 이진 탐색 알고리즘을 Java로 구현하는 방법을 설명한다. 이진 탐색은 정렬된 배열에서 특정 값을 찾는 효율적인 방법으로, 배열의 중간 값을 기준으로 탐색 범위를 반으로 나누어가며 진행된다. 알고리즘은 재귀적 또는 반복적으로 구현할 수 있으며, 기본적으로 왼쪽과 오른쪽 포인터를 설정하고 중간 인덱스를 계산하여 해당 값과 비교한다. 만약 중간 값이 찾고자 하는 값보다 작으면 왼쪽 포인터를 조정하고, 크면 오른쪽 포인터를 조정하여 탐색을 계속한다.

이진 탐색을 구현할 때 주의할 점은 배열이 반드시 정렬되어 있어야 하며, 포인터의 범위를 적절히 관리해야 한다는 것이다. 시간 복잡도는 O(log n)으로, 매우 효율적이다.

- 이진 탐색은 정렬된 배열에서만 사용 가능
- 재귀적 또는 반복적 방법으로 구현 가능
- 시간 복잡도는 O(log n)
- 포인터의 범위 조정에 주의 필요

[tags] Binary Search, Recursive, Iterative
[lang] java",Binary Search,,,WKbJn7TjhUA,"[""Binary Search"", ""Recursive"", ""Iterative""]"
java,https://www.youtube.com/watch?v=xqz8X6VgZDw,"경로 변수와 쿼리 매개변수의 차이를 이해하는 것은 REST API 구현에서 중요하다. 경로 변수는 필수 정보를 URI 경로에 포함시키는 데 사용되며, 예를 들어 특정 사용자의 이메일을 통해 정보를 요청할 때 사용된다. 반면, 쿼리 매개변수는 선택적 정보를 포함하는 데 적합하며, 예를 들어 사용자의 도시나 주와 같은 필터링 정보를 제공할 때 사용된다. 

REST API를 설계할 때, 경로 변수는 필수적인 리소스 식별자(예: 이메일, 사용자 ID)를 나타내고, 쿼리 매개변수는 정렬, 필터링, 페이지네이션과 같은 선택적 정보를 포함하는 것이 일반적이다. 이러한 규칙은 API의 일관성과 가독성을 높이는 데 기여한다.

- 경로 변수는 필수 정보를 포함하고, 쿼리 매개변수는 선택적 정보를 포함한다.
- 경로 변수는 리소스 식별에 사용되며, 쿼리 매개변수는 필터링 및 정렬에 유용하다.
- 페이지네이션은 쿼리 매개변수를 통해 구현할 수 있다.

[tags] 
[lang] unknown",Binary Search,,,xqz8X6VgZDw,[]
java,https://www.youtube.com/watch?v=aqNfDfS1URw,"주어진 문제는 정수를 입력받아 이진수 문자열로 변환하는 `twoBinary` 메서드를 작성하는 것입니다. 이 메서드는 Java의 내장 메서드를 사용할 수도 있지만, 직접 계산하는 방법을 통해 이진수 변환 과정을 이해하는 것이 더 유익합니다. 이를 위해 입력된 정수를 2로 나누고, 나머지를 이용해 이진수 문자열을 생성합니다. 나머지는 0 또는 1이므로, 이를 문자열의 앞에 추가하여 최종 이진수 문자열을 완성합니다. 또한, 입력값이 0일 경우에는 ""0""을 반환하도록 예외 처리를 합니다.

- 메서드 헤더는 `public static String twoBinary(int n)` 형식으로 작성.
- 정수를 2로 나누며 나머지를 문자열의 앞에 추가.
- 입력값이 0일 경우 ""0""을 반환.
- 내장 메서드 대신 직접 계산하는 방법을 통해 학습 효과를 높임.

[tags] 
[lang] java",Binary Search,,,aqNfDfS1URw,[]
java,https://www.youtube.com/watch?v=Fs2hFtX32eA,"이 강의에서는 Java를 사용하여 배열을 생성하고 데이터를 표시하는 방법을 설명합니다. 배열을 생성할 때는 객체를 사용하며, 배열의 요소는 0부터 시작하는 인덱스를 가집니다. 배열을 출력하기 위해서는 반복문을 사용하고, `System.out.println`을 통해 결과를 출력합니다. 또한, 특정 값을 검색하기 위해 Java의 `Arrays` 클래스를 활용한 이진 검색 방법을 소개합니다. 이진 검색을 사용하면 배열과 검색할 값을 인자로 전달하여 해당 값의 인덱스를 찾을 수 있습니다.

강의에서는 사용자 정의 메서드를 통해 배열을 검색하는 방법도 설명합니다. 이 메서드는 배열과 검색 키를 매개변수로 받아 배열의 길이를 확인하고, 각 요소를 비교하여 값을 찾습니다. 값이 발견되면 1을 반환하고, 그렇지 않으면 -1을 반환합니다. 이 과정을 통해 배열의 검색 로직을 직접 구현하는 방법을 배울 수 있습니다.

- 배열 생성 및 출력 방법
- 이진 검색을 통한 배열 검색
- 사용자 정의 메서드로 배열 검색 구현
- 배열의 인덱스와 요소 비교

[tags] Arrays, Binary Search, Custom Method
[lang] java",Binary Search,,,Fs2hFtX32eA,"[""Arrays"", ""Binary Search"", ""Custom Method""]"
java,https://www.youtube.com/watch?v=uHcMaeZ351w,"주어진 문제는 배열에서 피크 요소를 찾는 것입니다. 피크 요소는 인접한 왼쪽과 오른쪽 요소보다 큰 값을 가져야 하며, 인접한 요소가 같을 수 없습니다. 이 문제를 해결하기 위해 이진 탐색 알고리즘을 사용합니다. 이진 탐색을 통해 중간 요소를 선택하고, 그 요소의 왼쪽과 오른쪽 요소를 비교하여 피크 조건을 만족하는지 확인합니다. 만약 중간 요소가 피크가 아니라면, 더 큰 요소가 있는 쪽으로 탐색 범위를 조정합니다.

이 알고리즘의 주요 조건은 다음과 같습니다:
- 중간 요소가 피크 요소인지 확인하기 위해 왼쪽과 오른쪽 요소를 비교합니다.
- 왼쪽 또는 오른쪽 요소가 중간 요소보다 크면 해당 방향으로 탐색을 계속합니다.
- 배열의 경계에 도달했을 때는 경계 조건을 고려하여 비교를 생략합니다.

- 이진 탐색을 사용하여 O(log n) 시간 복잡도로 피크 요소를 찾을 수 있습니다.
- 배열의 경계에서 조건을 적절히 처리해야 합니다.

[tags] binary search
[lang] unknown",Binary Search,,,uHcMaeZ351w,"[""binary search""]"
java,https://www.youtube.com/watch?v=bqraplP_Kqk,"정렬된 연결 리스트를 균형 잡힌 이진 탐색 트리(BST)로 변환하는 방법에 대해 설명한다. 균형 잡힌 BST는 각 노드의 왼쪽과 오른쪽 서브트리의 깊이 차이가 최대 1인 트리이다. 이 문제를 해결하기 위해 두 가지 방법을 제시하는데, 첫 번째 방법은 연결 리스트를 배열로 변환한 후, 정렬된 배열을 BST로 변환하는 것이다. 그러나 이 방법은 연결 리스트의 특성을 무시하므로 일반적으로 수용되지 않는다.

두 번째 방법은 연결 리스트의 노드를 순서대로 사용하여 BST를 구성하는 것이다. 이 과정에서 연결 리스트의 길이를 계산하고, 재귀적으로 중간 지점을 찾아가며 노드를 생성한다. 이 방법은 각 노드를 한 번만 방문하므로 시간 복잡도는 O(n)이고, 공간 복잡도는 O(log n)이다. 이 알고리즘은 연결 리스트의 순서를 유지하면서 균형 잡힌 BST를 생성할 수 있다.

- 균형 잡힌 BST의 정의: 각 노드의 서브트리 깊이 차이가 최대 1
- 첫 번째 방법은 배열 변환, 두 번째 방법은 재귀적 노드 생성
- 시간 복잡도: O(n), 공간 복잡도: O(log n)

[tags] BST, Linked List, Recursion
[lang] unknown",Binary Search,,,bqraplP_Kqk,"[""BST"", ""Linked List"", ""Recursion""]"
c,https://www.youtube.com/watch?v=Smmz7MT4oxM,"이진 검색 트리(BST)는 부모 노드를 기준으로 왼쪽 자식은 부모보다 작은 값, 오른쪽 자식은 부모보다 큰 값을 가지는 자료구조입니다. 노드를 삽입할 때는 루트부터 시작하여 삽입할 값과 비교하며 적절한 위치를 찾아 내려갑니다. 예를 들어, 5를 삽입할 경우 8과 비교하여 왼쪽으로, 4와 비교하여 오른쪽으로 이동하여 7의 왼쪽에 위치하게 됩니다. 이 과정은 재귀적으로 이루어지며, 최종적으로 새로운 노드를 생성하여 연결합니다.

BST의 삽입 과정은 다음과 같은 특징을 가집니다:
- 루트부터 시작하여 값을 비교하며 내려감.
- 중복 데이터는 허용되지 않음.
- 재귀 호출을 통해 적절한 위치를 찾음.
- 새로운 노드는 메모리를 할당받아 생성됨.

[tags] BST, 재귀, 노드 삽입
[lang] unknown",Binary Search,,,Smmz7MT4oxM,"[""BST"", ""재귀"", ""노드 삽입""]"
c,https://www.youtube.com/watch?v=72rHvVdK75w,"이진 검색 트리(BST)에서 노드를 검색하는 방법에 대해 설명한다. 검색은 루트 노드부터 시작하며, 찾고자 하는 값이 루트보다 작으면 왼쪽 자식으로, 크면 오른쪽 자식으로 이동한다. 예를 들어, 5를 찾는 경우 6의 왼쪽으로, 3의 오른쪽으로 이동하여 5를 찾을 수 있다. 만약 찾고자 하는 값이 존재하지 않으면 null을 반환한다. 검색 함수는 재귀적으로 호출되며, 각 호출에서 현재 노드의 값과 타겟 값을 비교하여 적절한 방향으로 이동한다.

검색이 성공적으로 이루어지면 해당 노드의 주소를 반환하고, 실패하면 null을 반환한다. 이 과정에서 종료 조건을 잘 설정해야 하며, 재귀 호출의 결과를 적절히 반환하여 최종 결과를 메인 함수로 전달해야 한다. 이진 검색 트리의 검색 시간 복잡도는 평균적으로 O(log n)이며, 최악의 경우 O(n)이다.

- 루트에서 시작하여 왼쪽 또는 오른쪽으로 이동
- 찾는 값이 없을 경우 null 반환
- 재귀 호출을 통해 검색 진행
- 종료 조건 설정 중요
- 검색 시간 복잡도: 평균 O(log n), 최악 O(n)

[tags] BST, 재귀, 검색, null 반환
[lang] unknown",Binary Search,,,72rHvVdK75w,"[""BST"", ""재귀"", ""검색"", ""null 반환""]"
c,https://www.youtube.com/watch?v=fgJw3T1Bpmw,"이진 검색 트리(BST)에서 최대값과 최소값 노드를 찾는 방법은 트리의 구조적 특성을 활용하는 것입니다. 최대값 노드는 루트에서 시작해 오른쪽 자식 노드로 계속 이동하여 찾을 수 있으며, 최소값 노드는 왼쪽 자식 노드로 계속 이동하여 찾습니다. 이 과정에서 최대값은 반복문을 사용하여 구현하고, 최소값은 재귀 호출을 통해 구현하는 방법을 설명합니다. 반복문은 메모리 사용이 적고 코드 이해가 용이하다는 장점이 있습니다.

- 최대값 노드는 오른쪽 끝 노드로, 최소값 노드는 왼쪽 끝 노드로 이동하여 찾는다.
- 최대값은 반복문으로, 최소값은 재귀 호출로 구현한다.
- 반복문 사용 시 메모리 사용량이 적고 코드가 간단해진다.
- 재귀 호출은 메모리 스택을 사용하므로 주의가 필요하다.

[tags] 
[""BST"", ""Iteration"", ""Recursion""]
[lang] unknown",Binary Search,,,fgJw3T1Bpmw,[]
c,https://www.youtube.com/watch?v=P8gbyzHZgfY,"이진트리는 최대 2개의 자식을 가지며, 왼쪽과 오른쪽 자식을 구분하는 트리입니다. 이진트리의 특성으로는 노드가 1개일 때 간선이 n-1개라는 점과, 높이 h에 따른 최대 및 최소 노드 수가 있습니다. 최대 노드 수는 \(2^{(h+1)} - 1\)이며, 최소 노드 수는 \(h + 1\)입니다. 또한, 차수가 0, 1, 2인 노드의 개수와 관련된 관계식도 존재합니다.

이진트리의 종류에는 편향 이진트리, 포화 이진트리, 완전 이진트리가 있습니다. 편향 이진트리는 모든 노드가 한쪽 방향으로만 자식을 가지며, 포화 이진트리는 각 레벨에서 최대 개수의 노드를 가집니다. 완전 이진트리는 노드 번호가 연속적으로 매겨진 상태를 유지하는 트리로, 배열로 구현할 때 유용합니다. 번호 매기기는 노드가 아닌 자리에 매겨진다는 점에 유의해야 합니다.

- 이진트리의 정의: 최대 2개의 자식, 왼쪽/오른쪽 구분
- 노드 수와 간선 수의 관계: n-1개의 간선
- 최대/최소 노드 수: \(2^{(h+1)} - 1\) / \(h + 1\)
- 이진트리 종류: 편향, 포화, 완전 이진트리
- 번호 매기기: 노드가 아닌 자리에 매김

[tags] 
[lang] unknown",Binary Search,,,P8gbyzHZgfY,[]
c,https://www.youtube.com/watch?v=GcZDwzTuit0,"트리는 비선형 자료구조로, 이진탐색트리는 이진트리의 특성을 가지며 정렬된 데이터를 기반으로 탐색과 삽입을 수행한다. 이진탐색은 데이터를 반으로 나누어 탐색하는 방식으로, O(log n)의 시간 복잡도를 가진다. 이진탐색트리는 각 노드가 최대 2개의 자식을 가지며, 데이터를 삽입할 때도 탐색과 마찬가지로 O(log n)의 복잡도를 가진다. 이진탐색을 위해서는 데이터가 반드시 정렬되어 있어야 하며, 이진탐색트리는 C++의 맵 자료구조와 같은 형태로 구현된다.

- 이진탐색은 정렬된 데이터에서만 가능하다.
- 이진탐색트리는 O(log n)의 시간 복잡도를 가진다.
- 각 노드는 최대 2개의 자식을 가질 수 있다.
- 삽입과 탐색 모두 O(log n)의 복잡도를 가진다.
- 트리 구조는 비선형적이며, 다양한 계층적 데이터를 표현할 수 있다.

[tags] 이진탐색, 이진트리, 트리구조
[lang] unknown",Binary Search,,,GcZDwzTuit0,"[""이진탐색"", ""이진트리"", ""트리구조""]"
c,https://www.youtube.com/watch?v=NSonAgxIfuc,"이진 검색은 정렬된 배열에서 특정 값을 효율적으로 찾는 알고리즘으로, 시간 복잡도는 O(log n)입니다. 배열이 정렬되어 있지 않다면 선형 검색을 사용해야 하며, 이 경우 최악의 경우 O(n)의 시간 복잡도를 가집니다. 이진 검색은 배열의 중간값을 기준으로 검색 범위를 반으로 나누어가며 진행됩니다. 중간값이 찾고자 하는 값과 같으면 해당 인덱스를 반환하고, 작거나 크면 각각 왼쪽 또는 오른쪽 절반을 재귀적으로 검색합니다. 검색 범위가 유효하지 않게 되면 -1을 반환하여 값을 찾지 못했음을 알립니다.

- 이진 검색은 정렬된 배열에서만 사용 가능
- 중간값을 기준으로 검색 범위를 반으로 나누는 방식
- 최악의 경우 O(n)에서 최적의 경우 O(log n)으로 검색 가능
- 재귀 호출을 통해 검색을 진행
- 값이 없을 경우 -1 반환

[tags] Binary Search
[lang] unknown",Binary Search,,,NSonAgxIfuc,"[""Binary Search""]"
c,https://www.youtube.com/watch?v=wbkb2fhm4kU,"C언어에서 프로그램을 작성할 때, 반드시 메인 함수가 필요하며, 하나 이상의 문장이 포함되어야 합니다. 세미콜론으로만 이루어진 코드는 'Empty Statement'로, 실행 시 아무런 출력도 하지 않습니다. 하나의 프로젝트에는 하나의 메인 메서드만 존재해야 하며, 여러 개의 C언어 파일을 추가할 수 있지만, 이 경우 특정 파일을 빌드에서 제외하여 실행되지 않도록 설정할 수 있습니다. 이를 통해 여러 예제를 하나의 프로젝트에서 관리할 수 있습니다.

- 메인 함수는 필수이며, 하나의 프로젝트에 하나만 존재해야 함.
- 세미콜론으로만 이루어진 코드는 실행 시 아무 결과도 없음.
- 여러 C언어 파일을 추가할 수 있으나, 메인 메서드는 하나만 실행 가능.
- 빌드에서 제외 설정을 통해 특정 파일을 실행하지 않도록 할 수 있음.
- 파일 검색 기능을 활용하여 필요한 소스를 쉽게 찾을 수 있음.

[tags] 
[lang] unknown",Binary Search,,,wbkb2fhm4kU,[]
c,https://www.youtube.com/watch?v=P98Ov7qx7fg,"트리에서 모든 노드를 순회하는 방법에는 중위, 전위, 후위 순회가 있다. 중위 순회는 부모 노드를 가운데 두고 왼쪽 자식, 부모, 오른쪽 자식 순으로 방문하며, 전위 순회는 부모 노드를 가장 먼저 방문한 후 왼쪽 자식, 오른쪽 자식 순으로 진행한다. 후위 순회는 왼쪽 자식과 오른쪽 자식을 모두 방문한 후 마지막에 부모 노드를 방문하는 방식이다. 이러한 순회 방법은 트리 구조의 특성에 따라 재귀적으로 호출하여 구현할 수 있다.

각 순회 방식은 출력하는 위치에 따라 결정되며, 이를 통해 트리의 모든 노드를 효과적으로 탐색할 수 있다. 코드 구현 시, 출력 구문을 어디에 두느냐에 따라 중위, 전위, 후위 순회가 달라지므로 주의가 필요하다. 트리 구조를 이해하고 직접 코딩해보는 것이 중요하다.

- 중위 순회: 왼쪽 자식 → 부모 → 오른쪽 자식
- 전위 순회: 부모 → 왼쪽 자식 → 오른쪽 자식
- 후위 순회: 왼쪽 자식 → 오른쪽 자식 → 부모
- 재귀 호출을 통해 순회 구현
- 출력 구문 위치에 따라 순회 방식 결정

[tags] 
[lang] unknown",Binary Search,,,P98Ov7qx7fg,[]
c,https://www.youtube.com/watch?v=xrMppTpoqdw,"이 영상에서는 이진 탐색 알고리즘에 대해 설명한다. 이진 탐색은 정렬된 배열에서 목표 값을 찾는 알고리즘으로, 매 단계마다 배열의 절반을 제거하여 검색 범위를 줄여나간다. 이진 탐색을 수행하기 위해서는 배열이 반드시 정렬되어 있어야 하며, 중간 값을 기준으로 목표 값과 비교하여 탐색을 진행한다. 만약 목표 값이 중간 값보다 크면 배열의 앞부분을, 작으면 뒷부분을 버리고 다시 중간 값을 찾는 과정을 반복한다. 이진 탐색의 시간 복잡도는 O(log N)으로, 대량의 데이터에서 매우 효율적이다.

- 이진 탐색은 정렬된 배열에서만 사용 가능하다.
- 매 단계마다 배열의 절반을 제거하여 검색 범위를 줄인다.
- 작은 데이터셋에서는 비효율적일 수 있다.
- 대량의 데이터셋에서 O(log N)의 시간 복잡도로 효율적이다.
- 구현 시, 배열의 인덱스 범위를 잘 설정해야 한다.

[tags] Binary Search
[lang] unknown",Binary Search,,,xrMppTpoqdw,"[""Binary Search""]"
c,https://www.youtube.com/watch?v=OAZc1zwjERU,"이 강의에서는 정렬된 배열에서 이진 탐색 알고리즘을 구현하는 방법과 일반적인 오류를 다룹니다. 이진 탐색은 두 개의 포인터(시작과 끝)를 사용하여 배열의 중간 요소를 확인하고, 찾고자 하는 값과 비교하여 탐색 범위를 줄여나가는 방식으로 작동합니다. 예를 들어, 배열에서 10을 찾고자 할 때, 중간 요소가 6이라면 6보다 작은 모든 요소를 무시하고 탐색 범위를 조정합니다. 이 과정을 반복하여 원하는 값을 찾거나, 값이 존재하지 않음을 확인합니다.

이진 탐색을 구현할 때 주의해야 할 점은 인덱스의 초기화와 종료 조건을 정확히 설정하는 것입니다. 또한, 중간 인덱스를 계산할 때 오버플로우를 방지하기 위해 `low + (high - low) / 2`와 같은 방법을 사용하는 것이 좋습니다. 이진 탐색의 시간 복잡도는 O(log n)입니다.

- 이진 탐색은 정렬된 배열에서만 사용 가능
- 중간 인덱스 계산 시 오버플로우 주의
- 종료 조건을 명확히 설정해야 함
- 반복문을 사용한 구현과 재귀적 구현 가능

[tags] Binary Search
[lang] unknown",Binary Search,,,OAZc1zwjERU,"[""Binary Search""]"
c,https://www.youtube.com/watch?v=P3YID7liBug,"이 강의에서는 이진 탐색(Binary Search) 알고리즘에 대해 설명한다. 이진 탐색은 정렬된 배열에서 특정 요소를 찾는 효율적인 방법으로, 배열의 중간 요소와 비교하여 탐색 범위를 반으로 줄여가며 진행된다. 예를 들어, 300명의 학생의 성적표에서 특정 학생의 성적을 찾는 상황을 통해 이진 탐색의 직관성을 설명한다. 이 알고리즘은 정렬된 배열에서만 작동하며, 최악의 경우 O(log n)의 시간 복잡도를 가진다.

이진 탐색은 재귀적 또는 반복적으로 구현할 수 있으며, 구현 시 주의할 점은 정수 오버플로우를 피하기 위해 중간 인덱스를 계산할 때 `left + right` 대신 `(left + right) // 2`를 사용하는 것이다. 이진 탐색은 배열뿐만 아니라 문자열과 같은 다른 데이터 유형에도 적용할 수 있다.

- 이진 탐색은 정렬된 배열에서만 작동
- 시간 복잡도는 O(log n)
- 재귀적 또는 반복적 구현 가능
- 정수 오버플로우 주의
- 다양한 데이터 유형에 적용 가능

[tags] Binary Search
[lang] unknown",Binary Search,,,P3YID7liBug,"[""Binary Search""]"
c,https://www.youtube.com/watch?v=ygYbSGTMEFs,"이 강의에서는 이진 탐색 알고리즘에 대해 설명합니다. 이진 탐색은 정렬된 배열에서 특정 요소를 찾는 효율적인 방법으로, 배열의 중간 요소와 비교하여 탐색 범위를 반으로 줄여 나갑니다. 초기에는 배열의 시작 인덱스와 끝 인덱스를 설정하고, 중간 인덱스를 계산하여 해당 요소와 비교합니다. 찾고자 하는 요소가 중간 요소보다 작으면 오른쪽 절반을 버리고, 크면 왼쪽 절반을 버리는 방식으로 탐색을 진행합니다. 이 과정을 반복하여 요소를 찾거나 탐색 범위가 소진될 때까지 진행합니다.

이진 탐색의 시간 복잡도는 최악의 경우 O(log n)이며, 이는 배열의 크기가 n일 때 탐색 범위가 절반으로 줄어드는 과정을 기반으로 합니다. 이 알고리즘은 정렬된 배열에서만 사용할 수 있으며, 비정렬 배열에서는 사용할 수 없습니다.

- 이진 탐색은 정렬된 배열에서만 작동
- 탐색 범위를 반으로 줄이는 방식
- 최악의 경우 시간 복잡도 O(log n)
- 중간 요소와의 비교를 통해 탐색 진행

[tags] Binary Search
[lang] unknown",Binary Search,,,ygYbSGTMEFs,"[""Binary Search""]"
c,https://www.youtube.com/watch?v=GU7DpgHINWQ,"이 강의에서는 이진 탐색 알고리즘에 대해 설명한다. 이진 탐색은 정렬된 배열에서 특정 값을 빠르게 찾는 방법으로, 중간 요소를 비교하여 탐색 범위를 반으로 줄여나간다. 구현 시 주의해야 할 점은 중간 인덱스를 계산할 때 오버플로우를 방지하기 위해 `M = L + (R - L) // 2`와 같은 공식을 사용하는 것이다. 이진 탐색의 시간 복잡도는 O(log N)으로, 각 단계에서 탐색 범위가 절반으로 줄어든다.

이진 탐색은 단순한 값 찾기 외에도 조건을 만족하는 첫 번째 또는 마지막 값을 찾는 데에도 활용된다. 예를 들어, 주어진 값보다 크거나 같은 첫 번째 값을 찾는 문제에서는 조건을 만족하는 값을 찾을 때까지 탐색을 계속하며, 최종적으로 가장 작은 값을 반환한다. 또한, 이진 탐색은 실수 값에 대해서도 적용 가능하며, 정밀도를 설정하여 특정 값의 제곱근을 찾는 데 사용할 수 있다.

- 이진 탐색의 기본 원리: 중간 요소 비교 후 범위 조정
- 오버플로우 방지를 위한 중간 인덱스 계산법
- 시간 복잡도: O(log N)
- 조건을 만족하는 값 찾기 응용
- 실수 값에 대한 이진 탐색 가능

[tags] Binary Search
[lang] unknown",Binary Search,,,GU7DpgHINWQ,"[""Binary Search""]"
c,https://www.youtube.com/watch?v=y-PeR_oCbrE,"이 영상에서는 이진 탐색(Binary Search) 알고리즘에 대해 설명한다. 이진 탐색은 정렬된 배열에서 특정 요소를 찾는 효율적인 방법으로, 배열을 반으로 나누어 중간값과 비교하여 탐색 범위를 줄여나간다. 예를 들어, 배열에서 4를 찾고자 할 때, 중간값을 기준으로 4가 중간값보다 크면 오른쪽 절반에서만 검색하고, 작으면 왼쪽 절반에서 검색한다. 이 과정은 반복되며, 최악의 경우에도 O(log n)의 시간 복잡도를 가진다. 이는 선형 탐색(O(n))보다 훨씬 빠르다.

이진 탐색의 주요 단계는 다음과 같다:
- 배열의 중간값을 찾는다.
- 중간값과 찾고자 하는 값을 비교한다.
- 값에 따라 탐색 범위를 왼쪽 또는 오른쪽으로 조정한다.
- 이 과정을 반복하여 값을 찾는다.

[tags] Binary Search
[lang] unknown",Binary Search,,,y-PeR_oCbrE,"[""Binary Search""]"
c,https://www.youtube.com/watch?v=ebtQXraJiQg,"이 강의에서는 이진 탐색 알고리즘을 활용하여 부동 소수점 수의 제곱근을 구하는 방법을 설명한다. 기본적으로 이진 탐색을 사용하여 정렬된 배열에서 요소를 찾는 것과 유사하게, 주어진 수 n의 제곱근을 구할 수 있다. 이 과정에서 시간 복잡도는 O(log n)이다. 제곱근을 구할 때는 low와 high 포인터를 설정하고, 이 포인터들이 서로 가까워질 때는 ceil 값을 사용하여 무한 루프에 빠지지 않도록 한다.

부동 소수점 수의 정밀도를 고려할 때, 포인터를 EPS 거리만큼 이동시키며 이진 탐색을 수행한다. 이때, low와 high가 EPS 이상 떨어져 있을 때만 탐색을 계속 진행하며, mid 값을 기준으로 조건을 체크하여 low 또는 high 값을 업데이트한다. 이 방법을 통해 원하는 소수점 이하 자리수까지 제곱근을 구할 수 있으며, 정밀도를 조정하여 다양한 자리수의 제곱근을 계산할 수 있다.

- 이진 탐색을 활용한 제곱근 계산
- 부동 소수점 수의 정밀도 조정
- 시간 복잡도 O(log n)
- EPS를 통한 포인터 이동
- 소수점 이하 자리수 조정 가능

[tags] Binary Search
[lang] unknown",Binary Search,,,ebtQXraJiQg,"[""Binary Search""]"
c,https://www.youtube.com/watch?v=kfVc310aGD4,"이 강의에서는 이진 탐색 알고리즘에 대해 설명한다. 이진 탐색은 정렬된 데이터에서 더 효율적인 검색 방법으로, 중간값을 기준으로 탐색 범위를 반으로 나누어가며 원하는 값을 찾는다. 예를 들어, 1부터 100 사이의 숫자를 추측하는 게임을 통해 이진 탐색의 원리를 설명하며, 각 추측에 대해 ""너무 높음"", ""너무 낮음"", ""정답""이라는 세 가지 반응을 통해 탐색 범위를 좁혀간다. 이진 탐색은 정렬된 배열에서만 작동하며, 시간 복잡도는 O(log n)이다.

이진 탐색의 구현 과정은 다음과 같다:
- 배열의 하한과 상한을 설정하고, 하한이 상한보다 작거나 같을 때까지 반복한다.
- 중간값을 계산하고, 중간값과 찾고자 하는 값을 비교하여 하한 또는 상한을 조정한다.
- 값을 찾으면 해당 인덱스를 반환하고, 찾지 못하면 -1을 반환한다.

- 이진 탐색은 정렬된 데이터에서만 사용 가능하다.
- 시간 복잡도는 O(log n)이다.
- 중간값을 기준으로 탐색 범위를 줄여가며 효율적으로 검색한다.

[tags] Binary Search
[lang] javascript",Binary Search,,,kfVc310aGD4,"[""Binary Search""]"
c,https://www.youtube.com/watch?v=YOuzdvOcvgg,"XLOOKUP 함수는 Excel에서 이진 검색을 구현하는 데 유용하며, 특히 여러 개의 조회 값을 사용할 때 성능이 향상됩니다. 이 함수는 데이터 정렬을 자동으로 처리하여 사용자가 직접 스프레드시트를 정렬할 필요가 없도록 합니다. 조회 배열과 반환 배열을 모두 오름차순으로 정렬한 후, 정확한 일치를 위해 매치 모드와 검색 모드를 설정합니다. 이진 검색을 통해 더 빠른 결과를 얻을 수 있으며, 결과가 없을 경우 대시(-)로 표시됩니다.

또한, 긴 수식을 간편하게 사용하기 위해 람다 함수를 활용할 수 있습니다. 사용자는 람다 함수를 정의하여 입력값을 간단히 처리하고, 이를 통해 XLOOKUP을 보다 효율적으로 사용할 수 있습니다. 이 과정에서 사용자는 입력값을 변수로 설정하고, 기존 수식을 람다 함수로 변환하여 재사용할 수 있습니다.

- XLOOKUP을 사용하여 이진 검색 구현
- 데이터 정렬을 자동으로 처리
- 정확한 일치를 위한 매치 모드 설정
- 람다 함수를 통한 수식 간소화
- 결과가 없을 경우 대시(-)로 표시

[tags] XLOOKUP, Binary Search, Lambda Function
[lang] unknown",Binary Search,,,YOuzdvOcvgg,"[""XLOOKUP"", ""Binary Search"", ""Lambda Function""]"
cpp,https://www.youtube.com/watch?v=ur0IbNSD0SM,"트리는 비선형 자료구조로, 부모와 자식의 관계로 구성된 구조입니다. 트리의 최상위 노드를 루트라고 하며, 각 노드는 최대 2명의 자식을 가질 수 있는 이진트리 형태로 주로 다루어집니다. 트리의 용어로는 리프(더 이상 자식이 없는 노드), 간선(부모와 자식 간의 연결), 레벨(루트에서의 거리), 높이(최대 레벨) 등이 있습니다. 이진트리는 완전 이진트리, 정이진트리, 퍼펙트 이진트리로 나뉘며, 각각의 특성을 가지고 있습니다.

트리를 순회하는 방법에는 중위 순회, 전위 순회, 후위 순회가 있으며, 각 방법은 부모 노드를 방문하는 순서에 따라 다릅니다. 중위 순회는 왼쪽 자식, 부모, 오른쪽 자식 순으로 방문하고, 전위 순회는 부모, 왼쪽 자식, 오른쪽 자식 순으로, 후위 순회는 왼쪽 자식, 오른쪽 자식, 부모 순으로 진행됩니다. 이러한 순회 방법을 통해 트리의 모든 노드를 빠짐없이 방문할 수 있습니다.

- 트리의 기본 구조: 부모-자식 관계
- 이진트리의 종류: 완전, 정, 퍼펙트
- 순회 방법: 중위, 전위, 후위

[tags] 
[lang] unknown",Binary Search,,,ur0IbNSD0SM,[]
cpp,https://www.youtube.com/watch?v=ucXtMk5RXas,"이진 검색 트리(BST)에서 노드를 출력하는 방법으로 중위 순회(inorder traversal)를 소개합니다. 중위 순회는 왼쪽 자식 노드를 모두 순회한 후 부모 노드를 방문하고, 마지막으로 오른쪽 자식 노드를 순회하는 방식입니다. 이 과정에서 BST의 특성에 따라 왼쪽 자식 노드의 값은 부모보다 작고, 오른쪽 자식 노드의 값은 부모보다 크기 때문에, 중위 순회를 통해 노드를 방문하면 결과적으로 오름차순으로 정렬된 값을 얻을 수 있습니다.

중위 순회를 구현하기 위해 재귀 호출을 사용하며, 각 노드에 대해 왼쪽 자식 노드를 먼저 방문하고, 그 다음에 현재 노드의 값을 출력한 후 오른쪽 자식 노드를 방문합니다. 이 방식은 모든 노드를 정확히 순회할 수 있도록 하며, BST의 구조를 활용하여 효율적으로 값을 출력합니다.

- 중위 순회는 BST에서 오름차순으로 값을 출력한다.
- 재귀 호출을 통해 왼쪽, 부모, 오른쪽 순서로 노드를 방문한다.
- BST의 특성을 이용하여 효율적인 탐색이 가능하다.

[tags] BST, Inorder Traversal, Recursion
[lang] unknown",Binary Search,,,ucXtMk5RXas,"[""BST"", ""Inorder Traversal"", ""Recursion""]"
cpp,https://www.youtube.com/watch?v=ADr6gGGOV4A,"이 강의에서는 이진 탐색 알고리즘에 대해 설명하고 있다. 이진 탐색은 정렬된 배열에서 목표 값을 찾는 알고리즘으로, 배열의 중간 요소와 목표 값을 비교하여 탐색 범위를 반으로 줄여가며 진행된다. 만약 중간 요소가 목표 값과 다르다면, 목표 값이 존재할 수 없는 절반을 제외하고 나머지 절반에서 다시 중간 요소를 비교하는 과정을 반복한다. 이 과정은 목표 값을 찾거나 탐색 범위가 비어있을 때까지 계속된다. 이진 탐색을 올바르게 구현하기 위해서는 종료 조건과 중간 요소 계산에 주의해야 한다.

강의에서는 C++를 사용하여 이진 탐색을 구현하는 방법을 시연한다. 코드에서는 벡터를 사용하여 정렬된 배열을 만들고, 사용자가 입력한 값을 찾는 함수를 정의한다. 이진 탐색을 통해 값이 존재하는지 여부를 확인하고, 결과를 출력하는 간단한 구조로 되어 있다.

- 이진 탐색은 정렬된 배열에서만 사용 가능하다.
- 중간 요소 계산과 종료 조건에 주의해야 한다.
- C++에서 STL의 `binary_search` 함수를 활용할 수 있다.

[tags] Binary Search
[lang] cpp",Binary Search,,,ADr6gGGOV4A,"[""Binary Search""]"
cpp,https://www.youtube.com/watch?v=A6sUupg8ylE,"이 영상에서는 C++에서의 기본적인 검색 및 정렬 알고리즘에 대해 설명한다. 먼저, 배열에서 특정 요소를 찾기 위한 선형 검색(Linear Search) 방법을 소개하며, 배열의 모든 요소를 순차적으로 탐색하여 키와 일치하는 인덱스를 반환한다. 이 방법은 O(n) 시간 복잡도를 가지며, 배열이 정렬되지 않았을 때 유용하다. 반면, 배열이 정렬된 경우에는 이진 검색(Binary Search)을 사용하여 O(log n) 시간 복잡도로 더 빠르게 검색할 수 있다.

정렬 알고리즘으로는 선택 정렬(Selection Sort)과 삽입 정렬(Insertion Sort)을 다룬다. 선택 정렬은 배열에서 가장 작은 요소를 찾아 정렬된 부분으로 이동시키는 방식으로 작동하며, 삽입 정렬은 각 요소를 이미 정렬된 부분에 적절한 위치에 삽입하는 방식이다. 마지막으로, 재귀 알고리즘을 통해 팩토리얼을 계산하는 방법도 설명하며, 기본 사례와 재귀 사례의 개념을 소개한다.

- 선형 검색은 O(n) 복잡도, 이진 검색은 O(log n) 복잡도.
- 선택 정렬은 가장 작은 요소를 찾아 정렬된 부분으로 이동.
- 삽입 정렬은 각 요소를 정렬된 부분에 삽입.
- 재귀 알고리즘은 기본 사례와 재귀 호출로 구성.

[tags] Linear Search, Binary Search, Selection Sort, Insertion Sort, Recursion
[lang] c++",Binary Search,,,A6sUupg8ylE,"[""Linear Search"", ""Binary Search"", ""Selection Sort"", ""Insertion Sort"", ""Recursion""]"
cpp,https://www.youtube.com/watch?v=mTZFkEvwJuI,"이 영상에서는 이진 탐색 알고리즘에 대해 설명합니다. 이진 탐색은 정렬된 요소 집합에서 값을 빠르게 찾기 위해 분할 정복 전략을 사용하는 효율적인 검색 알고리즘입니다. 이 알고리즘의 시간 복잡도는 O(log n)으로, 선형 탐색의 O(n)보다 훨씬 빠릅니다. 이진 탐색을 수행하기 위해서는 먼저 배열이 정렬되어 있어야 하며, 시작 인덱스와 끝 인덱스를 설정한 후 중간 인덱스를 계산하여 해당 위치의 값을 확인합니다. 찾고자 하는 값이 중간 값보다 크면 시작 인덱스를 중간 인덱스 + 1로, 작으면 끝 인덱스를 중간 인덱스 - 1로 조정하여 탐색 범위를 반으로 줄입니다. 이 과정을 반복하여 값을 찾거나 시작 인덱스가 끝 인덱스를 초과할 때까지 진행합니다.

- 이진 탐색은 정렬된 배열에서만 사용 가능
- 시간 복잡도는 O(log n)
- 중간 인덱스 계산 후 값 비교
- 탐색 범위를 반으로 줄이는 방식
- 값이 없을 경우 -1 반환

[tags] Binary Search
[lang] unknown",Binary Search,,,mTZFkEvwJuI,"[""Binary Search""]"
cpp,https://www.youtube.com/watch?v=rFuTnl5HCA0,"이 영상에서는 정렬된 배열에서 목표 값을 찾기 위한 이진 탐색 알고리즘을 C++로 구현하는 방법을 설명합니다. 이진 탐색은 검색 구간을 반복적으로 반으로 나누어 목표 값의 위치를 효율적으로 찾는 알고리즘입니다. 초기에는 배열의 첫 번째 요소를 가리키는 저위 포인터와 마지막 요소를 가리키는 고위 포인터를 설정하고, 저위 포인터가 고위 포인터보다 작거나 같을 때까지 검색을 계속합니다. 중간 인덱스를 계산하여 중간 요소와 목표 값을 비교하고, 목표 값이 중간 요소보다 크면 저위 포인터를 중간 요소의 오른쪽으로 이동시키고, 작으면 고위 포인터를 왼쪽으로 이동시킵니다. 만약 목표 값이 배열에 없다면 -1을 반환합니다.

- 이진 탐색은 정렬된 배열에서만 사용할 수 있습니다.
- 검색 범위를 반으로 나누어 효율성을 높입니다.
- 중간 인덱스 계산 시 오버플로우를 방지해야 합니다.
- 목표 값이 배열에 없을 경우 -1을 반환합니다.

[tags] Binary Search
[lang] cpp",Binary Search,,,rFuTnl5HCA0,"[""Binary Search""]"
cpp,https://www.youtube.com/watch?v=_NT69eLpqks,"이 강의는 이진 탐색에 대한 포괄적인 학습 자료를 제공하는 것을 목표로 하며, 다양한 프로그래밍 언어(C++, Java, Python 등)로 문제를 다룰 예정이다. 강의자는 이진 탐색의 개념을 깊이 있게 이해할 수 있도록 32개의 문제를 다루며, 이를 통해 수많은 기술 면접에서 자주 출제되는 문제를 해결할 수 있는 능력을 기를 수 있다고 강조한다. 또한, 강의 중에는 의문 사항에 대한 지원을 제공하고, 수업 후에는 모의 면접과 피드백을 통해 학습 효과를 극대화할 수 있도록 돕는다.

강의는 이진 탐색의 기초부터 시작하여 최적의 코드 작성법까지 다루며, 수업이 끝난 후에는 관련된 문제를 풀어볼 수 있는 콘테스트도 제공할 예정이다. 강의자는 자신의 경험을 바탕으로 신뢰성을 강조하며, 수업의 질을 보장한다고 약속한다.

- 이진 탐색의 모든 개념을 포괄적으로 다룸
- 32개의 문제를 통해 심화 학습
- 다양한 프로그래밍 언어 지원
- 의문 사항에 대한 즉각적인 피드백 제공
- 최종적으로 콘테스트를 통해 실력 점검 가능

[tags] Binary Search
[lang] unknown",Binary Search,,,_NT69eLpqks,"[""Binary Search""]"
cpp,https://www.youtube.com/watch?v=vohuRrwbTT4,"이 영상에서는 이진 탐색 알고리즘에 대해 설명합니다. 이진 탐색은 정렬된 배열에서만 사용할 수 있으며, 매 비교마다 탐색 공간을 절반으로 줄이는 특징이 있습니다. 예를 들어, 50,000개의 요소가 있는 배열에서 이진 탐색을 사용하면 첫 번째 비교 후 탐색 공간이 절반으로 줄어들어, 최악의 경우에도 비교 횟수가 로그(base 2) n에 비례하여 증가합니다. 이는 선형 탐색과 비교했을 때 매우 효율적입니다.

이진 탐색의 기본 흐름은 먼저 배열의 중간값을 찾고, 검색하려는 값과 비교하여 탐색 범위를 조정하는 것입니다. 만약 검색 값이 중간값보다 크면, 탐색 범위를 중간값의 오른쪽으로, 작으면 왼쪽으로 줄입니다. 이 과정을 반복하여 값을 찾거나 배열에 존재하지 않음을 확인합니다. 이진 탐색의 시간 복잡도는 O(log n)입니다.

- 이진 탐색은 정렬된 배열에서만 사용 가능
- 매 비교마다 탐색 공간을 절반으로 줄임
- 시간 복잡도는 O(log n)
- 중간값을 기준으로 탐색 범위를 조정
- 검색 값이 배열에 없을 경우 -1 반환

[tags] Binary Search
[lang] unknown",Binary Search,,,vohuRrwbTT4,"[""Binary Search""]"
cpp,https://www.youtube.com/watch?v=6LRCIPFgwKM,"이 영상에서는 이진 탐색(Binary Search) 알고리즘에 대해 설명한다. 이진 탐색은 정렬된 배열에서만 작동하며, 배열을 반으로 나누어 원하는 값을 찾는 방식으로 작동한다. 먼저 배열의 중간 값을 확인하고, 찾고자 하는 값이 중간 값보다 작으면 앞쪽 절반을, 크면 뒤쪽 절반을 탐색한다. 이 과정을 반복하여 탐색 범위를 줄여 나가며, 최악의 경우 O(log n) 시간 복잡도를 가진다. 이진 탐색은 정렬된 배열에서 매우 효율적이며, 선형 탐색보다 훨씬 빠르다.

- 이진 탐색은 정렬된 배열에서만 사용 가능하다.
- 배열을 반으로 나누어 탐색 범위를 줄인다.
- 최악의 경우 O(log n) 시간 복잡도를 가진다.
- 선형 탐색보다 훨씬 빠르다.
- 배열이 정렬되어 있지 않으면 사용할 수 없다.

[tags] Binary Search
[lang] unknown",Binary Search,,,6LRCIPFgwKM,"[""Binary Search""]"
cpp,https://www.youtube.com/watch?v=a4sIFjj0B3E,"```
강의는 진행자 Faheem Ahmed가 채널에 대한 감사 인사와 함께 시작됩니다. 그는 시청자들의 응원에 기뻐하며, 구독을 권장합니다. 강의의 주제나 내용에 대한 구체적인 설명은 제공되지 않았습니다.

- 진행자는 시청자와의 소통을 중요시함.
- 구독을 통해 더 많은 콘텐츠를 제공할 계획임.
- 강의의 주제는 명시되지 않음.

[tags] 
[lang] unknown
```",Binary Search,,,a4sIFjj0B3E,[]
cpp,https://www.youtube.com/watch?v=3oLUIE9VtGw,"C++에서 문자열 처리에 사용되는 다양한 함수들에 대해 설명한다. 먼저, `strlen` 함수는 문자열의 길이를 반환하며, 문자열의 마지막에 있는 널 문자(null character)는 카운트하지 않는다. `strcpy` 함수는 한 문자열의 내용을 다른 문자열로 복사하는 기능을 제공하고, `strcat` 함수는 두 문자열을 연결(concatenate)하는 데 사용된다. 이때, 연결된 문자열의 크기를 고려하여 충분한 메모리를 할당해야 한다.

또한, `strupr`와 `strlwr` 함수는 각각 문자열을 대문자와 소문자로 변환하며, `strrev` 함수는 문자열을 역순으로 변환한다. 마지막으로, `strcmp` 함수는 두 문자열을 비교하여 동일 여부를 판단하는 데 사용된다. 이 함수는 ASCII 값을 기반으로 문자열을 비교하며, 결과가 0이면 두 문자열이 동일하다는 것을 의미한다. 이러한 함수들은 문자열 조작을 간편하게 해주며, 프로그래밍에서 자주 사용된다.

- 문자열 길이 반환: `strlen`
- 문자열 복사: `strcpy`
- 문자열 연결: `strcat`
- 대문자/소문자 변환: `strupr`, `strlwr`
- 문자열 비교: `strcmp`

[tags] strlen, strcpy, strcat, strupr, strlwr, strrev, strcmp
[lang] c++",Binary Search,,,3oLUIE9VtGw,"[""strlen"", ""strcpy"", ""strcat"", ""strupr"", ""strlwr"", ""strrev"", ""strcmp""]"
cpp,https://www.youtube.com/watch?v=pcXe4FomyRg,"주어진 영상에서는 두 숫자 간의 최대값과 최소값을 찾는 함수를 정의하고 사용하는 방법을 설명한다. 프로그램은 사용자로부터 두 숫자를 입력받고, 각각의 숫자에 대해 최대값과 최소값을 계산하는 두 개의 함수를 정의한다. 최대값을 찾는 함수는 두 숫자를 비교하여 더 큰 값을 반환하고, 최소값을 찾는 함수는 두 숫자를 비교하여 더 작은 값을 반환한다. 최종적으로 계산된 최대값과 최소값을 출력한다.

- 두 개의 함수(maximum, minimum)를 정의하여 각각 최대값과 최소값을 계산
- 사용자로부터 두 숫자를 입력받아 처리
- 조건문을 사용하여 두 숫자를 비교
- 결과를 출력하는 방식으로 프로그램 구성
- 코드 실행 후 결과 확인 가능

[tags] maximum, minimum
[lang] unknown",Binary Search,,,pcXe4FomyRg,"[""maximum"", ""minimum""]"
cpp,https://www.youtube.com/watch?v=bgt9plOjh0I,"C++에서 함수는 코드의 재사용성과 관리성을 높이기 위해 사용된다. 함수는 입력을 받아 처리한 후 결과를 반환하는 구조로, 일반적으로 여러 개의 매개변수를 가질 수 있지만 하나의 반환값만을 가진다. 이 강의에서는 `findGrade`라는 함수를 정의하고, 이를 통해 주어진 점수에 따라 학점을 계산하는 방법을 설명한다. 함수는 메인 함수 이후에 정의되어야 하며, 이를 위해 함수 프로토타입을 사용하여 메인 함수에서 호출할 수 있도록 한다.

함수 내에서는 출력문(`cout`)이나 입력문(`cin`)을 사용하지 않고, 대신 매개변수를 통해 데이터를 전달받고 반환값을 통해 결과를 전달한다. 이를 통해 함수는 독립적으로 동작할 수 있으며, 메인 함수에서 사용자로부터 점수를 입력받아 이를 함수에 전달하고 결과를 출력하는 방식으로 구성된다. 이러한 구조는 코드의 가독성과 유지보수성을 높이는 데 기여한다.

- 함수는 코드의 재사용성을 높인다.
- 함수는 입력을 받고 결과를 반환하는 구조이다.
- 함수 프로토타입을 사용하여 메인 함수에서 호출 가능하게 한다.
- 출력문과 입력문은 메인 함수에서 처리한다.
- 매개변수를 통해 함수와 데이터를 주고받는다.

[tags] 함수, C++, 프로토타입, 매개변수, 반환값
[lang] unknown",Binary Search,,,bgt9plOjh0I,"[""함수"", ""C++"", ""프로토타입"", ""매개변수"", ""반환값""]"
python,https://www.youtube.com/watch?v=iSjvuixMPmQ,"투포인터 알고리즘은 두 개의 포인터를 사용하여 문제를 해결하는 기법으로, 주로 연속 구간의 합이나 두 원소의 조합을 찾는 데 유용하다. 이 알고리즘은 슬라이딩 윈도우의 상위 개념으로 이해할 수 있으며, 시간 복잡도를 O(n)으로 줄일 수 있다. 예를 들어, '수들의 합 2' 문제에서는 두 포인터를 사용하여 연속 구간의 합이 특정 값이 되는 경우를 찾고, '두 영역 문제'에서는 정렬된 배열에서 두 원소의 합이 0에 가까워지도록 조정하는 방식으로 활용된다.

투포인터 기법을 사용할 때는 포인터의 이동 방향과 조건을 잘 설정해야 하며, 각 포인터가 배열의 양 끝에서 시작하여 서로 만나도록 조정하는 것이 중요하다. 이 방법은 다양한 문제에 적용 가능하며, 효율적인 해결책을 제공한다.

- 투포인터는 두 개의 포인터를 사용하여 문제를 해결하는 기법이다.
- 시간 복잡도를 O(n)으로 줄일 수 있다.
- 연속 구간의 합이나 두 원소의 조합 문제에 주로 사용된다.
- 포인터의 이동 방향과 조건 설정이 중요하다.

[tags] 투포인터, 슬라이딩 윈도우, O(n)
[lang] unknown",Two Pointers,,,iSjvuixMPmQ,"[""투포인터"", ""슬라이딩 윈도우"", ""O(n)""]"
python,https://www.youtube.com/watch?v=ciPrKYoOQkI,"주어진 문제는 정렬된 배열에서 두 수의 합이 특정 목표값이 되는 두 수의 인덱스를 찾는 것입니다. 이 문제는 일반적인 두 수의 합 문제와 유사하지만, 정렬된 배열이라는 특성을 활용하여 효율적으로 해결할 수 있습니다. 주어진 조건에 따라 상수 공간만 사용해야 하므로 해시맵을 사용할 수 없고, 대신 두 포인터 기법을 사용합니다. 

두 포인터 기법은 배열의 양 끝에서 시작하여, 두 수의 합이 목표값보다 크면 오른쪽 포인터를 왼쪽으로 이동시키고, 작으면 왼쪽 포인터를 오른쪽으로 이동시킵니다. 이 과정을 반복하여 목표값과 일치하는 두 수를 찾으면, 해당 인덱스를 반환합니다. 이 알고리즘의 시간 복잡도는 O(N)이며, 공간 복잡도는 O(1)입니다.

- 정렬된 배열에서 두 수의 합을 찾는 문제
- 두 포인터 기법 사용
- 시간 복잡도: O(N)
- 공간 복잡도: O(1)
- 항상 유일한 해가 존재

[tags] Two-Pointer
[lang] unknown",Two Pointers,,,ciPrKYoOQkI,"[""Two-Pointer""]"
python,https://www.youtube.com/watch?v=4YKBwKnTnlM,"두 포인터 패턴은 두 개의 포인터를 사용하여 동시에 두 개의 데이터 포인트를 추적함으로써 더 효율적인 알고리즘을 작성하는 기법이다. 이 기법을 사용하여 오름차순으로 정렬된 배열에서 특정 값에 합산되는 두 숫자를 찾는 문제를 해결할 수 있다. 기본 아이디어는 배열의 양 끝에 포인터를 두고, 두 포인터가 가리키는 값의 합이 목표 값과 같은지 확인하는 것이다. 만약 합이 목표보다 작으면 왼쪽 포인터를 오른쪽으로 이동시키고, 크면 오른쪽 포인터를 왼쪽으로 이동시킨다. 이 과정을 반복하여 두 포인터가 만날 때까지 진행한다.

이 방법은 O(n)의 시간 복잡도를 가지며, 공간 복잡도는 O(1)로 추가적인 공간을 사용하지 않는다. 반면, 단순한 중첩 반복문을 사용하는 비효율적인 방법은 O(n^2)의 시간 복잡도를 가진다. 따라서 두 포인터 패턴은 더 나은 성능을 제공한다.

- 두 포인터 패턴을 사용하여 문제 해결
- 오름차순 배열에서 두 숫자 찾기
- 시간 복잡도 O(n), 공간 복잡도 O(1)
- 비효율적인 방법은 O(n^2)

[tags] 두 포인터, 배열, 탐색
[lang] python",Two Pointers,,,4YKBwKnTnlM,"[""두 포인터"", ""배열"", ""탐색""]"
python,https://www.youtube.com/watch?v=4EDiy-jbPaE,"두 포인터 기법은 기술 면접에서 가장 흔히 사용되는 패턴 중 하나로, 주로 배열이나 연결 리스트를 처리하는 데 사용된다. 이 기법은 크게 세 가지 하위 패턴으로 나눌 수 있다. 첫 번째는 '접근하는 포인터'로, 배열의 양 끝에서 시작하여 서로 가까워지며 조건을 만족하는 값을 찾는다. 예를 들어, 정렬된 배열에서 두 수의 합이 목표 값이 되는 경우, 두 포인터를 사용하여 선형 시간에 해결할 수 있다. 또 다른 예로는 색상을 정렬하는 문제에서 세 개의 포인터를 사용하여 색상을 적절히 배치하는 방식이 있다.

두 번째 패턴은 '빠른 포인터와 느린 포인터'로, 주로 연결 리스트에서 사이클을 탐지하는 데 사용된다. 느린 포인터는 한 번에 한 노드씩 이동하고, 빠른 포인터는 두 번에 한 번씩 이동하여 두 포인터가 만나는 지점을 통해 사이클의 시작 노드를 찾는다. 마지막으로 '분리된 포인터' 패턴은 두 개의 배열이나 연결 리스트를 동시에 처리하는 방식으로, 예를 들어 두 연결 리스트의 교차점을 찾거나 두 정렬된 배열을 병합하는 문제에 적용된다.

- 두 포인터 기법은 배열과 연결 리스트에서 자주 사용됨
- 접근하는 포인터는 양 끝에서 시작하여 조건을 만족하는 값을 찾음
- 빠른 포인터와 느린 포인터는 사이클 탐지에 유용
- 분리된 포인터는 두 개의 리스트를 동시에 처리하는 데 사용됨

[tags] Two Pointers, Sliding Window, Fast and Slow Pointers, Merge, Cycle Detection
[lang] unknown",Two Pointers,,,4EDiy-jbPaE,"[""Two Pointers"", ""Sliding Window"", ""Fast and Slow Pointers"", ""Merge"", ""Cycle Detection""]"
python,https://www.youtube.com/watch?v=SrMk-EdWRUE,"투 포인터 기법은 1차원 배열이나 문자열 문제에서 유용하게 사용되는 알고리즘으로, 두 개의 포인터를 활용하여 특정 조건을 만족하는 부분 배열이나 원소 쌍을 찾는 데 사용된다. 이 기법은 완전 탐색에 비해 선형 시간 복잡도로 문제를 해결할 수 있어, 입력 크기가 큰 경우에도 효율적이다. 예를 들어, 연속된 원소의 합이 특정 값과 같은 경우를 찾거나, 정렬된 배열에서 두 원소의 합이 특정 값과 같은지를 확인할 때 유용하다.

투 포인터 기법의 기본 원리는 두 포인터를 배열의 시작 또는 끝에서 시작하여 조건에 따라 포인터를 이동시키는 것이다. 예를 들어, 부분 배열의 합이 목표 값보다 작으면 오른쪽 포인터를 이동시키고, 클 경우에는 왼쪽 포인터를 이동시킨다. 이 과정을 반복하여 원하는 조건을 만족하는 경우를 찾는다. 이 기법은 특히 시간 제약이 있는 코딩 테스트에서 매우 유용하다.

- 투 포인터 기법은 배열의 크기가 클 때 유리하다.
- 연속된 원소의 합이나 정렬된 배열에서의 원소 쌍 찾기에 적합하다.
- 시간 복잡도는 O(n)으로 효율적이다.
- 포인터의 이동 규칙을 잘 이해해야 한다.

[tags] Two-Pointer, Array, Linear Search
[lang] unknown",Two Pointers,,,SrMk-EdWRUE,"[""Two-Pointer"", ""Array"", ""Linear Search""]"
python,https://www.youtube.com/watch?v=uH9VJRIpIDY,"슬라이딩 윈도우 알고리즘은 고정된 크기의 창문을 배열에 적용하여 연속된 부분의 합이나 최소값 등을 효율적으로 계산하는 기법이다. 이 알고리즘은 창문을 한 칸씩 이동할 때, 이전 상태와의 중복된 정보를 활용하여 계산 속도를 줄이는 것이 핵심이다. 예를 들어, 창문이 이동할 때 겹치는 부분의 합을 재사용함으로써 전체 시간 복잡도를 O(n)으로 줄일 수 있다. 슬라이딩 윈도우는 구간합, 아나그램 찾기, 구간 최소값 문제 등 다양한 문제에 적용될 수 있다.

- 슬라이딩 윈도우는 고정된 크기의 창문을 사용하여 배열을 탐색.
- 중복된 정보를 활용하여 계산 속도를 향상.
- O(n) 시간 복잡도로 효율적인 문제 해결 가능.
- 아나그램 문제와 구간 최소값 문제에도 적용 가능.

[tags] Sliding Window, 구간합, 아나그램, 구간 최소값
[lang] unknown",Two Pointers,,,uH9VJRIpIDY,"[""Sliding Window"", ""구간합"", ""아나그램"", ""구간 최소값""]"
python,https://www.youtube.com/watch?v=pMnGp0bHNCk,"이 튜토리얼에서는 정렬되지 않은 배열에서 두 포인터 기법을 사용하여 합이 특정 값인 쌍을 찾는 방법과 정렬된 배열에서 이진 탐색을 구현하는 방법을 다룹니다. 먼저, 이진 탐색은 정렬된 배열에서만 사용할 수 있으며, 시간 복잡도는 O(log n)입니다. 이진 탐색을 재귀적으로 구현할 경우 공간 복잡도는 O(log n)이고, 반복적으로 구현할 경우 O(1)입니다. 

정렬되지 않은 배열에서 두 포인터 기법을 사용하여 합이 목표 값인 두 요소를 찾는 방법은, 각 요소에 대해 목표 값에서 해당 요소를 뺀 값을 계산하고, 이를 집합에 저장하여 존재 여부를 확인하는 방식으로 진행됩니다. 이 과정은 O(n)의 시간 복잡도를 가집니다.

- 이진 탐색은 정렬된 배열에서만 가능
- 이진 탐색의 시간 복잡도: O(log n)
- 두 포인터 기법은 정렬되지 않은 배열에서 사용
- 두 포인터 기법의 시간 복잡도: O(n)
- 집합 또는 해시맵을 사용하여 효율적인 탐색 가능

[tags] Binary Search, Two Pointers  
[lang] python",Two Pointers,,,pMnGp0bHNCk,"[""Binary Search"", ""Two Pointers""]"
python,https://www.youtube.com/watch?v=syTs9_w-pwA,"두 포인터 알고리즘은 배열의 양 끝에서 시작하여 중앙으로 이동하며 문제를 해결하는 기법이다. 이 강의에서는 정렬된 배열의 각 요소를 제곱한 후 다시 정렬하는 문제를 다룬다. 주어진 배열의 양 끝에서 두 포인터를 설정하고, 각 포인터가 가리키는 값의 제곱을 비교하여 큰 값을 결과 배열의 끝에 추가한다. 이 과정을 반복하여 모든 요소를 처리한 후, 결과 배열을 뒤집어 최종 결과를 얻는다. 이 방법은 O(n) 시간 복잡도를 가지며, 공간 복잡도는 결과 배열을 저장하기 때문에 O(n)으로 간주할 수 있다.

- 두 포인터 기법을 사용하여 문제를 해결
- 배열의 양 끝에서 시작하여 중앙으로 이동
- 제곱한 값을 비교하여 결과 배열에 추가
- 최종 결과 배열을 뒤집어 정렬
- 시간 복잡도: O(n), 공간 복잡도: O(n)

[tags] Two Pointers, Sorting, Array
[lang] python",Two Pointers,,,syTs9_w-pwA,"[""Two Pointers"", ""Sorting"", ""Array""]"
python,https://www.youtube.com/watch?v=QzZ7nmouLTI,"투 포인터 기법은 두 개의 변수를 초기화하고 문제에 따라 서로를 향해, 멀어지거나 같은 방향으로 이동시키는 강력한 문제 해결 패턴이다. 이 기법을 사용하면 배열이나 문자열 관련 문제의 시간 복잡도를 O(n^2)에서 O(n)으로 줄일 수 있다. 주로 선형 데이터 구조인 배열, 문자열, 연결 리스트에 적용되며, 정렬된 배열이나 팰린드롬 문자열과 같은 예측 가능한 패턴을 따르는 입력 데이터에서 유용하다.

투 포인터 기법의 세 가지 주요 전략은 다음과 같다. 첫째, 수렴 포인터는 데이터 구조의 양 끝에서 시작하여 서로를 향해 이동한다. 둘째, 평행 포인터는 같은 방향으로 이동하며 서로 다른 역할을 수행한다. 셋째, 트리거 기반 포인터는 첫 번째 포인터가 특정 조건을 만족하는 요소를 찾을 때까지 독립적으로 이동한 후, 두 번째 포인터로 추가 정보를 찾는다. 이 기법은 다양한 문제를 효율적으로 해결하는 데 도움을 준다.

- 투 포인터 기법은 배열, 문자열, 연결 리스트에 적용 가능
- 수렴 포인터, 평행 포인터, 트리거 기반 포인터의 세 가지 전략
- 정렬된 배열이나 특정 조건을 만족하는 쌍을 찾는 문제에 유용
- 시간 복잡도는 O(n), 공간 복잡도는 O(1)

[tags] Two Pointers, Sliding Window, Array, String, Linked List
[lang] unknown",Two Pointers,,,QzZ7nmouLTI,"[""Two Pointers"", ""Sliding Window"", ""Array"", ""String"", ""Linked List""]"
python,https://www.youtube.com/watch?v=JycANhXZzyE,"주어진 문제는 문자 배열을 압축하여 새로운 압축된 문자 배열의 크기를 반환하는 것입니다. 이 알고리즘은 각 문자의 반복 횟수를 세고, 반복 횟수가 1보다 클 경우 해당 숫자를 문자로 변환하여 배열에 추가합니다. 예를 들어, 'a'가 2번, 'b'가 2번, 'c'가 3번 반복될 경우, 최종적으로 'a', '2', 'b', '2', 'c', '3'의 형태로 압축됩니다. 이 과정에서 추가적인 공간을 사용하지 않고, 주어진 배열을 직접 수정하여 결과를 도출해야 합니다.

알고리즘의 흐름은 다음과 같습니다:
1. 배열이 비어있으면 0을 반환합니다.
2. 두 개의 변수를 초기화하여 배열을 순회합니다.
3. 현재 문자의 반복 횟수를 세고, 해당 문자를 배열에 추가합니다.
4. 반복 횟수가 1보다 클 경우, 각 자릿수를 배열에 추가합니다.
5. 최종적으로 배열의 크기를 반환합니다.

- 시간 복잡도: O(n) (배열을 한 번만 순회)
- 공간 복잡도: O(1) (추가 공간 사용 금지)

[tags] 압축, 배열, 반복, 문자, 알고리즘
[lang] unknown",Two Pointers,,,JycANhXZzyE,"[""압축"", ""배열"", ""반복"", ""문자"", ""알고리즘""]"
python,https://www.youtube.com/watch?v=S3aYrs0Vdek,"슬라이딩 윈도우 기법은 연속된 요소의 시퀀스를 반복하면서 계산을 수행하는 방법으로, 주로 고정 크기 윈도우와 가변 크기 윈도우로 나뉩니다. 고정 슬라이딩 윈도우는 일정한 크기(K)를 유지하며, 주어진 배열이나 문자열에서 연속된 부분 배열의 합이나 평균을 계산하는 데 사용됩니다. 예를 들어, 크기 K의 연속 부분 배열에서 최소 합을 찾는 문제를 해결하는 과정에서, 윈도우를 이동시키며 현재 합보다 작은 값을 찾는 방식으로 진행됩니다.

이 기법은 LeetCode 문제인 'k개의 연속된 검은 블록을 얻기 위한 최소 재색칠 수'와 같은 다양한 문제에 적용될 수 있습니다. 이 문제에서는 주어진 문자열에서 흰색 블록을 검은색으로 바꾸는 최소 작업 수를 계산하는 것이며, 두 개의 포인터를 사용하여 윈도우의 시작과 끝을 관리합니다. 이 알고리즘의 시간 복잡도는 O(N)이며, 공간 복잡도는 O(1)로 효율적입니다.

- 슬라이딩 윈도우 기법의 두 가지 유형: 고정 및 가변
- 고정 슬라이딩 윈도우는 K 크기를 유지
- 최소 합 또는 최소 재색칠 수 문제에 적용 가능
- 시간 복잡도: O(N), 공간 복잡도: O(1)

[tags] Sliding Window, Two Pointers
[lang] unknown",Two Pointers,,,S3aYrs0Vdek,"[""Sliding Window"", ""Two Pointers""]"
python,https://www.youtube.com/watch?v=_4JNQQeg-7Y,"3SUM 문제는 주어진 정수 배열에서 세 수의 합이 0이 되는 모든 조합을 찾는 것입니다. 이 문제를 해결하기 위해 두 포인터 기법을 사용합니다. 먼저 배열을 정렬하여 중복 값을 쉽게 확인하고, 두 포인터를 활용하여 합이 0이 되는 세 수를 찾습니다. 고정된 첫 번째 요소를 기준으로, 나머지 두 수를 왼쪽과 오른쪽 포인터로 탐색합니다. 합이 0일 경우 결과에 추가하고, 중복을 피하기 위해 포인터를 조정합니다. 합이 0보다 작으면 왼쪽 포인터를 오른쪽으로, 0보다 크면 오른쪽 포인터를 왼쪽으로 이동시킵니다.

- 배열을 정렬하여 중복을 확인
- 고정된 첫 번째 요소와 두 포인터로 탐색
- 합이 0일 경우 결과에 추가
- 중복 값은 건너뛰기
- 시간 복잡도는 O(n^2)

[tags] Two Pointers, Sorting
[lang] unknown",Two Pointers,,,_4JNQQeg-7Y,"[""Two Pointers"", ""Sorting""]"
python,https://www.youtube.com/watch?v=KsPNqiQurn4,"투 포인터 기법은 두 개의 포인터를 사용하여 데이터 구조를 효율적으로 탐색하는 알고리즘 패턴입니다. 이 기법은 중첩 루프를 피하고 O(n) 시간 복잡도로 문제를 해결할 수 있어 대규모 데이터셋에서 성능을 크게 향상시킵니다. 주로 정렬된 배열에서 두 수의 합을 찾거나, 팰린드롬을 검사하며, 슬라이딩 윈도우 문제를 해결하는 데 유용합니다. 예를 들어, 두 수의 합 문제에서는 배열의 양 끝에서 포인터를 시작하여 합을 비교하며 이동함으로써 효율적으로 해결할 수 있습니다.

투 포인터 기법의 변형으로는 서로 다른 속도로 이동하는 빠른 포인터와 느린 포인터를 사용하는 방법이 있습니다. 이 방법은 연결 리스트에서 사이클을 감지하거나 중간 요소를 찾는 데 유용합니다. 이 기법을 사용할 때는 경계 조건을 고려하고, 문제에 적합한지 검증하며, 다양한 테스트 케이스로 솔루션을 검증하는 것이 중요합니다.

- 두 포인터 기법은 O(n) 시간 복잡도로 문제를 해결할 수 있다.
- 정렬된 배열, 팰린드롬 검사, 슬라이딩 윈도우 문제에 유용하다.
- 빠른 포인터와 느린 포인터 변형이 있다.
- 경계 조건 및 입력 데이터 검증이 필요하다.

[tags] Two Pointers, Sliding Window, Palindrome, Cycle Detection
[lang] unknown",Two Pointers,,,KsPNqiQurn4,"[""Two Pointers"", ""Sliding Window"", ""Palindrome"", ""Cycle Detection""]"
python,https://www.youtube.com/watch?v=PJbTMt-j_Os,"주어진 문제는 두 개의 벽을 이용해 최대 물을 담을 수 있는 컨테이너의 면적을 찾는 것입니다. 입력으로 주어진 높이 배열을 통해 가능한 모든 조합을 계산하는 브루트 포스 방법은 O(n^2)의 시간 복잡도를 가지며 비효율적입니다. 대신, 두 포인터를 활용한 방법을 사용하여 O(n)으로 개선할 수 있습니다. 이 방법은 배열의 양 끝에서 시작하여 두 포인터를 이동시키며 면적을 계산하는 방식입니다. 각 단계에서 두 벽의 높이 중 낮은 쪽을 기준으로 면적을 계산하고, 낮은 벽 쪽의 포인터를 이동시킵니다. 이렇게 하면 중복 계산을 피하면서 모든 가능한 면적을 탐색할 수 있습니다.

- 두 포인터를 배열의 양 끝에서 시작
- 낮은 벽의 포인터를 이동하여 면적 계산
- O(n) 시간 복잡도로 최적화
- 면적 계산 시 항상 낮은 벽의 높이를 기준으로
- 포인터가 겹칠 때까지 반복

[tags] Two Pointers, Greedy
[lang] unknown",Two Pointers,,,PJbTMt-j_Os,"[""Two Pointers"", ""Greedy""]"
python,https://www.youtube.com/watch?v=_mZgP-Gwkm8,"주어진 문제는 정수 배열에서 세 수의 합이 0이 되는 모든 조합을 찾는 것입니다. 중복된 인덱스를 사용할 수 없지만, 배열 내 중복된 숫자는 사용할 수 있습니다. 초기에는 O(n^3) 복잡도의 브루트 포스 방법을 사용하여 모든 조합을 확인할 수 있지만, 더 효율적인 O(n^2) 방법을 찾는 것이 목표입니다. 이를 위해 배열을 정렬한 후, 두 개의 포인터(j, k)를 사용하여 합이 0이 되는 조합을 찾습니다. 

정렬된 배열에서 i 포인터를 고정하고, j는 i 다음 인덱스, k는 배열의 끝에서 시작하여 합을 계산합니다. 합이 0이면 결과에 추가하고, 중복을 피하기 위해 j와 k를 조정합니다. 합이 0보다 작으면 j를 증가시키고, 0보다 크면 k를 감소시킵니다. 이 과정을 반복하여 모든 조합을 탐색합니다. 최종적으로 시간 복잡도는 O(n^2), 공간 복잡도는 O(n)입니다.

- 중복된 결과를 피하기 위해 이전 값을 확인해야 함.
- 정렬 후 두 포인터 기법을 사용하여 효율적으로 탐색.
- 배열의 길이에 따라 포인터를 조정하여 합을 계산.

[tags] Two Pointers, Sorting
[lang] unknown",Two Pointers,,,_mZgP-Gwkm8,"[""Two Pointers"", ""Sorting""]"
python,https://www.youtube.com/watch?v=iztiSAVdev0,"두 포인터 기법은 리스트나 문자열을 탐색할 때 두 개의 인덱스를 사용하여 효율적으로 문제를 해결하는 패턴이다. 이 기법은 중첩 루프를 피하고, O(n^2)에서 O(n)으로 복잡도를 줄일 수 있어 유용하다. 주로 정렬된 배열에서 두 포인터를 양쪽 끝에 두고, 현재 합이 목표보다 작으면 왼쪽 포인터를 이동시키고, 크면 오른쪽 포인터를 이동시키는 방식으로 사용된다. 또한, 문자열의 팰린드롬 여부를 확인할 때도 양쪽 끝에서부터 비교하며 비알파벳 문자를 건너뛰는 방식으로 활용된다.

두 포인터 기법은 다음과 같은 문제에 적용된다:
- 정렬된 배열에서 두 수의 합을 찾는 문제
- 팰린드롬 검증 문제
- 가장 많은 물을 담을 수 있는 컨테이너 문제
- 정렬된 배열에서 중복 제거 문제

이 기법을 통해 문제를 해결할 때는 각 포인터의 이동이 문제 구조에 의해 정당화되어야 하며, 이를 통해 올바른 해답을 놓치지 않도록 해야 한다.

[tags] Two Pointers, Array, String, Palindrome, Sorting
[lang] unknown",Two Pointers,,,iztiSAVdev0,"[""Two Pointers"", ""Array"", ""String"", ""Palindrome"", ""Sorting""]"
python,https://www.youtube.com/watch?v=IEgp1aRqQ7w,"주어진 문제는 정렬된 배열에서 두 수의 합이 특정 목표값이 되는 인덱스를 찾는 것입니다. 이 문제는 두 포인터 기법을 사용하여 해결할 수 있으며, 이 기법은 많은 알고리즘에 적용될 수 있습니다. 배열의 왼쪽과 오른쪽 끝에서 시작하여 두 포인터를 이동시키며 합을 계산합니다. 만약 합이 목표값보다 크면 오른쪽 포인터를 왼쪽으로 이동시키고, 작으면 왼쪽 포인터를 오른쪽으로 이동시킵니다. 이 과정을 반복하여 목표값에 도달할 때까지 진행합니다.

이 문제는 반드시 하나의 해답이 존재하며, 같은 요소를 두 번 사용할 수 없습니다. 또한, 공간 복잡도는 O(1)로 제한되어야 하며, 시간 복잡도는 O(N)입니다. 이 기법은 다음 문제인 세 수의 합 문제에서도 유용하게 사용될 수 있습니다.

- 정렬된 배열에서 두 수의 합을 찾는 문제
- 두 포인터 기법 사용
- 공간 복잡도 O(1), 시간 복잡도 O(N)
- 인덱스는 1부터 시작
- 반드시 하나의 해답 존재

[tags] Two-Pointer, Array, Sorting
[lang] unknown",Two Pointers,,,IEgp1aRqQ7w,"[""Two-Pointer"", ""Array"", ""Sorting""]"
python,https://www.youtube.com/watch?v=On03HWe2tZM,"두 포인터 알고리즘은 배열을 탐색하여 숫자 쌍을 찾는 데 사용되는 일반적인 전략이다. 이 알고리즘은 두 가지 변형이 있으며, 첫 번째는 느린 포인터와 빠른 포인터를 사용하는 것이고, 두 번째는 배열의 양 끝에서 시작하여 중앙으로 이동하는 방식이다. 인터뷰에서 자주 등장하는 문제는 정렬된 정수 배열에서 두 숫자의 합이 주어진 목표 숫자와 일치하는 쌍을 찾는 것이다. 이 문제를 해결하기 위해서는 먼저 명확한 질문을 통해 입력 조건을 확인하고, 비효율적인 O(n^2) 알고리즘에서 개선된 O(n log n) 또는 O(n) 알고리즘으로 접근할 수 있다.

정렬된 배열의 경우, 두 포인터를 사용하여 한 포인터는 배열의 시작, 다른 포인터는 끝에서 시작하여 합을 비교하며 중앙으로 이동한다. 이 방법은 배열을 한 번만 스캔하므로 O(n)의 시간 복잡도를 가진다. 이 알고리즘을 통해 효율적으로 문제를 해결할 수 있으며, 인터뷰에서 자주 다루어지는 주제이므로 숙지하는 것이 중요하다.

- 두 포인터 알고리즘의 변형
- 정렬된 배열에서의 효율적인 탐색
- O(n^2)에서 O(n)으로의 시간 복잡도 개선
- 인터뷰에서의 명확한 질문의 중요성
- 문제 해결을 위한 브레인스토밍

[tags] Two Pointers, Binary Search, Sorting
[lang] unknown",Two Pointers,,,On03HWe2tZM,"[""Two Pointers"", ""Binary Search"", ""Sorting""]"
python,https://www.youtube.com/watch?v=KLzd-uOrTIA,"이 영상에서는 인터뷰 준비를 위한 데이터 구조 및 알고리즘(DSA) 문제 해결 방법을 다루고 있으며, 특히 두 포인터 기법을 활용한 문제를 설명한다. 두 포인터는 배열이나 문자열에서 두 개의 인덱스를 사용하여 문제를 해결하는 기법으로, 주어진 문제의 성격에 따라 포인터의 이동 방식이 달라진다. 예를 들어, '유효한 회문' 문제에서는 문자열에서 대문자를 소문자로 변환하고 비알파벳 문자를 제거한 후, 두 포인터를 사용하여 회문 여부를 판단한다. 

또한, '부분 수열' 문제를 통해 두 포인터를 활용하여 주어진 문자열에서 특정 순서를 유지하는 부분 수열을 찾는 방법도 설명한다. 이 과정에서 문제를 이해하고 최적화하는 방법, 그리고 문제 해결 마인드셋을 갖추는 것이 중요하다고 강조한다. 

- 두 포인터 기법을 사용하여 문제를 해결
- 문자열 전처리(대문자 변환, 비알파벳 제거)
- 문제 이해 및 최적화 과정 필요
- 다양한 문제 해결 접근법 탐색
- 코드 성능 최적화 및 제출 결과 확인

[tags] Two Pointers, String, Dynamic Programming
[lang] python",Two Pointers,,,KLzd-uOrTIA,"[""Two Pointers"", ""String"", ""Dynamic Programming""]"
python,https://www.youtube.com/watch?v=InJUcijv3Uo,"주어진 문제는 주어진 정수 배열에서 중복 없는 부분 배열을 지우고, 그 부분 배열의 합이 최대가 되도록 하는 것입니다. 이 문제를 해결하기 위해 두 개의 포인터를 사용하는 알고리즘을 적용합니다. 포인터를 사용하여 현재 부분 배열의 합을 계산하고, 중복된 요소가 발견되면 왼쪽 포인터를 이동시켜 중복을 제거합니다. 이 과정을 반복하여 최대 합을 찾습니다.

- 입력: 정수 배열 `nums`
- 출력: 중복 없는 부분 배열의 최대 합
- 알고리즘: 두 포인터를 사용하여 현재 부분 배열의 합을 계산하고, 중복이 발생할 경우 왼쪽 포인터를 이동하여 중복을 제거
- 시간 복잡도: O(n) (n은 배열의 길이)

[tags] Two Pointers, Set
[lang] unknown",Two Pointers,,,InJUcijv3Uo,"[""Two Pointers"", ""Set""]"
python,https://www.youtube.com/watch?v=xm16otSJDII,"주어진 문제는 '최장 중첩 부분 배열'을 찾는 것으로, 배열의 각 요소 쌍의 비트wise 합이 0인 경우를 중첩으로 정의합니다. 이 문제를 해결하기 위해 두 포인터 슬라이딩 윈도우 기법을 사용하며, 비트wise 연산을 통해 효율적으로 접근합니다. 배열의 각 인덱스에 대해 왼쪽 포인터를 조정하여 중첩 부분 배열의 길이를 계산하고, 최장 길이를 업데이트합니다. 이 과정에서 비트wise OR과 XOR 연산을 활용하여 현재 상태를 유지하고, 중첩 조건을 만족하는지 확인합니다.

- 중첩 부분 배열의 정의: 서로 다른 위치의 요소 쌍의 비트wise 합이 0.
- 두 포인터 슬라이딩 윈도우 기법을 사용하여 효율적으로 탐색.
- 비트wise 연산을 통해 중첩 조건을 확인하고 상태를 업데이트.
- 시간 복잡도는 O(n)으로, 배열의 길이에 비례.

[tags] Sliding Window, Bitwise Operations
[lang] unknown",Two Pointers,,,xm16otSJDII,"[""Sliding Window"", ""Bitwise Operations""]"
python,https://www.youtube.com/watch?v=l6wQ0eeASWw,"슬라이딩 윈도우 기법은 연속적인 요소를 다루는 문제를 최적화하여 해결하는 데 유용한 기술이다. 이 기법은 주어진 배열에서 고정된 크기의 부분 배열을 탐색할 때 사용되며, 특히 배열이나 문자열 문제에 적합하다. 슬라이딩 윈도우를 사용하면 이전에 계산한 값을 재사용하여 시간 복잡도를 줄일 수 있다. 예를 들어, 크기가 3인 부분 배열의 합을 구할 때, 첫 번째 부분 배열의 합을 계산한 후, 다음 부분 배열의 합은 이전 합에서 첫 번째 요소를 빼고 새로운 요소를 더하는 방식으로 계산할 수 있다.

슬라이딩 윈도우 기법을 적용할 수 있는 문제는 다음과 같다:
- 고정된 크기의 부분 배열의 최대 또는 최소 합을 구하는 문제
- 연속적인 요소를 요구하는 문제
- 시간 복잡도를 O(n)으로 줄일 수 있는 문제

이 기법은 두 개의 포인터를 사용하여 배열을 탐색하며, 시간 복잡도는 O(n)이다.

[tags] Sliding Window, Array, Maximum Subarray Sum
[lang] python",Two Pointers,,,l6wQ0eeASWw,"[""Sliding Window"", ""Array"", ""Maximum Subarray Sum""]"
python,https://www.youtube.com/watch?v=Flz-V7R-ufU,"주어진 문제는 배열에서 최대 요소가 최소 k번 나타나는 부분 배열의 개수를 세는 것입니다. 이 문제는 슬라이딩 윈도우와 두 포인터 기법을 사용하여 O(n) 시간 복잡도로 해결할 수 있습니다. 먼저 배열에서 최대 요소를 찾고, 두 포인터를 사용하여 유효한 부분 배열을 탐색합니다. 유효한 부분 배열을 찾으면, 그 부분 배열의 끝 인덱스와 배열의 길이를 이용해 추가적인 유효한 부분 배열의 개수를 계산할 수 있습니다.

- 슬라이딩 윈도우와 두 포인터 기법을 활용하여 문제를 해결.
- 최대 요소를 찾고, 두 포인터를 사용하여 유효한 부분 배열을 탐색.
- 유효한 부분 배열이 발견되면, 그에 따라 추가적인 유효한 부분 배열의 개수를 계산.
- 최악의 경우 O(n^2) 복잡도로 해결할 수 있지만, 최적화된 방법으로 O(n) 복잡도로 해결 가능.

[tags] Sliding Window, Two Pointers
[lang] python",Two Pointers,,,Flz-V7R-ufU,"[""Sliding Window"", ""Two Pointers""]"
python,https://www.youtube.com/watch?v=tk38CTSAYsg,"슬라이딩 윈도우는 배열과 같은 선형 데이터 구조에서 특정 크기의 연속된 요소를 탐색하는 유용한 패턴이다. 이 패턴은 고정 크기와 가변 크기로 나뉘며, 고정 크기에서는 k개의 연속된 요소의 합이나 평균을 계산하는 데 사용된다. 예를 들어, 배열에서 k 크기의 부분 배열의 최대 합을 찾는 문제에서, 슬라이딩 윈도우를 사용하면 이전 합에서 첫 번째 요소를 빼고 새로운 요소를 더하는 방식으로 효율적으로 계산할 수 있다. 

가변 크기 슬라이딩 윈도우는 특정 조건을 만족할 때까지 윈도우의 크기를 조정하는 방식으로, 예를 들어 k개의 고유 문자를 포함하는 가장 긴 부분 문자열을 찾는 문제에서 활용된다. 이 경우, 중복 문자가 발견되면 윈도우의 시작점을 이동시켜 조건을 만족하도록 조정한다. 슬라이딩 윈도우는 시간 복잡도를 O(n)으로 줄여주며, 문제의 요구 사항에 따라 해시셋이나 빈도 맵을 사용하여 상태를 유지하는 것이 중요하다.

- 슬라이딩 윈도우는 선형 구조에서만 사용 가능
- 고정 크기와 가변 크기 슬라이딩 윈도우의 차이 이해
- 상태 유지를 위한 해시셋 또는 빈도 맵 활용
- 시간 복잡도 O(n)으로 효율적

[tags] Sliding Window, Fixed Size, Variable Size, Hash Set, Frequency Map
[lang] unknown",Two Pointers,,,tk38CTSAYsg,"[""Sliding Window"", ""Fixed Size"", ""Variable Size"", ""Hash Set"", ""Frequency Map""]"
java,https://www.youtube.com/watch?v=VpPbwSGQOlY,"3SUM 문제는 주어진 정수 배열에서 세 개의 요소의 합이 0이 되는 모든 조합을 찾는 문제로, 두 포인터 기법을 사용하여 해결할 수 있다. 기본적으로 배열을 정렬한 후, 각 요소에 대해 두 개의 포인터를 설정하여 합이 0이 되는 조합을 찾는다. 만약 합이 0보다 작으면 낮은 포인터를 오른쪽으로 이동하고, 합이 0보다 크면 높은 포인터를 왼쪽으로 이동하여 조정한다. 중복 조합을 피하기 위해 이전 요소와 같은 경우에는 포인터를 건너뛴다. 이 알고리즘의 시간 복잡도는 O(n^2)이다.

3SUM Closest 문제는 주어진 배열에서 세 개의 요소의 합이 주어진 목표값에 가장 가까운 조합을 찾는 문제로, 비슷한 방식으로 해결할 수 있다. 마지막으로, 3SUM Smaller 문제는 세 개의 요소의 합이 목표값보다 작은 조합의 개수를 세는 문제로, 역시 두 포인터 기법을 사용하여 해결한다. 이 문제들도 시간 복잡도는 O(n^2)이다.

- 3SUM 문제는 두 포인터 기법을 사용하여 O(n^2)로 해결 가능
- 중복 조합을 피하기 위해 포인터 조정 필요
- 3SUM Closest와 3SUM Smaller 문제도 유사한 접근법 사용

[tags] 3SUM, Two Pointers, Sorting
[lang] unknown",Two Pointers,,,VpPbwSGQOlY,"[""3SUM"", ""Two Pointers"", ""Sorting""]"
java,https://www.youtube.com/watch?v=VEPCm3BCtik,"주어진 문제는 단일 연결 리스트의 중간 노드를 찾고, 정렬된 배열에서 두 수의 합이 특정 목표 값이 되는 쌍을 찾는 것이다. 연결 리스트의 경우, 두 개의 포인터(느린 포인터와 빠른 포인터)를 사용하여 느린 포인터는 한 번에 한 노드씩, 빠른 포인터는 두 번에 한 노드씩 이동시킨다. 빠른 포인터가 리스트의 끝에 도달할 때 느린 포인터는 중간 노드에 위치하게 되어 최적의 방법으로 중간 노드를 찾을 수 있다.

정렬된 배열의 경우, 두 개의 포인터를 배열의 양 끝에 두고, 두 포인터가 가리키는 값의 합이 목표 값보다 크면 오른쪽 포인터를 줄이고, 작으면 왼쪽 포인터를 늘린다. 이 과정을 반복하여 목표 값과 일치하는 합을 찾거나 포인터가 서로 교차할 때까지 진행한다. 이 방법은 선형 시간 복잡도로 동작하여 효율적이다.

- 두 포인터 접근법을 사용하여 문제를 해결
- 연결 리스트의 중간 노드 찾기
- 정렬된 배열에서 두 수의 합 찾기
- 선형 시간 복잡도
- 최적화된 알고리즘

[tags] Two Pointers, Linked List, Array, Linear Time
[lang] unknown",Two Pointers,,,VEPCm3BCtik,"[""Two Pointers"", ""Linked List"", ""Array"", ""Linear Time""]"
java,https://www.youtube.com/watch?v=FlQUhPRT-fU,"주어진 문제는 두 수의 합을 찾는 'Two Sum' 문제로, 정렬된 배열에서 특정 타겟 값을 만드는 두 수의 인덱스를 찾는 것이다. 배열은 1부터 시작하는 인덱스를 사용하며, 두 수는 같은 인덱스를 사용할 수 없다. 이 문제를 해결하기 위해 두 가지 접근 방식을 소개한다. 첫 번째는 브루트 포스 방법으로, 두 개의 중첩된 루프를 사용하여 모든 조합을 검사하는 방식이다. 이 방법의 시간 복잡도는 O(n^2)로 비효율적이다.

두 번째 방법은 '투 포인터' 기법으로, 정렬된 배열의 양 끝에서 시작하여 두 수의 합을 비교하는 방식이다. 이 방법은 한 번의 반복으로 문제를 해결할 수 있어 시간 복잡도가 O(n)이다. 두 포인터를 사용하여 합이 타겟보다 크면 오른쪽 포인터를 왼쪽으로 이동하고, 작으면 왼쪽 포인터를 오른쪽으로 이동하여 최적의 해를 찾는다. 이 기법은 정렬된 배열에서만 유효하다.

- 브루트 포스: O(n^2) 시간 복잡도
- 투 포인터: O(n) 시간 복잡도
- 배열은 1부터 시작하는 인덱스 사용
- 두 수는 같은 인덱스를 사용할 수 없음
- 정렬된 배열에서만 투 포인터 기법 사용 가능

[tags] Two Sum, Brute Force, Two Pointers
[lang] unknown",Two Pointers,,,FlQUhPRT-fU,"[""Two Sum"", ""Brute Force"", ""Two Pointers""]"
java,https://www.youtube.com/watch?v=2wVjt3yhGwg,"투 포인터 기법은 주어진 데이터 문자열을 한 번의 루프에서 탐색하는 데 사용되는 알고리즘으로, 주로 문자열, 배열 및 연결 리스트와 관련된 코딩 인터뷰 문제를 해결하는 데 유용하다. 이 기법은 데이터 구조가 정렬되어 있을 때 시간 복잡도를 O(n^2) 또는 O(n^3)에서 O(n)으로 줄일 수 있다. 입력이 정렬되어 있지 않다면 정렬하는 데 O(n log n)의 시간이 소요될 수 있다. 

투 포인터 기법에는 두 가지 변형이 있다. 첫 번째는 반대 방향으로 이동하는 포인터로, 한 포인터는 시작점에서, 다른 포인터는 끝점에서 시작하여 서로 만나거나 조건이 만족될 때까지 이동한다. 두 번째는 동방향으로 이동하는 포인터로, 슬라이딩 윈도우 기법과 유사하게 작동한다. 이 기법을 통해 연속적인 부분 배열의 최대 합을 찾는 문제를 해결할 수 있다. 

- 투 포인터 기법은 정렬된 데이터에서 효율적이다.
- 반대 방향 포인터와 동방향 포인터의 두 가지 변형이 있다.
- 시간 복잡도는 O(n)이다.
- 슬라이딩 윈도우 기법과 연관이 있다.

[tags] Two-Pointer, Sliding Window
[lang] unknown",Two Pointers,,,2wVjt3yhGwg,"[""Two-Pointer"", ""Sliding Window""]"
java,https://www.youtube.com/watch?v=maQSd2fVFtQ,"4SUM 문제는 3SUM 문제의 변형으로, 주어진 배열에서 합이 특정 목표값과 같은 모든 고유한 네 개의 수의 조합(쿼드러플)을 찾는 문제이다. 이 문제는 두 포인터 기법을 사용하여 해결할 수 있으며, 배열을 정렬한 후 두 개의 반복문과 두 개의 포인터를 활용하여 쿼드러플을 찾는다. 3SUM 문제와 유사하게, 중복된 조합을 피하기 위해 조건을 추가해야 한다. 

이 알고리즘의 시간 복잡도는 O(n^3 log n)으로, 세 개의 반복문과 정렬 과정이 포함된다. 이 방법은 추가 공간을 사용하지 않으면서도 효율적으로 문제를 해결할 수 있다.

- 4SUM 문제는 3SUM 문제의 확장이다.
- 두 포인터 기법을 사용하여 해결한다.
- 중복 조합을 피하기 위한 조건이 필요하다.
- 시간 복잡도는 O(n^3 log n)이다.

[tags] 4SUM, Two-Pointer, Sorting
[lang] unknown",Two Pointers,,,maQSd2fVFtQ,"[""4SUM"", ""Two-Pointer"", ""Sorting""]"
java,https://www.youtube.com/watch?v=b139yf7Ik-E,"빠른 포인터와 느린 포인터 기법은 두 개의 포인터를 서로 다른 속도로 이동시켜 문제를 해결하는 강력한 패턴이다. 이 기법은 연결 리스트와 배열에서 사이클을 찾거나 중간 노드를 찾는 등의 문제를 효율적으로 해결할 수 있다. 시간 복잡도는 O(n), 공간 복잡도는 O(1)로, 데이터 구조를 한 번만 통과하여 문제를 해결할 수 있다. 예를 들어, 연결 리스트에서 사이클을 찾기 위해 느린 포인터는 한 번에 한 노드씩, 빠른 포인터는 두 번에 한 노드씩 이동한다. 두 포인터가 만나면 사이클이 존재하는 것이고, 빠른 포인터가 리스트의 끝에 도달하면 사이클이 없음을 의미한다.

이 기법은 중간 노드를 찾거나 행복한 숫자를 판별하는 문제에도 적용할 수 있다. 중간 노드를 찾는 경우, 빠른 포인터가 리스트의 끝에 도달할 때 느린 포인터는 중간 노드에 위치하게 된다. 행복한 숫자 문제에서는 각 숫자를 연결 리스트의 노드로 간주하고, 두 포인터를 사용하여 사이클을 탐지한다. 이처럼 빠른 포인터와 느린 포인터 기법은 다양한 문제를 효율적으로 해결하는 데 유용하다.

- 두 포인터를 서로 다른 속도로 이동시켜 사이클을 탐지
- O(n) 시간 복잡도, O(1) 공간 복잡도
- 연결 리스트의 중간 노드 찾기 및 행복한 숫자 판별에 활용 가능

[tags] Fast and Slow Pointers, Linked List, Cycle Detection, Happy Number
[lang] unknown",Two Pointers,,,b139yf7Ik-E,"[""Fast and Slow Pointers"", ""Linked List"", ""Cycle Detection"", ""Happy Number""]"
java,https://www.youtube.com/watch?v=s-zDm2YhxBk,"주어진 문제는 주어진 정수가 회문인지 여부를 판단하는 것입니다. 회문은 앞뒤가 같은 숫자를 의미하며, 예를 들어 121은 회문이지만 -121이나 10은 회문이 아닙니다. 이 문제를 해결하기 위해 두 가지 접근 방식을 제안합니다. 첫 번째는 문자열로 변환한 후 이를 뒤집어 원래 문자열과 비교하는 단순한 방법입니다. 이 방법의 시간 복잡도는 O(n)이며, 공간 복잡도도 O(n)입니다.

두 번째 접근 방식은 '투 포인터' 기법을 사용하는 것입니다. 이 방법은 문자열의 양 끝에서 시작하여 두 포인터를 사용해 서로의 값을 비교합니다. 포인터가 만날 때까지 진행하며, 값이 다르면 즉시 false를 반환하고, 모든 값이 같으면 true를 반환합니다. 이 방법은 시간 복잡도 O(n)이고, 추가적인 공간을 사용하지 않아 메모리 효율이 좋습니다.

- 회문 정의: 앞뒤가 같은 숫자
- 첫 번째 접근: 문자열 변환 후 비교 (O(n) 시간, O(n) 공간)
- 두 번째 접근: 투 포인터 기법 (O(n) 시간, O(1) 공간)
- 문제의 제약: 음수 및 큰 정수 포함

[tags] 
""Two Pointers"", ""Brute Force"", ""String Manipulation""
[lang] java",Two Pointers,,,s-zDm2YhxBk,[]
java,https://www.youtube.com/watch?v=p_rQNssPkzk,"두 포인터 알고리즘은 배열에서 두 개의 포인터를 사용하여 특정 조건을 만족하는 쌍을 찾는 효율적인 방법이다. 이 기법은 배열의 양 끝에서 시작하여 목표 값에 따라 포인터를 이동시키며, 중첩된 반복문을 사용하는 대신 선형적으로 탐색할 수 있어 시간 복잡도를 줄인다. 예를 들어, 배열에서 두 포인터를 사용하여 두 수의 합이 특정 값이 되도록 하는 문제를 해결할 수 있다. 이때 배열은 정렬되어 있어야 하며, 포인터의 위치에 따라 합이 목표 값보다 크거나 작을 경우 적절히 포인터를 이동시켜야 한다.

- 두 포인터는 배열의 양 끝에서 시작한다.
- 목표 값에 따라 포인터를 이동시켜 쌍을 찾는다.
- 중첩 반복문 대신 선형 탐색을 통해 효율성을 높인다.
- 배열은 정렬되어 있어야 한다.
- 시간 복잡도는 O(n)이다.

[tags] 두 포인터, 배열, 탐색
[lang] unknown",Two Pointers,,,p_rQNssPkzk,"[""두 포인터"", ""배열"", ""탐색""]"
java,https://www.youtube.com/watch?v=a4_VtP__mOs,"두 포인터와 슬라이딩 윈도우는 서로 다른 개념으로 여겨지지만, 많은 공통점을 가지고 있다. 두 포인터는 데이터 구조에서 두 개의 포인터를 사용하여 문제를 해결하는 방법으로, 주로 배열에서 사용된다. 포인터 i와 j를 설정하고, 이들을 이동시키며 조건에 따라 값을 계산하고 조정하는 방식이다. 예를 들어, 주어진 배열에서 최소한의 연산으로 비내림차순을 만들기 위해 두 포인터를 활용할 수 있다. 

슬라이딩 윈도우는 두 포인터를 사용하여 특정 범위 내의 값을 계산하는 기법으로, 주로 연속된 부분 배열이나 문자열에서 특정 조건을 만족하는 경우를 찾는 데 사용된다. 이 방법은 시간 복잡도를 줄여주며, 예를 들어 중복 문자가 없는 최대 부분 문자열을 찾는 문제에서 유용하다. 두 기법 모두 효율적인 문제 해결을 위해 자주 사용되며, 알고리즘 문제에서 자주 등장한다.

- 두 포인터는 배열에서 두 개의 포인터를 사용하여 문제를 해결하는 기법이다.
- 슬라이딩 윈도우는 특정 범위 내의 값을 계산하는 기법으로, 두 포인터를 활용한다.
- 두 기법은 시간 복잡도를 줄여주며, 알고리즘 문제에서 자주 사용된다.

[tags] Two Pointers, Sliding Window
[lang] unknown",Two Pointers,,,a4_VtP__mOs,"[""Two Pointers"", ""Sliding Window""]"
java,https://www.youtube.com/watch?v=e3bs0uA1NhQ,"주어진 문제는 두 개의 바구니를 사용하여 최대한 많은 과일을 수집하는 것입니다. 각 바구니는 오직 하나의 과일 종류만 담을 수 있으며, 연속된 과일들 중에서 최대 두 종류의 과일을 포함하는 가장 긴 부분 배열을 찾는 문제로 변환할 수 있습니다. 이를 해결하기 위해 슬라이딩 윈도우와 두 포인터 기법을 사용합니다. 

슬라이딩 윈도우 기법을 통해 왼쪽 포인터(L)와 오른쪽 포인터(R)를 설정하고, 현재 윈도우에 포함된 과일의 종류를 맵에 저장합니다. 만약 과일의 종류가 두 개를 초과하면 왼쪽 포인터를 이동시켜 윈도우를 줄입니다. 이 과정을 반복하여 최대 길이를 갱신합니다. 시간 복잡도는 O(N)이며, 공간 복잡도는 O(1)입니다.

- 두 바구니에 담을 수 있는 과일의 종류는 최대 두 개
- 슬라이딩 윈도우와 두 포인터 기법 사용
- 유효한 윈도우를 유지하기 위해 왼쪽 포인터 조정
- 시간 복잡도: O(N), 공간 복잡도: O(1)

[tags] Sliding Window, Two Pointers
[lang] unknown",Two Pointers,,,e3bs0uA1NhQ,"[""Sliding Window"", ""Two Pointers""]"
java,https://www.youtube.com/watch?v=8XHE3nzjIOA,"두 포인터 패턴은 정렬된 배열이나 연결 리스트에서 특정 조건을 만족하는 요소 쌍을 찾는 데 유용한 기법이다. 이 방법은 배열의 양 끝에서 시작하여 중앙으로 수렴하는 두 개의 포인터를 사용하여, 중첩된 반복문을 피하고 배열을 한 번만 순회함으로써 시간 복잡도를 O(n)으로 줄일 수 있다. 예를 들어, 주어진 정렬된 배열에서 특정 합을 만드는 두 수를 찾는 문제에서, 두 포인터를 사용하여 합이 목표보다 작으면 왼쪽 포인터를 증가시키고, 크면 오른쪽 포인터를 감소시켜 효율적으로 탐색할 수 있다.

- 두 포인터는 배열의 양 끝에서 시작하여 중앙으로 이동한다.
- 정렬된 배열에서만 사용할 수 있는 기법이다.
- 시간 복잡도는 O(n)으로, 중첩 반복문을 사용하는 O(n²)보다 효율적이다.
- 포인터의 위치에 따라 합을 비교하여 포인터를 조정한다.
- 이 패턴은 다양한 문제에 적용 가능하며, 문제에 따라 포인터의 이동 속도를 다르게 설정할 수 있다.

[tags] Two Pointers
[lang] unknown",Two Pointers,,,8XHE3nzjIOA,"[""Two Pointers""]"
java,https://www.youtube.com/watch?v=z3FwE40Vc-M,"주어진 문제는 정수 배열에서 특정 값(val)의 모든 발생을 제거하는 것입니다. 이때 추가 메모리를 사용하지 않고, 배열의 순서는 변경될 수 있습니다. 문제를 해결하기 위해 두 포인터 기법을 사용하며, 포인터 i는 배열을 순회하고, 포인터 j는 다음 비값 요소가 위치할 곳을 추적합니다. i가 배열을 스캔하면서 val이 아닌 요소를 발견하면, 해당 요소를 j 위치로 이동시키고 j를 한 단계 앞으로 이동시킵니다. 최종적으로 j의 값을 반환하여 새로운 배열의 길이를 제공합니다.

- 두 포인터 기법을 활용하여 메모리 사용을 최소화합니다.
- i는 배열을 순회하고, j는 비값 요소의 위치를 관리합니다.
- 배열의 순서는 변경 가능하므로, 요소의 위치에 대한 제약이 없습니다.
- 시간 복잡도는 O(n)이며, n은 배열의 길이입니다.

[tags] Two Pointer, Array Manipulation
[lang] python",Two Pointers,,,z3FwE40Vc-M,"[""Two Pointer"", ""Array Manipulation""]"
java,https://www.youtube.com/watch?v=cWmy0dYIcqw,"주어진 문제는 정수 배열과 목표 정수가 주어졌을 때, 두 수의 합이 목표와 일치하는 인덱스를 반환하는 것입니다. 이 문제는 두 포인터 슬라이딩 윈도우 기법을 사용하여 해결할 수 있습니다. 먼저 배열을 정렬한 후, 왼쪽 포인터와 오른쪽 포인터를 설정하여 두 수의 합을 비교합니다. 합이 목표보다 크면 오른쪽 포인터를 줄이고, 작으면 왼쪽 포인터를 증가시킵니다. 이 과정을 반복하여 합이 목표와 일치할 때 인덱스를 반환합니다.

이 알고리즘은 O(N log N) 시간 복잡도를 가지며, 배열의 길이가 최대 10,000일 때 효율적으로 작동합니다. 주의할 점은 같은 요소를 두 번 사용할 수 없으며, 반환되는 인덱스의 순서는 상관없다는 것입니다. 이 방법은 두 수의 합 문제 외에도 세 수, 네 수의 합 문제 등으로 확장할 수 있습니다.

- 두 포인터 슬라이딩 윈도우 기법 사용
- 배열 정렬 필요
- 인덱스 반환, 요소 반환 아님
- 시간 복잡도: O(N log N)
- 문제 확장 가능성

[tags] Two Pointers, Sliding Window, Sorting
[lang] unknown",Two Pointers,,,cWmy0dYIcqw,"[""Two Pointers"", ""Sliding Window"", ""Sorting""]"
java,https://www.youtube.com/watch?v=cInX4fbiaBM,"슬라이딩 윈도우 기법은 2포인터 기법의 일종으로, 연속된 데이터의 부분 집합을 효율적으로 처리하는 데 사용된다. 예를 들어, 웹사이트 방문자 수를 계산할 때, 최근 3일간의 방문자 수를 평균 내고자 할 때 이 기법을 활용할 수 있다. 슬라이딩 윈도우를 사용하면, 현재 윈도우의 시작 요소를 제거하고 다음 요소를 추가하여 평균을 계산하는 방식으로, 매번 전체 데이터를 반복하지 않고도 필요한 값을 빠르게 업데이트할 수 있다.

이 기법은 특히 배열이나 리스트와 같은 연속적인 데이터 구조에서 유용하며, 시간 복잡도는 O(n)으로 효율적이다. 슬라이딩 윈도우 기법을 사용할 때는 윈도우의 크기와 이동 방식에 주의해야 하며, 데이터의 경계 조건을 잘 처리해야 한다.

- 슬라이딩 윈도우는 2포인터 기법의 변형이다.
- 연속된 데이터의 부분 집합을 효율적으로 처리한다.
- 시간 복잡도는 O(n)이다.
- 경계 조건을 잘 처리해야 한다.

[tags] 
[lang] unknown",Two Pointers,,,cInX4fbiaBM,[]
c,https://www.youtube.com/watch?v=E15LMqlMDGY,"이 영상에서는 이중 포인터(더블 포인터)의 개념과 이를 활용한 배열 교환 방법에 대해 설명합니다. 이중 포인터는 포인터를 가리키는 포인터로, 포인터의 주소를 저장할 수 있습니다. 이를 통해 두 배열의 원소를 직접 복사하는 대신, 포인터의 주소를 교환하여 배열을 효율적으로 교환할 수 있습니다. 이 과정에서 수합 연산을 사용하여 포인터의 주소를 바꾸는 방법을 설명하며, 이중 포인터를 사용하여 배열의 원본 값을 변경하는 방법을 시연합니다.

- 이중 포인터는 포인터를 가리키는 포인터로, 주소를 저장할 수 있다.
- 배열을 교환할 때, 포인터의 주소를 수합하여 효율적으로 처리할 수 있다.
- 이중 포인터를 이해하기 위해서는 단계적으로 접근해야 하며, 복잡한 자료 구조에서도 유사한 방법을 사용할 수 있다.

[tags] [""Pointer"", ""Double Pointer"", ""Array Swap"", ""Memory Management""]
[lang] unknown",Two Pointers,,,E15LMqlMDGY,"[""[\""Pointer\"""", ""\""Double Pointer\"""", ""\""Array Swap\"""", ""\""Memory Management\""]""]"
c,https://www.youtube.com/watch?v=ompyV23AXl4,"포인터는 메모리 주소를 가리키는 변수로, 이를 통해 데이터의 직접적인 접근과 조작이 가능하다. 포인터를 사용하여 스왑 기능을 구현할 수 있으며, 이중 포인터를 활용하면 포인터 자체를 변경할 수 있다. 스왑 함수는 포인터를 매개변수로 받아 두 개의 포인터가 가리키는 대상을 교환하는 방식으로 작동한다. 또한, 포인터 상수화와 데이터 상수화 개념을 통해 포인터가 가리키는 대상을 변경할 수 없도록 설정할 수 있다. 포인터 상수화는 포인터 자체의 변경을 막고, 데이터 상수화는 가리키고 있는 데이터의 변경을 방지한다.

- 포인터는 메모리 주소를 가리키는 변수이다.
- 이중 포인터를 사용하면 포인터 자체를 변경할 수 있다.
- 스왑 함수는 포인터를 매개변수로 받아 두 포인터의 대상을 교환한다.
- 포인터 상수화는 포인터의 변경을 막고, 데이터 상수화는 가리키는 데이터의 변경을 막는다.
- 포인터와 벡터의 상수화 개념은 적용 위치가 다르다.

[tags] 포인터, 이중 포인터, 스왑, 상수화
[lang] unknown",Two Pointers,,,ompyV23AXl4,"[""포인터"", ""이중 포인터"", ""스왑"", ""상수화""]"
c,https://www.youtube.com/watch?v=BkgIOBMtlMo,"포인터와 배열의 관계를 이해하기 위해, 포인터의 산술 연산을 통해 배열의 원소에 접근하는 방법을 설명한다. 배열의 이름은 메모리의 시작 주소를 가리키며, 이를 함수에 전달할 때 주소가 복사되어 배열을 전달한 것과 같은 효과를 얻는다. 포인터를 사용하면 배열의 원소에 직접 접근할 수 있으며, 포인터의 산술 연산은 데이터 타입의 크기에 따라 주소를 증가시키거나 감소시킨다. 예를 들어, 인티저 타입의 포인터는 4바이트씩 이동하고, 캐릭터 타입은 1바이트씩 이동한다.

- 포인터는 주소를 저장할 수 있는 변수이다.
- 배열의 이름은 메모리 주소를 가리킨다.
- 포인터의 산술 연산은 데이터 타입의 크기에 따라 주소를 조정한다.
- 포인터를 통해 배열의 원소에 접근할 수 있다.
- 에스터리스크(*)의 위치에 따라 결과가 달라질 수 있으므로 주의해야 한다.

[tags] 포인터, 배열, 산술 연산, 메모리 주소, 데이터 타입
[lang] unknown",Two Pointers,,,BkgIOBMtlMo,"[""포인터"", ""배열"", ""산술 연산"", ""메모리 주소"", ""데이터 타입""]"
c,https://www.youtube.com/watch?v=E7Yh3BltRa0,"포인터는 메모리 주소를 저장하는 변수로, 주소를 통해 원본 데이터에 접근할 수 있게 해줍니다. 포인터를 선언할 때는 자료형 뒤에 별표(*)를 붙이며, 초기화 시에는 null로 설정하는 것이 좋습니다. 포인터를 사용하여 다른 변수의 주소를 저장하고, 이를 통해 해당 변수의 값을 간접적으로 수정할 수 있습니다. 간접참조(디레퍼런싱)는 포인터가 가리키는 주소에 접근하여 값을 읽거나 수정하는 과정으로, 이때 포인터의 자료형에 맞춰 접근해야 합니다. 잘못된 자료형으로 접근할 경우 예기치 않은 결과가 발생할 수 있습니다.

- 포인터는 메모리 주소를 저장하는 변수이다.
- 포인터 선언 시 자료형 뒤에 별표(*)를 붙인다.
- 초기화 시 null로 설정하는 것이 권장된다.
- 간접참조를 통해 포인터가 가리키는 변수의 값을 수정할 수 있다.
- 포인터의 자료형과 접근하는 데이터의 자료형이 일치해야 한다.

[tags] pointer, dereferencing, memory address, variable, initialization
[lang] unknown",Two Pointers,,,E7Yh3BltRa0,"[""pointer"", ""dereferencing"", ""memory address"", ""variable"", ""initialization""]"
c,https://www.youtube.com/watch?v=IdTuOmYQ__U,"정수형 포인터는 변수의 메모리 주소를 저장하는 변수로, 이를 통해 다른 변수의 값을 간접적으로 참조하고 수정할 수 있다. 예를 들어, 변수 a와 b에 각각 20과 35를 저장하고, 포인터 p를 통해 이들의 주소를 저장한 후, p를 사용하여 c에 a와 b의 합인 55를 저장하는 과정을 설명한다. 포인터는 실제 데이터가 저장된 공간이 아닌, 그 주소를 가리키는 별칭으로 작용하며, C++에서는 레퍼런스 변수와 유사한 개념으로 이해할 수 있다.

- 포인터는 변수의 주소를 저장하여 간접적으로 접근할 수 있게 해준다.
- 포인터를 사용하여 다른 변수의 값을 수정할 수 있다.
- 포인터는 실제 데이터가 아닌 주소를 가리키는 별칭으로 작용한다.
- C++에서는 포인터 외에 레퍼런스 변수를 사용할 수 있다.

[tags] pointer, C++, reference
[lang] unknown",Two Pointers,,,IdTuOmYQ__U,"[""pointer"", ""C++"", ""reference""]"
c,https://www.youtube.com/watch?v=EvUjlL5Dudk,"주어진 문제는 정렬된 배열의 각 요소를 제곱한 후, 다시 정렬된 배열로 반환하는 것입니다. 첫 번째 접근법은 각 요소를 제곱한 후 정렬하는 것으로, 시간 복잡도는 O(n log n)입니다. 그러나 두 번째 접근법인 투 포인터 기법을 사용하면 O(n)으로 해결할 수 있습니다. 이 방법은 배열의 양 끝에서 시작하여 두 포인터를 사용해 큰 제곱값부터 차례로 결과 배열에 추가하는 방식입니다.

투 포인터 기법을 적용하기 위해서는 배열이 정렬되어 있다는 점과 특정 순서로 결과를 생성해야 한다는 점을 활용합니다. 왼쪽 포인터는 배열의 시작을, 오른쪽 포인터는 끝을 가리키며, 두 포인터가 교차하지 않도록 하여 각 포인터의 제곱값을 비교하고 더 큰 값을 결과 배열에 추가합니다. 최종적으로 결과 배열을 뒤집어 정렬된 제곱값을 얻습니다.

- O(n log n) 복잡도의 기본 접근법
- O(n) 복잡도의 투 포인터 접근법
- 배열이 정렬되어 있어야 함
- 두 포인터가 교차하지 않도록 주의
- 결과 배열을 뒤집어 최종 결과 생성

[tags] Two-Pointer, Sorting
[lang] unknown",Two Pointers,,,EvUjlL5Dudk,"[""Two-Pointer"", ""Sorting""]"
c,https://www.youtube.com/watch?v=8qB-1LNZiU8,"오브젝트 지향 프로그래밍에서 기본 클래스를 설계하는 과정이 설명된다. 먼저, `OBJ`라는 기본 클래스를 만들고, 이를 상속받는 `캐릭터` 클래스를 정의하여 플레이어와 몬스터를 구현한다. 이때 가상 소멸자를 사용하여 메모리 관리를 용이하게 한다. 이후 `OBJ 매니저` 클래스를 싱글톤 패턴으로 설계하여 오브젝트를 관리하고, 이젠트리 자료구조를 활용하여 탐색 성능을 최적화한다. 이젠트리는 자식 노드가 최대 2개인 트리 구조로, 탐색 시 성능이 뛰어나지만, 균형을 유지해야 한다.

또한, `unordered map`을 사용하여 키-값 쌍으로 데이터를 저장하고, 키를 통해 빠르게 탐색할 수 있도록 한다. 이 과정에서 문자열을 키로 사용하고, 플레이어와 몬스터 객체를 `OBJ` 포인터로 관리하여 유연성을 높인다. 마지막으로, 객체 생성 및 초기화 과정을 통해 실제 게임 오브젝트를 생성하는 방법을 설명한다.

- 기본 클래스와 상속 구조 설계
- OBJ 매니저 클래스의 싱글톤 패턴
- 이젠트리 자료구조의 탐색 최적화
- unordered map을 통한 데이터 관리
- 객체 생성 및 초기화 과정

[tags] , 
[lang] unknown",Two Pointers,,,8qB-1LNZiU8,[]
c,https://www.youtube.com/watch?v=P2B1FT8okyc,"더블 포인터는 포인터 변수가 저장하는 메모리 주소를 보유하는 변수로, 특정 타입의 포인터를 가리킵니다. 예를 들어, 정수 포인터를 가리키는 더블 포인터는 두 개의 별표(**)로 선언됩니다. 메모리에서 더블 포인터는 정수 포인터의 주소를 저장하고, 이를 역참조하면 정수 포인터를, 다시 역참조하면 실제 정수 변수의 값을 얻을 수 있습니다. 더블 포인터는 주로 함수에서 포인터의 값을 변경할 때 사용되며, 예를 들어 연결 리스트의 헤드 노드를 삭제할 때 유용합니다.

- 더블 포인터는 포인터의 주소를 저장하는 변수이다.
- 역참조를 통해 포인터와 그 포인터가 가리키는 변수에 접근할 수 있다.
- 함수에서 포인터의 값을 변경할 때 더블 포인터를 사용한다.
- 메모리 관리와 동적 할당에서 유용하게 사용된다.

[tags] 
[lang] c++",Two Pointers,,,P2B1FT8okyc,[]
c,https://www.youtube.com/watch?v=oODmPKjczg0,"더블 포인터는 다른 포인터의 주소를 저장하는 포인터 변수입니다. 예를 들어, 정수 변수 a를 선언하면 메모리에 4바이트가 할당되고, a의 주소는 1024입니다. 단일 포인터 ptr은 a의 주소를 가리키며, 더블 포인터 dptr은 ptr의 주소를 가리킵니다. 더블 포인터를 선언할 때는 두 개의 별표(★)를 사용합니다. 

출력 예시로는, a의 주소, ptr이 가리키는 값(즉, a의 주소), dptr이 가리키는 주소 등이 있습니다. 단일 포인터로 값을 출력할 때는 하나의 별표를 사용하고, 더블 포인터로 값을 출력할 때는 두 개의 별표를 사용합니다. 예를 들어, `**dptr`은 a의 값을 출력하며, 이 경우 10이 됩니다.

- 더블 포인터는 다른 포인터의 주소를 저장
- 두 개의 별표(★)로 더블 포인터를 선언
- 단일 포인터는 하나의 별표로 값 출력
- 더블 포인터는 두 개의 별표로 값 출력
- 메모리 주소와 값의 관계 이해 필요

[tags] 
[lang] unknown",Two Pointers,,,oODmPKjczg0,[]
c,https://www.youtube.com/watch?v=ktNYCbBMPF0,"더블 포인터는 C 프로그래밍에서 혼란스러운 개념 중 하나로, 값에 의한 전달과 참조에 의한 전달의 차이를 이해하는 데 도움이 된다. 값에 의한 전달에서는 함수 내에서 변수의 로컬 복사본이 생성되어 원본 변수에 영향을 미치지 않는다. 반면, 참조에 의한 전달에서는 변수의 주소를 제공하여 원본 변수의 값을 직접 수정할 수 있다. 이를 통해 다른 함수에서 변수를 변경하려면 해당 변수의 주소를 제공해야 한다.

더블 포인터는 포인터 변수를 함수 내에서 변경할 필요가 있을 때 사용된다. 포인터의 주소를 제공하기 위해서는 이중 포인터가 필요하며, 이는 동적 메모리 할당 시 메모리 공간의 주소를 유지하기 위해 필수적이다. 따라서 더블 포인터는 메모리 관리와 관련된 중요한 역할을 한다.

- 값에 의한 전달은 로컬 복사본을 생성한다.
- 참조에 의한 전달은 변수의 주소를 통해 직접 수정한다.
- 포인터를 변경하려면 포인터의 주소를 제공해야 한다.
- 더블 포인터는 동적 메모리 할당 시 유용하다.

[tags] double pointer, pass by value, pass by reference, dynamic memory allocation
[lang] unknown",Two Pointers,,,ktNYCbBMPF0,"[""double pointer"", ""pass by value"", ""pass by reference"", ""dynamic memory allocation""]"
c,https://www.youtube.com/watch?v=fSc14SuLqwo,"C++에서 더블 포인터(double pointer)는 다른 포인터의 주소를 저장하는 변수입니다. 일반 포인터는 특정 데이터 타입의 변수 주소를 가리키지만, 더블 포인터는 포인터 변수의 주소를 가리킵니다. 더블 포인터는 `**` 기호를 사용하여 선언하며, 예를 들어 `int** ptr2`는 `int` 타입의 포인터를 가리키는 포인터입니다. 이때, 메모리에서 더블 포인터는 또 다른 메모리 주소를 저장하게 됩니다.

더블 포인터를 사용하면 포인터를 통해 간접적으로 변수의 값을 접근하거나 수정할 수 있습니다. 예를 들어, `*ptr1`을 통해 `num`의 값을 얻거나 변경할 수 있으며, `**ptr2`를 통해서도 같은 작업을 수행할 수 있습니다. 이 과정에서 메모리 주소를 통해 값에 접근하는 방법을 이해하는 것이 중요합니다.

- 더블 포인터는 포인터의 주소를 저장하는 변수이다.
- `int** ptr2`와 같이 선언하며, 포인터의 주소를 가리킨다.
- 포인터를 통해 변수의 값을 간접적으로 접근하고 수정할 수 있다.
- 메모리 주소를 이해하는 것이 중요하다.

[tags] 
[""Pointer"", ""Double Pointer"", ""C++"", ""Memory Management""]
[lang] unknown",Two Pointers,,,fSc14SuLqwo,[]
