code_lang,video_url,summary,category,domain,id
"[""python"", ""cpp"", ""java"", ""c""]",https://www.youtube.com/watch?v=BsYbdUnKZ-Y,"깊이 우선 탐색(DFS)과 너비 우선 탐색(BFS)은 그래프 탐색 알고리즘으로, 각각의 특징에 따라 문제를 해결하는 방식이 다릅니다. DFS는 한 경로를 끝까지 탐색한 후 다른 경로로 넘어가는 방식으로, 재귀함수를 통해 구현됩니다. 반면 BFS는 여러 경로를 동시에 탐색하며, 큐를 사용하여 순서대로 탐색합니다. 두 알고리즘 모두 경로 탐색, 네트워크 연결 확인, 조합 생성 문제에 활용됩니다.

DFS는 동작 검증이 용이하고 코드가 간결해지는 장점이 있지만, 최악의 경우 모든 조합을 탐색해야 할 수 있어 시간이 오래 걸릴 수 있습니다. BFS는 모든 경우를 한 단계씩 탐색하므로 시간 복잡도가 낮고, 특정 문제에서 더 효율적일 수 있습니다. 따라서 문제의 난이도와 특성에 따라 적절한 알고리즘을 선택하는 것이 중요합니다.

- DFS는 재귀함수로 구현하며, 깊이 있는 탐색을 수행.
- BFS는 큐를 사용하여 너비 있는 탐색을 수행.
- 두 알고리즘 모두 경로 탐색, 네트워크 문제, 조합 문제에 사용.
- DFS는 동작 검증이 쉽고 코드가 간결하지만, 최악의 경우 시간이 오래 걸릴 수 있음.
- BFS는 시간 복잡도가 낮고, 특정 문제에서 더 효율적일 수 있음.

[tags] DFS, BFS, 그래프 탐색, 재귀, 큐
[lang] unknown","[""DFS"", ""BFS""]",algorithm,1
"[""python""]",https://www.youtube.com/watch?v=46VmSgebZP4,"BFS(너비 우선 탐색) 알고리즘은 그래프를 탐색하는 방법으로, 큐 자료구조를 사용하여 구현된다. 이 알고리즘은 시작 노드를 선택하고, 해당 노드를 큐에 추가한 후 방문한 노드로 표시한다. 이후 큐에서 노드를 제거하고, 그 노드와 인접한 모든 미방문 노드를 큐에 추가하며 방문 처리하는 과정을 반복한다. 이 과정은 큐가 비어질 때까지 계속된다. BFS를 구현하기 위해서는 그래프와 시작 노드, 방문한 노드를 추적할 집합이 필요하다.

BFS 알고리즘을 구현할 때 주의할 점은 시작 노드가 그래프에 존재하는지 확인하는 것이며, 존재하지 않을 경우 탐색을 중단해야 한다. 큐는 리스트나 collections 모듈의 deque 클래스를 사용할 수 있으며, 각 노드를 방문할 때마다 인접 노드를 큐에 추가하고 방문 처리하는 과정을 반복해야 한다.

- BFS는 큐를 사용하여 그래프를 탐색한다.
- 시작 노드가 그래프에 존재하는지 확인해야 한다.
- 방문한 노드는 집합을 사용하여 관리한다.
- 큐가 비어질 때까지 탐색을 반복한다.

[tags] BFS, Queue
[lang] python","[""BFS""]",algorithm,2
"[""python""]",https://www.youtube.com/watch?v=e0RBEHvAI_4,"이번 강의에서는 그래프 탐색 알고리즘 중 너비 우선 탐색(BFS)에 대해 다룬다. 이전 강의에서 깊이 우선 탐색(DFS)을 설명한 후, BFS의 기본 개념을 소개하며, BFS는 시작 노드에서 인접한 모든 노드를 먼저 방문하는 방식으로 작동한다. 강의에서는 DFS와 BFS의 유사성을 강조하며, BFS 구현 시 큐를 사용해야 한다는 점을 설명한다. 큐의 작동 방식과 함께 BFS의 최소 구현을 보여주고, 이를 통해 그래프의 경로를 찾는 방법을 시연한다.

BFS는 메모리 사용량이 많아질 수 있지만, 가중치나 휴리스틱을 고려하지 않는 그래프 탐색에 유용하다. 강의는 BFS의 구현 과정을 통해 DFS에서 BFS로의 전환이 어떻게 이루어지는지를 보여주며, 알고리즘의 기본 원리를 이해하는 데 도움을 준다.

- BFS는 인접 노드를 우선적으로 탐색한다.
- 큐를 사용하여 노드를 관리한다.
- DFS와 BFS는 유사한 구조를 가진다.
- BFS는 메모리 사용량이 많을 수 있다.
- 가중치나 휴리스틱을 고려하지 않는 탐색에 적합하다.

[tags] BFS, DFS
[lang] unknown","[""BFS"", ""DFS""]",algorithm,3
"[""python""]",https://www.youtube.com/watch?v=U5-bRX2AHNY,"너비 우선 탐색(BFS)은 그래프나 트리를 탐색하는 알고리즘으로, 주어진 노드에서 시작하여 인접한 노드를 차례로 방문하는 방식으로 작동한다. 이 강의에서는 BFS의 기본 개념과 이를 파이썬으로 구현하는 방법을 설명한다. BFS는 큐를 사용하여 방문할 노드를 관리하며, 각 노드를 방문할 때마다 그 노드의 자식 노드를 큐에 추가한다. 이 과정을 반복하여 모든 노드를 방문하게 된다.

BFS의 구현 과정은 다음과 같다:
1. 시작 노드를 큐에 추가하고 방문한 노드 목록에 기록한다.
2. 큐가 비어있지 않은 동안 반복하여 큐의 첫 번째 노드를 꺼내고 출력한다.
3. 꺼낸 노드의 이웃 노드를 확인하고, 방문하지 않은 노드를 방문 목록과 큐에 추가한다.
4. 큐가 비어있을 때까지 이 과정을 계속한다.

BFS의 시간 복잡도는 O(V + E)로, V는 정점의 수, E는 간선의 수를 의미한다.

- BFS는 그래프 탐색에 유용하다.
- 큐를 사용하여 노드를 관리한다.
- 방문한 노드는 중복 방문을 방지한다.
- 시간 복잡도는 O(V + E)이다.

[tags] BFS
[lang] python","[""BFS""]",algorithm,4
"[""python""]",https://www.youtube.com/watch?v=6T90pTJ03YY,"너비 우선 탐색(BFS) 알고리즘은 그래프의 노드를 탐색하는 방법으로, 시작 노드에서 인접한 노드로 ""불이 퍼지는"" 방식으로 작동한다. 이 알고리즘은 그래프의 모든 연결된 노드를 방문하기 위해 큐를 사용하여 현재 불이 붙은 노드를 추적하고, 방문한 노드는 boolean 배열로 관리한다. BFS는 다양한 문제에 적용될 수 있으며, 특히 최단 경로를 찾거나 격자에서 섬의 개수를 세는 데 유용하다.

BFS의 구현 과정은 다음과 같다:
- 그래프를 2D 리스트로 표현하고, 방문 여부를 나타내는 배열을 초기화한다.
- 시작 노드를 큐에 추가하고 불을 붙인다.
- 큐가 비어있지 않은 동안, 큐의 앞에서 노드를 꺼내 인접한 노드에 불을 붙인다.
- 모든 노드를 방문한 후, 방문하지 않은 노드를 확인하여 접근 가능성을 판단한다.

BFS의 시간 복잡도는 O(V + E)이며, 공간 복잡도 또한 O(V + E)이다. 이 알고리즘은 다양한 문제에 적용 가능하므로, 여러 문제를 풀어보며 이해를 깊이 있는 것이 중요하다.

[tags] BFS
[lang] python","[""BFS""]",algorithm,5
"[""python""]",https://www.youtube.com/watch?v=oTH9wKi2Rac,"너비 우선 탐색(BFS) 알고리즘은 그래프의 모든 노드를 방문하는 방법을 제시하는 알고리즘으로, 주로 그래프 탐색 및 문제 해결에 사용된다. 이 알고리즘은 큐(Queue) 자료구조를 활용하여 구현되며, FIFO(선입선출) 원칙에 따라 노드를 탐색한다. BFS는 시작 노드에서 인접한 노드를 방문하고, 그 다음 깊이로 이동하여 계속해서 노드를 탐색하는 방식으로 진행된다. 이 과정에서 이미 방문한 노드는 제외하고, 새로운 노드만을 큐에 추가하여 탐색을 이어간다.

BFS의 구현은 다음과 같은 단계로 이루어진다:
- 시작 노드를 큐와 방문 리스트에 추가한다.
- 큐에서 노드를 꺼내 인접 노드를 확인하고, 방문하지 않은 노드를 방문 리스트와 큐에 추가한다.
- 큐가 비어질 때까지 이 과정을 반복한다.

BFS는 그래프의 모든 노드를 탐색하는 데 O(V + E) 시간 복잡도를 가지며, 여기서 V는 노드의 수, E는 간선의 수를 의미한다.

- BFS는 그래프 탐색의 기초가 된다.
- 큐 자료구조를 사용하여 구현된다.
- 방문한 노드는 중복 방문하지 않는다.
- 시간 복잡도는 O(V + E)이다.

[tags] BFS, Queue
[lang] python","[""BFS"", ""Graph""]",algorithm,6
"[""python""]",https://www.youtube.com/watch?v=GroMLA3arYs,"너비 우선 탐색(BFS)은 그래프의 모든 노드를 레벨 순서로 탐색하는 알고리즘이다. BFS는 큐(Queue) 자료구조를 사용하여 현재 노드의 모든 인접 노드를 먼저 탐색한 후, 그 다음 레벨의 노드로 이동하는 방식으로 작동한다. 예를 들어, 시작 노드에서 인접한 노드들을 큐에 추가하고, 큐에서 노드를 하나씩 꺼내면서 그 노드의 인접 노드를 다시 큐에 추가하는 과정을 반복한다. 이 과정은 모든 노드가 탐색될 때까지 계속된다.

BFS의 주요 특징은 다음과 같다:
- 모든 노드를 레벨 순서로 탐색한다.
- 큐를 사용하여 탐색 순서를 관리한다.
- DFS와 달리, 경로를 깊게 탐색하는 것이 아니라 넓게 탐색한다.

BFS의 시간 복잡도는 O(V + E)로, V는 노드의 수, E는 간선의 수를 의미한다.

[tags] BFS, Queue
[lang] unknown","[""BFS"", ""Graph""]",algorithm,7
"[""python""]",https://www.youtube.com/watch?v=YtD2KGRdn3s,"너비 우선 탐색(BFS)은 그래프나 그래프와 유사한 데이터 구조를 탐색하거나 검색하는 데 필수적인 알고리즘이다. BFS의 시간 복잡도는 노드 수와 간선 수의 합인 O(V + E)이다. 이 알고리즘은 두 노드 간의 최단 경로를 계산하는 데 사용되며, Ford-Fulkerson 알고리즘과 같은 다른 응용 프로그램에서도 활용된다. BFS는 큐를 사용하여 탐색을 진행하며, 시작 노드의 이웃을 큐에 추가하고 방문한 노드는 표시하여 반복적으로 탐색한다.

BFS를 통해 최단 경로를 찾기 위해서는 약간의 수정이 필요하다. 이때, 방문한 노드의 부모 노드를 기록하는 predecessorNodes 딕셔너리를 사용하여 최단 경로를 역추적할 수 있다. 최종적으로, 시작 노드에서 끝 노드까지의 경로를 반환하는 shortestPath 함수를 통해 경로를 생성한다. 이 과정은 BFS의 기본 구조를 유지하면서도 최단 경로를 효과적으로 찾을 수 있게 해준다.

- BFS는 그래프 탐색에 유용하다.
- 시간 복잡도는 O(V + E)이다.
- 큐를 사용하여 탐색을 진행한다.
- 최단 경로를 찾기 위해 predecessorNodes를 활용한다.
- Python으로 구현할 수 있다.

[tags] BFS, shortest path
[lang] python","[""BFS""]",algorithm,8
"[""python"", ""cpp"", ""java"", ""c""]",https://www.youtube.com/watch?v=D_ZuvwIkinQ,"그래프 표현은 다양한 그래프 알고리즘을 이해하고 적용하는 데 필수적이다. 그래프는 주로 엣지 리스트, 인접 행렬, 인접 리스트의 세 가지 방법으로 표현된다. 엣지 리스트는 엣지를 중심으로 그래프를 표현하며, 가중치가 없는 경우 간단한 2차원 배열로 나타낼 수 있다. 그러나 노드 중심의 알고리즘에는 적합하지 않다. 인접 행렬은 노드 수에 따라 NxN 배열로 표현되며, 직접 접근이 가능하지만 공간 효율성이 떨어지고 탐색 시 시간 복잡도가 높다. 반면 인접 리스트는 가변적인 배열을 사용하여 노드와 엣지를 효율적으로 표현할 수 있어, 노드 중심의 알고리즘에 적합하다.

- 그래프 표현 방법: 엣지 리스트, 인접 행렬, 인접 리스트
- 엣지 리스트는 엣지를 중심으로 표현, 노드 중심 알고리즘에 비효율적
- 인접 행렬은 직접 접근 가능하지만 공간 비효율적
- 인접 리스트는 가변적 배열로 노드와 엣지를 효율적으로 표현

[tags] 엣지 리스트, 인접 행렬, 인접 리스트
[lang] unknown","[""Graph""]",algorithm,9
"[""python""]",https://www.youtube.com/watch?v=PQhMkmhYZjQ,"너비 우선 탐색(BFS) 알고리즘을 파이썬으로 구현하는 과정이 설명된다. 먼저, 그래프를 인접 리스트 형식으로 정의하고, 각 노드의 방문 여부, 레벨(거리), 부모 노드를 추적하기 위한 딕셔너리를 초기화한다. BFS의 시작 노드를 설정하고, 큐를 사용하여 탐색을 진행한다. 큐에서 노드를 꺼내고, 인접한 노드를 방문하며, 방문하지 않은 노드는 큐에 추가하고 관련 정보를 업데이트한다. 탐색이 완료되면 BFS 순회 결과와 각 노드의 거리 정보를 출력한다.

이 알고리즘은 연결된 그래프에서 최단 경로를 찾는 데 유용하며, 비연결 그래프의 경우 추가적인 처리가 필요하다. BFS의 시간 복잡도는 O(V + E)로, V는 정점의 수, E는 간선의 수를 의미한다.

- BFS는 그래프의 최단 경로를 찾는 데 사용된다.
- 큐를 활용하여 탐색 순서를 관리한다.
- 비연결 그래프에서는 추가 처리가 필요하다.
- 각 노드의 레벨을 통해 거리 정보를 제공한다.

[tags] BFS
[lang] python","[""BFS""]",algorithm,10
"[""java""]",https://www.youtube.com/watch?v=02qvSxd-yL8,"너비 우선 탐색(BFS)은 그래프 탐색 알고리즘으로, 가까운 노드부터 차례로 탐색하는 방식입니다. 예를 들어, 친구를 통해 짝사랑하는 사람을 찾는 상황을 비유로 설명하며, 주변 친구들에게 물어보는 과정을 통해 탐색이 이루어집니다. BFS는 큐를 사용하여 방문한 노드를 관리하고, 인접한 노드를 탐색하면서 방문 여부를 기록합니다. 이 과정에서 타겟 노드에 도달하면 탐색을 종료하고, 최단 경로를 반환할 수 있습니다.

BFS의 주요 특징은 다음과 같습니다:
- 가까운 노드부터 탐색하여 최단 경로를 찾는 데 유리함.
- 큐를 사용하여 방문한 노드를 관리.
- 타겟 노드에 도달하면 탐색을 종료하고 경로를 반환.

[tags] BFS
[lang] unknown","[""BFS""]",algorithm,11
"[""python"", ""cpp"", ""java"", ""c""]",https://www.youtube.com/watch?v=Cs8DaupoSPM,"너비 우선 탐색(BFS)은 그래프를 탐색하는 알고리즘으로, 시작 노드에서 가까운 노드를 우선적으로 방문하는 방식입니다. BFS는 FIFO(First In First Out) 구조인 큐를 사용하여 구현되며, 이는 깊이 우선 탐색(DFS)과 대조적입니다. BFS는 모든 노드를 탐색할 때 최단 경로를 보장하는 특징이 있어, 목표 노드에 도달하는 경로가 여러 개일 경우 가장 짧은 경로를 찾는 데 유리합니다. 시간 복잡도는 노드 수와 엣지 수의 합으로, DFS와 유사합니다.

BFS의 기본 단계는 다음과 같습니다:
- 시작 노드를 정하고 큐와 방문 배열을 초기화합니다.
- 큐에서 노드를 꺼내고, 그 노드와 연결된 인접 노드를 큐에 추가합니다.
- 방문한 노드는 다시 방문하지 않도록 관리하며, 큐가 비어질 때까지 이 과정을 반복합니다.

이러한 과정을 통해 BFS는 그래프의 모든 노드를 효율적으로 탐색할 수 있습니다.

[tags] BFS, Queue
[lang] unknown","[""BFS"", ""Queue""]",algorithm,12
"[""java""]",https://www.youtube.com/watch?v=w419jCHXeEI,"이번 강의에서는 C언어와 자바에서 마방진을 구현하는 코드의 차이점을 살펴봅니다. 자바 프로그램은 클래스 내에서 변수와 메소드를 선언해야 하며, 메인 메소드를 포함하는 클래스를 통해 실행됩니다. 자바에서 배열은 객체로 인식되므로, 2차원 배열을 선언할 때는 `new` 예약어를 사용하여 객체 형태로 생성해야 합니다. C언어와의 차이점으로는 배열 선언 방식과 출력 방식이 있으며, 자바의 `System.out.println`은 C언어의 `printf`와 유사한 기능을 수행하지만, 출력할 문자열이 없을 경우 한 줄을 띄우는 기능을 가집니다.

- 자바는 클래스 내에서 모든 변수를 선언해야 함.
- 2차원 배열은 `new` 예약어를 사용하여 객체 형태로 선언.
- 출력 방식에서 C언어의 `printf`와 유사한 `System.out.println` 사용.
- 마방진 구현은 C코드와 큰 차이가 없음.

[tags] 
[lang] unknown","[""Simulation"",""Array""]",algorithm,13
"[""python"", ""cpp"", ""java"", ""c""]",https://www.youtube.com/watch?v=iYz-pG1CPIM,"그래프 탐색은 그래프의 각 정점이나 노드를 방문하는 기술로, 주로 BFS(너비 우선 탐색)와 DFS(깊이 우선 탐색) 두 가지 방법으로 분류된다. BFS는 시작 노드에서 인접한 노드를 먼저 탐색하고, 그 다음으로 인접한 노드를 탐색하는 방식으로, 계층적으로 그래프를 탐색한다. 이 과정에서 큐를 사용하여 방문한 노드를 기록하고, 사이클을 피하기 위해 이미 방문한 노드를 체크하는 것이 중요하다. BFS는 다양한 응용 분야에서 사용되며, 예를 들어, 게임의 최단 경로 탐색, GPS 내비게이션, 소셜 네트워크의 계층 구조 표시, 피어 투 피어 네트워크에서의 이웃 노드 탐색 등에 활용된다.

- BFS는 큐를 사용하여 구현된다.
- 그래프가 연결되어 있지 않을 경우, 모든 구성 요소를 탐색해야 한다.
- BFS는 여러 가지 경로로 탐색할 수 있으며, 동일한 그래프에 대해 여러 BFS 결과가 가능하다.
- BFS는 메모리 관리와 같은 자동화된 작업에도 사용된다.

[tags] BFS, 그래프 탐색, 큐, 알고리즘
[lang] unknown","[""BFS"", ""Graph""]",algorithm,14
"[""java""]",https://www.youtube.com/watch?v=s14vkkAvLRI,"세준이는 주어진 수식에서 괄호를 적절히 배치하여 최소값을 만들고자 한다. 문제는 양수와 더하기, 빼기 연산자로 구성된 수식이 주어지며, 괄호를 통해 수식의 값을 최소화하는 방법을 찾는 것이다. 이 문제는 그리디 알고리즘을 통해 해결할 수 있으며, 마이너스 연산 뒤에 있는 수치가 최대가 되도록 괄호를 배치하는 것이 핵심이다. 즉, 마이너스가 나오기 전까지의 모든 더하기 연산을 괄호로 묶어 최대값을 만들고, 이후 마이너스 연산을 수행하는 방식이다.

이 알고리즘의 흐름은 다음과 같다:
1. 수식을 마이너스 기호를 기준으로 분리한다.
2. 각 부분에서 더하기 연산을 통해 최대값을 계산한다.
3. 최종적으로 계산된 값들을 마이너스 연산으로 처리하여 최소값을 도출한다.

- 입력 수식은 0-9와 +, -로만 구성된다.
- 수식의 길이는 50자 이하이다.
- 연속된 두 개 이상의 연산자는 없다.
- 마이너스 뒤의 수치를 최대화하는 것이 중요하다.

[tags] Greedy
[lang] unknown","[""Greedy""]",algorithm,15
"[""python""]",https://www.youtube.com/watch?v=3piXbPdLRGQ,"그래프 탐색 프로젝트에서는 너비 우선 탐색(BFS)과 깊이 우선 탐색(DFS) 두 가지 방법을 사용하여 그래프를 탐색하는 방법을 설명한다. BFS는 루트 노드에서 시작하여 각 레벨을 차례로 탐색하는 방식이며, DFS는 루트 노드에서 시작하여 왼쪽 자식 노드를 깊이 있게 탐색하는 방식이다. 이 프로젝트에서는 Python을 사용하여 그래프를 시각화하고, BFS와 DFS 버튼을 클릭하여 각각의 탐색 결과를 시각적으로 확인할 수 있도록 구현한다.

코드에서는 그래프의 초기화, 버튼 생성, 노드 연결 및 탐색 결과 표시를 위한 다양한 함수가 포함되어 있다. BFS는 레벨별로 노드를 방문하며, 방문한 노드는 빨간색으로 표시되고, DFS는 깊이별로 노드를 방문하여 방문한 노드를 파란색으로 표시한다. 이 과정에서 오류가 발생할 경우 적절한 메시지를 출력하도록 설계되어 있다.

- BFS는 레벨 순서로 탐색
- DFS는 깊이 우선으로 탐색
- 각 탐색 결과는 색상으로 시각화
- 오류 발생 시 메시지 출력
- Python으로 구현

[tags] BFS, DFS
[lang] python","[""BFS"", ""DFS""]",algorithm,16
"[""python""]",https://www.youtube.com/watch?v=tswq532WVF4,"너비 우선 탐색(BFS)은 그래프 데이터 구조에서 노드를 탐색하는 기법으로, 주로 인접한 노드를 먼저 방문하는 방식으로 작동한다. 이 알고리즘은 큐를 사용하여 구현되며, 시작 노드에서부터 인접한 모든 노드를 탐색한 후, 다음 레벨의 노드로 이동한다. BFS는 그래프의 모든 노드를 한 번씩만 방문하므로, 방문한 노드는 다시 방문하지 않는다. 이 과정에서 방문한 노드는 '방문 배열'에 저장된다.

BFS를 구현하기 위해서는 먼저 그래프를 딕셔너리 형태로 표현하고, 큐를 초기화하여 시작 노드를 추가한다. 이후 큐가 비어있지 않은 동안 반복적으로 노드를 꺼내고, 그 노드의 인접 노드를 큐에 추가하는 방식으로 진행된다. 이때, 이미 방문한 노드는 큐에 추가하지 않도록 조건을 설정한다. BFS는 그래프 탐색, 최단 경로 찾기 등 다양한 응용이 가능하다.

- BFS는 인접 노드를 먼저 탐색한다.
- 큐를 사용하여 구현하며, 방문한 노드는 다시 방문하지 않는다.
- 그래프는 딕셔너리로 표현할 수 있다.
- BFS는 최단 경로 문제에 유용하다.

[tags] BFS
[lang] python","[""BFS""]",algorithm,17
"[""python""]",https://www.youtube.com/watch?v=lyVRSBFVQQM,"너비 우선 탐색(Breadth-First Search, BFS)은 트리나 그래프의 모든 노드를 레벨 순서로 탐색하는 알고리즘이다. 이 알고리즘은 큐를 사용하여 구현되며, 방문한 노드의 자식 노드를 큐에 추가하고, 큐에서 노드를 꺼내어 방문하는 방식으로 진행된다. BFS의 기본 흐름은 루트 노드를 큐에 추가하고, 큐에서 노드를 꺼내면서 그 자식 노드를 큐에 추가하는 과정을 반복하는 것이다. 이 과정은 모든 노드를 방문할 때까지 계속된다.

BFS는 다음과 같은 특징을 가진다:
- 큐를 사용하여 노드를 관리한다.
- 각 노드를 방문할 때 자식 노드를 큐에 추가한다.
- 레벨 순서로 노드를 탐색하므로, 같은 레벨의 노드가 먼저 방문된다.
- 시간 복잡도는 O(V + E)로, V는 정점의 수, E는 간선의 수를 의미한다.

[tags] BFS
[lang] unknown","[""BFS""]",algorithm,18
"[""python""]",https://www.youtube.com/watch?v=nZJBR5m9bGM,"너드 그래프 탐색에서 두 가지 주요 방법인 너비 우선 탐색(BFS)과 깊이 우선 탐색(DFS)에 대해 설명한다. 이 영상에서는 BFS에 중점을 두고, 큐(Queue) 데이터 구조를 사용하여 그래프를 탐색하는 방법을 다룬다. BFS는 시작 노드를 고정한 후, 해당 노드를 큐에 추가하고, 큐에서 노드를 하나씩 꺼내면서 인접한 노드를 탐색하는 방식으로 진행된다. 이 과정에서 방문한 노드를 추적하기 위해 방문 집합(Visited Set)을 사용한다.

BFS의 핵심 아이디어는 레벨 순서로 노드를 탐색하는 것으로, 이때 큐를 통해 각 레벨의 노드를 순차적으로 처리한다. BFS를 구현하기 위해서는 시작 노드를 정하고, 이를 큐에 추가한 후, 큐에서 노드를 꺼내면서 인접 노드를 큐에 추가하는 과정을 반복한다. 이 방법은 이진 트리와 유사한 방식으로 작동하며, 그래프의 구조에 따라 탐색이 이루어진다.

- BFS는 큐를 사용하여 레벨 순서로 탐색한다.
- 방문한 노드는 방문 집합을 통해 관리한다.
- 시작 노드를 고정하고 큐에 추가하는 것이 중요하다.
- 인접 노드를 큐에 추가하며 탐색을 진행한다.

[tags] BFS
[lang] unknown","[""BFS""]",algorithm,19
"[""python""]",https://www.youtube.com/watch?v=-uR7BSfNJko,"이 영상에서는 파이썬을 사용하여 무방향 그래프에 대한 너비 우선 탐색(BFS) 알고리즘을 구현하는 방법을 설명한다. 그래프는 10개의 정점(A부터 J까지)으로 구성되며, 두 개의 클래스인 Vertex와 Graph를 사용하여 구현된다. Vertex 클래스는 정점의 이름, 이웃 리스트, 거리, 색상 변수를 포함하고, Graph 클래스는 정점들을 저장하는 딕셔너리와 정점을 추가하거나 엣지를 추가하는 기능을 가진다. BFS 함수는 시작 정점을 받아 큐를 사용하여 정점을 탐색하며, 각 정점의 거리를 업데이트하고 방문 여부를 색상으로 표시한다.

- Vertex 클래스는 정점의 속성을 정의하고 이웃을 추가하는 기능을 제공한다.
- Graph 클래스는 정점과 엣지를 관리하며, BFS 탐색을 위한 메서드를 포함한다.
- BFS는 큐를 사용하여 정점을 탐색하고, 각 정점의 거리를 계산한다.
- 코드 실행 후 각 정점의 이웃과 거리 정보를 출력한다.

[tags] BFS, Graph, Vertex
[lang] python","[""BFS""]",algorithm,20
"[""python""]",https://www.youtube.com/watch?v=mDYEhcKpiz0,"너비 우선 탐색(BFS)은 그래프 이론에서 사용되는 알고리즘으로, 주어진 그래프의 모든 정점을 최소한 한 번씩 방문하는 체계적인 방법이다. 이 알고리즘은 시작 정점에서 시작하여 인접한 정점들을 차례로 방문하며, 큐를 사용하여 방문할 정점을 관리한다. BFS는 웹 크롤러, 최단 경로 문제, 최소 신장 트리 찾기 등 다양한 분야에서 활용된다. 

BFS의 기본 흐름은 다음과 같다. 먼저, 시작 정점을 큐에 추가하고 방문 리스트를 초기화한다. 큐가 비어있지 않은 동안, 큐에서 정점을 꺼내고 그 정점의 자식 정점들을 확인하여 방문하지 않은 정점들을 방문 리스트와 큐에 추가한다. 이 과정을 반복하여 모든 정점을 방문하게 된다. BFS는 최악의 경우 O(V + E)의 시간 복잡도를 가지며, 여기서 V는 정점의 수, E는 간선의 수를 의미한다.

- BFS는 그래프의 모든 정점을 방문하는 데 유용하다.
- 큐를 사용하여 방문할 정점을 관리한다.
- 방향 그래프와 비방향 그래프 모두에 적용 가능하다.
- 최단 경로 문제 해결에 유용하다.
- 시간 복잡도는 O(V + E)이다.

[tags] BFS
[lang] python","[""BFS""]",algorithm,21
"[""python"", ""cpp"", ""java"", ""c""]",https://www.youtube.com/watch?v=3M4yiLbmPAU,"그래프는 데이터 간의 관계를 표현하는 자료구조로, 정점, 간선, 가중치로 구성된다. 그래프의 종류에는 방향 그래프, 무방향 그래프, 가중치 그래프가 있으며, 각 그래프는 간선의 방향성과 가중치 유무에 따라 구분된다. 그래프를 표현하는 방법으로는 인접행렬과 인접리스트가 있다. 인접행렬은 정점의 개수에 따라 2차원 배열을 사용하여 간선의 존재 여부와 가중치를 저장하는 방식으로, 랜덤 접근이 가능하지만 메모리 낭비가 크다. 반면 인접리스트는 링크드 리스트를 활용하여 각 정점의 간선 정보를 저장하며, 메모리 효율성이 좋지만 탐색 속도는 느리다. 일반적으로 정점 수가 1,000개 미만일 경우 인접행렬을, 그 이상일 경우 인접리스트를 사용하는 것이 권장된다.

- 그래프의 구성 요소: 정점, 간선, 가중치
- 그래프의 종류: 방향 그래프, 무방향 그래프, 가중치 그래프
- 표현 방법: 인접행렬, 인접리스트
- 성능 비교: 인접행렬은 랜덤 접근 가능, 인접리스트는 메모리 효율적
- 사용 조건: 정점 수에 따라 표현 방식 선택

[tags] 그래프, 인접행렬, 인접리스트, 방향 그래프, 무방향 그래프
[lang] unknown","[""Graph""]",algorithm,22
"[""python"", ""cpp"", ""java"", ""c""]",https://www.youtube.com/watch?v=gl5RhtU2mF8,"그래프를 탐색하는 두 가지 방법인 깊이 우선 탐색(DFS)과 너비 우선 탐색(BFS)에 대해 설명한다. DFS는 깊이 우선으로 노드를 탐색하며, 재귀적 방법과 반복적 방법(스택 사용)으로 구현할 수 있다. 이 과정에서 방문한 노드를 해시셋에 저장하여 중복 방문을 방지한다. BFS는 너비 우선으로 노드를 탐색하며, 큐를 사용하여 구현된다. 두 방법 모두 그래프의 정점 수와 간선 수에 따라 O(V + E)의 시간 복잡도를 가지며, 공간 복잡도는 해시셋과 스택 또는 큐의 크기에 따라 결정된다.

이 강의에서는 DFS와 BFS를 활용한 문제인 'Keys and Rooms'를 통해 그래프의 접근 가능성을 확인하는 방법을 다룬다. 이 문제는 각 방이 열쇠를 통해 연결된 방향성 그래프 형태로 표현되며, DFS 또는 BFS를 통해 모든 방에 접근할 수 있는지를 판단한다.

- DFS는 재귀적 또는 반복적으로 구현 가능
- BFS는 큐를 사용하여 구현
- 두 탐색 방법 모두 O(V + E)의 시간 복잡도
- 'Keys and Rooms' 문제를 통해 그래프 탐색 응용

[tags] DFS, BFS
[lang] unknown","[""DFS"", ""BFS"",""Graph""]",algorithm,23
"[""python""]",https://www.youtube.com/watch?v=vGkQ6hB4GeI,"주어진 문제는 백준 11720번 '숫자의 합'으로, 입력된 숫자 문자열의 합을 구하는 간단한 문제이다. 먼저, 입력으로 주어지는 숫자의 개수(n)와 숫자 문자열을 받아 배열에 저장한 후, 각 요소를 정수로 변환하여 누적합을 계산한다. 일반적인 방법으로는 반복문을 사용하여 각 문자를 정수로 변환하고 합산하는 방식으로 구현할 수 있다. 

Pythonic한 방법으로는 `map` 함수를 사용하여 입력받은 문자열을 한 번에 정수로 변환하고, `sum` 함수를 통해 합산하는 방식으로 코드를 간결하게 작성할 수 있다. 이 두 가지 방법 모두 문제를 해결할 수 있지만, Python의 특성을 활용한 두 번째 방법이 더 효율적이고 가독성이 좋다.

- 입력받은 숫자의 개수(n)와 숫자 문자열을 처리
- 각 문자를 정수로 변환 후 누적합 계산
- Pythonic한 방법으로 `map`과 `sum` 사용
- 두 가지 방법 모두 문제 해결 가능

[tags] 
[lang] python","[""Math""]",algorithm,24
"[""python""]",https://www.youtube.com/watch?v=fPmMPqusEq8,"주어진 문제는 자연수 n에서 시작하여 m을 만들기 위해 최소 몇 번의 연산을 수행해야 하는지를 구하는 것입니다. 사용할 수 있는 연산은 더하기 1, 빼기 1, 곱하기 2, 빼기 10의 네 가지이며, 중간 결과는 항상 1부터 100만 사이의 자연수여야 합니다. 이 문제는 BFS(너비 우선 탐색)를 통해 접근할 수 있으며, 각 상태를 큐에 넣고 방문 여부를 체크하는 방식으로 진행됩니다. BFS를 통해 가능한 모든 경로를 탐색하면서 최소 연산 횟수를 구할 수 있습니다.

BFS를 구현할 때는 큐와 방문 배열을 사용하여 중복 방문을 방지하고, 각 연산을 통해 새로운 상태를 큐에 추가합니다. 종료 조건은 현재 상태가 목표 m과 같을 때이며, 이 경우 최소 연산 횟수를 반환합니다. BFS의 시간 복잡도는 O(V + E)로, 여기서 V는 정점의 수, E는 간선의 수입니다.

- BFS를 사용하여 상태를 탐색
- 방문 배열로 중복 방문 방지
- 각 연산을 통해 새로운 상태 생성
- 종료 조건: 현재 상태가 목표 m일 때

[tags] BFS
[lang] unknown","[""BFS""]",algorithm,25
"[""python""]",https://www.youtube.com/watch?v=cJ9xdW_hqR4,"완주하지 못한 선수 문제는 주어진 두 배열, 참가자와 완주자를 비교하여 완주하지 못한 한 명의 선수를 찾는 것입니다. 이 문제를 해결하기 위해 세 가지 방법을 제안합니다. 첫 번째는 두 배열을 정렬한 후, 순차적으로 비교하여 차이를 찾는 방법입니다. 두 번째는 해시맵을 사용하여 참가자 이름의 해시 값을 저장하고, 완주자 배열의 해시 값을 빼는 방식으로 남은 해시 값을 통해 완주하지 못한 선수를 찾는 것입니다. 마지막으로, collections 모듈의 Counter 클래스를 활용하여 참가자와 완주자의 카운트를 비교하고, 차이를 통해 완주하지 못한 선수를 쉽게 찾는 방법이 있습니다.

- 참가자와 완주자 배열을 비교하여 차이를 찾는 문제.
- 세 가지 해결책: 정렬 후 비교, 해시맵 사용, Counter 클래스 활용.
- 동명인 문제는 큰 제약이 아님.
- 시간 복잡도: 정렬 방법 O(n log n), 해시 및 카운터 방법 O(n).

[tags] sorting, hash, Counter
[lang] python","[""Sorting"", ""Hashing""]",algorithm,26
"[""python""]",https://www.youtube.com/watch?v=ShXeNmIHtB0,"콜라 문제는 주어진 콜라병의 개수를 바탕으로 쿠폰을 통해 새로운 콜라를 받는 단순 구현 문제이다. 주어진 정수 n(초기 콜라병 개수), a(반납 시 필요한 콜라병 수), b(반납 시 받는 새로운 콜라 수)를 이용해, 반복적으로 콜라를 교환하는 과정을 구현한다. 첫 번째 풀이에서는 남은 콜라병이 a 이상일 때까지 반복하며, 매 턴마다 a개를 사용하고 b개를 추가하는 방식으로 진행된다. 두 번째 풀이에서는 한 턴을 현재 가진 콜라를 모두 소진하는 것으로 정의하여, 더 효율적으로 새로운 콜라를 계산한다.

이 문제는 구현 능력을 키우는 데 중요한 연습이 되며, 단순한 문제라도 실수가 발생할 수 있음을 강조한다. 따라서, 기본적인 구현을 통해 자신감을 얻고, 이후 최적화를 시도하는 것이 좋다.

- 핵심 체크포인트:
  - 콜라병 개수와 쿠폰 개수의 관계 이해
  - 반복문을 통한 조건 체크
  - 실수 방지를 위한 변수 관리
  - 최적화의 필요성 인식

[tags] 
[lang] python","[""Math""]",algorithm,27
"[""python""]",https://www.youtube.com/watch?v=d3R1s_OmwAk,"주어진 문제는 그래프 탐색 알고리즘인 DFS(깊이 우선 탐색)와 BFS(너비 우선 탐색)를 구현하는 것입니다. 입력으로 주어진 노드와 간선 정보를 바탕으로 그래프를 2차원 배열로 표현하고, 방문 여부를 기록하기 위한 비지티드 배열을 사용합니다. DFS는 재귀적으로 노드를 방문하며, 이미 방문한 노드는 건너뛰고, BFS는 큐를 사용하여 각 노드의 이웃을 차례로 방문합니다. 두 알고리즘 모두 방문 순서를 출력하며, DFS는 깊이 우선으로, BFS는 너비 우선으로 탐색합니다.

- DFS는 재귀적으로 호출되며, 방문한 노드를 기록합니다.
- BFS는 큐를 사용하여 노드를 순차적으로 방문합니다.
- 비지티드 배열은 방문 여부를 관리하는 데 필수적입니다.
- 그래프는 인접 행렬로 표현됩니다.
- 두 알고리즘 모두 노드 방문 순서를 출력합니다.

[tags] DFS, BFS
[lang] python","[""DFS"", ""BFS""]",algorithm,28
"[""python""]",https://www.youtube.com/watch?v=K1A7Zj_hoew,"이 문제는 백준 13905번 세부로, 그래프에서 집과 집을 연결하는 다리의 무게 제한을 고려하여 최대한 많은 빼빼로를 운반할 수 있는 경로를 찾는 문제입니다. 해결 방법으로는 BFS와 이분 탐색을 활용하는 방법, 최대 신장 트리를 이용하는 방법, 그리고 다익스트라 알고리즘을 응용하는 방법이 있습니다. BFS를 통해 특정 무게 제한에서 목적지에 도달할 수 있는지를 확인하고, 이분 탐색으로 가능한 최대 무게를 찾아냅니다. 최대 신장 트리 방법은 유니온-파인드 알고리즘을 사용하여 간선을 큰 것부터 연결하며, 다익스트라 알고리즘은 최대 힙을 이용해 각 지점에서 가장 많은 빼빼로를 운반할 수 있는 경로를 찾습니다.

- BFS와 이분 탐색을 통해 경로 탐색
- 유니온-파인드로 최대 신장 트리 구현
- 다익스트라 알고리즘의 변형 사용
- 시간 복잡도: BFS O(V + E), 이분 탐색 O(log K), 다익스트라 O(E log V)

[tags] BFS, Dijkstra, Union-Find, Binary Search
[lang] python","[""BFS"", ""Dijkstra"", ""Binary Search""]",algorithm,29
"[""python"", ""cpp"", ""java"", ""c""]",https://www.youtube.com/watch?v=zFL29ydL9D8,"해시는 키-값 쌍으로 데이터를 저장하는 자료구조로, 전화번호부와 유사한 개념이다. 해시는 문자열과 같은 다양한 데이터 타입을 키로 사용할 수 있어, 배열로는 접근할 수 없는 정보를 효율적으로 관리할 수 있다. 예를 들어, 마라톤 문제에서 완주하지 못한 선수를 찾기 위해 해시맵을 사용하면, 선수의 이름을 키로 하여 그들의 완주 여부를 쉽게 기록하고 조회할 수 있다. 해시를 사용할 때는 주로 문자열 기반의 정보를 다루는 문제에서 유용하며, 기본적으로 `put`, `get`, `getOrDefault` 세 가지 함수를 기억하면 된다.

- 해시는 키-값 쌍으로 구성된 자료구조이다.
- 문자열을 키로 사용하여 정보를 관리할 수 있다.
- 배열보다 효율적으로 데이터를 검색하고 수정할 수 있다.
- `put`, `get`, `getOrDefault` 함수가 핵심이다.
- 문자열 기반 문제에서 해시를 활용하는 것이 좋다.

[tags] 
[lang] unknown","[""Hashing"", ""Hashmap"", ""String""]",algorithm,30
"[""python"", ""cpp"", ""java"", ""c""]",https://www.youtube.com/watch?v=ygdfQDKLTD4,"깊이 우선 탐색(DFS)과 너비 우선 탐색(BFS)은 그래프 탐색의 두 가지 주요 방법입니다. DFS는 한 방향으로 최대한 깊이 탐색한 후, 더 이상 갈 수 없을 때 가장 가까운 갈림길로 돌아와 다른 방향을 탐색하는 방식입니다. 이 과정은 스택을 사용하여 구현되며, 방문한 노드를 기록하여 중복 방문을 방지합니다. 반면, BFS는 현재 위치에서 갈 수 있는 모든 노드를 한 번에 탐색하고, 큐를 사용하여 먼저 들어온 노드부터 처리하는 방식입니다. BFS는 모든 인접 노드를 탐색한 후, 다음 레벨의 노드로 이동합니다.

- DFS는 깊이를 우선시하여 탐색하며, 스택을 사용합니다.
- BFS는 너비를 우선시하여 탐색하며, 큐를 사용합니다.
- 두 알고리즘 모두 그래프의 모든 노드를 방문할 수 있습니다.
- DFS는 재귀적으로 구현할 수 있으며, BFS는 반복문을 사용하여 구현합니다.

[tags] DFS, BFS
[lang] unknown","[""DFS"", ""BFS"", ""Graph""]",algorithm,31
"[""python""]",https://www.youtube.com/watch?v=yN6iRgv09mc,"너비 우선 탐색(BFS) 알고리즘은 그래프나 트리 구조에서 노드를 레벨 순서로 탐색하는 방법이다. 이 알고리즘은 루트 노드에서 시작하여 각 레벨의 모든 노드를 방문한 후 다음 레벨로 이동한다. BFS는 큐를 사용하여 구현되며, 방문한 노드를 기록하여 중복 방문을 방지한다. 예를 들어, 루트 노드 1에서 시작하여 자식 노드 2, 3, 4, 5를 큐에 추가하고, 각 노드를 방문하면서 자식 노드를 계속 큐에 추가하는 방식으로 진행된다.

BFS의 주요 특징은 다음과 같다:
- 각 레벨의 노드를 순차적으로 탐색한다.
- 큐를 사용하여 탐색 순서를 관리한다.
- 중복 방문을 방지하기 위해 방문한 노드를 기록한다.
- 그래프와 트리 모두에 적용 가능하다.

[tags] BFS, Queue
[lang] python","[""BFS""]",algorithm,32
"[""python""]",https://www.youtube.com/watch?v=Cm3-AxNsQWg,"깊이 우선 탐색(DFS)은 그래프를 탐색하는 방법으로, 시작 노드에서 깊이 방향으로 탐색을 진행하며 더 이상 방문할 노드가 없을 경우 이전 노드로 돌아가 반복하는 방식이다. DFS는 재귀 호출 또는 스택을 사용하여 구현할 수 있으며, 인접 리스트나 인접 행렬로 그래프를 표현할 수 있다. 이 과정에서 방문 여부를 체크하기 위해 visited 배열을 사용하고, 인접 노드가 존재할 경우 DFS를 재귀적으로 호출하거나 스택에 추가하여 탐색을 계속한다.

DFS는 다양한 문제에 활용될 수 있으며, 예를 들어 플러드 필 알고리즘을 구현하거나 특정 시작점에서 도착점까지의 경로 존재 여부를 확인하는 데 사용된다. DFS의 시간 복잡도는 O(V + E)로, V는 정점의 수, E는 간선의 수를 의미한다.

- DFS는 깊이 우선 탐색 알고리즘이다.
- 재귀 호출 또는 스택을 사용하여 구현할 수 있다.
- 인접 리스트 또는 인접 행렬로 그래프를 표현할 수 있다.
- 방문 여부를 체크하기 위해 visited 배열을 사용한다.
- 다양한 문제에 활용 가능하다.

[tags] DFS, 그래프 탐색, 플러드 필 알고리즘
[lang] unknown","[""DFS"", ""Stack""]",algorithm,33
"[""python""]",https://www.youtube.com/watch?v=CnECo0rUbzo,"너비 우선 탐색(BFS) 알고리즘은 그래프의 모든 노드를 레벨 순서로 탐색하는 방법이다. 이 알고리즘은 큐와 방문한 노드를 저장할 리스트 또는 집합을 사용하여 구현된다. 시작 노드에서부터 인접한 노드를 큐에 추가하고, 큐에서 노드를 꺼내어 방문한 리스트에 추가하는 과정을 반복한다. 이때 이미 방문한 노드는 다시 큐에 추가하지 않도록 주의해야 한다. BFS는 그래프의 모든 노드를 탐색할 수 있도록 보장한다.

BFS의 구현 과정은 다음과 같다:
- 큐와 방문 리스트를 초기화한다.
- 시작 노드를 큐에 추가하고, 큐가 비어있지 않은 동안 반복한다.
- 큐에서 노드를 꺼내고, 해당 노드의 인접 노드를 확인하여 방문하지 않은 노드를 큐에 추가한다.
- 방문한 노드를 리스트에 추가한다.

이 알고리즘의 시간 복잡도는 O(V + E)로, V는 노드의 수, E는 간선의 수를 의미한다.

- BFS는 그래프와 트리 모두에 적용 가능하다.
- 큐를 사용하여 탐색 순서를 관리한다.
- 방문한 노드를 중복해서 추가하지 않도록 주의해야 한다.

[tags] BFS
[lang] python","[""BFS""]",algorithm,34
"[""cpp""]",https://www.youtube.com/watch?v=9aHVA7mJcqQ,"완전탐색의 기본 코드에 대해 설명하며, 두 가지 예제를 통해 포문과 순열 구현을 다룬다. 첫 번째 예제는 포커카드 N장 중 2장을 선택하여 합이 M에 최대한 가까운 값을 찾는 문제로, 이중 포문을 사용하여 두 수가 겹치지 않도록 처리한다. 그러나 N이 10만 이상일 경우 시간 초과가 발생할 수 있다. 두 번째 예제는 n개의 정수로 이루어진 순열 중 사전 순으로 n번째 위치한 순열을 찾는 문제로, do while 문과 Permutation 함수를 활용하여 구현한다. 이 경우 n이 10 이상일 경우에도 시간 초과가 발생할 수 있다.

- 완전탐색은 문제에 따라 다양한 방식으로 구현 가능
- 이중 포문 사용 시 겹치지 않도록 주의
- 순열 문제는 n!의 시간 복잡도를 가짐
- do while 문과 Permutation 함수 활용 가능
- 입력값에 따라 시간 초과 주의 필요

[tags] 완전탐색, 이중 포문, 순열, Permutation
[lang] unknown","[""Brute Force""]",algorithm,35
"[""java""]",https://www.youtube.com/watch?v=7OSsRByEwZs,"동혁이는 체스판과 피스를 발견했지만, 흰색 피스의 개수가 올바르지 않다. 체스는 총 16개의 피스로 구성되며, 각 피스의 올바른 개수는 킹 1개, 퀸 1개, 룩 2개, 비숍 2개, 나이트 2개, 폰 8개이다. 주어진 흰색 피스의 개수를 바탕으로, 올바른 세트를 만들기 위해 추가하거나 제거해야 할 피스의 개수를 계산하는 프로그램을 작성하는 것이 문제의 핵심이다. 

이 문제를 해결하기 위해서는 먼저 올바른 피스의 개수를 배열로 초기화한 후, 입력받은 피스의 개수와 비교하여 차이를 계산하면 된다. 이 차이를 출력하면 문제를 해결할 수 있다. 입력은 0에서 10 사이의 정수로 주어지며, 각 피스의 개수를 순서대로 입력받아야 한다.

- 체스 피스의 올바른 개수를 배열로 초기화
- 입력받은 피스 개수와 비교하여 차이 계산
- 양수는 추가해야 할 개수, 음수는 제거해야 할 개수
- 출력 형식에 주의 (줄바꿈 처리)

[tags] 
[lang] java","[""Array"",""Implementation""]",algorithm,36
"[""java""]",https://www.youtube.com/watch?v=rTk9dewULy8,"너비 우선 탐색(BFS)은 그래프나 트리 데이터 구조를 탐색하는 알고리즘으로, 시작 노드에서 인접한 모든 노드를 먼저 방문한 후 다음 레벨의 노드로 이동하는 방식이다. BFS는 큐를 사용하여 구현되며, 그래프에서는 사이클이 존재할 수 있으므로 방문한 노드를 추적하기 위해 불리언 배열을 사용해야 한다. 예를 들어, 노드 0에서 시작하여 인접한 노드 1과 2를 큐에 추가하고, 이들을 방문한 후 다음 노드로 넘어가는 방식으로 진행된다.

BFS의 주요 특징은 다음과 같다:
- 큐를 사용하여 노드를 관리한다.
- 그래프에서는 사이클을 피하기 위해 방문한 노드를 기록해야 한다.
- 인접 리스트를 사용하여 그래프를 표현할 수 있다.
- 시작 노드는 임의로 선택할 수 있다.

[tags] BFS, 그래프, 큐
[lang] unknown","[""BFS"", ""Graph"", ""Queue""]",algorithm,37
"[""python""]",https://www.youtube.com/watch?v=bTMV-VeaTws,"스파이가 다양한 의상을 조합하여 위장하는 문제를 해결하기 위해, 의상의 종류별로 개수를 세고 조합의 수를 계산하는 방법을 설명한다. 주어진 의상 목록에서 각 의상의 종류를 해시맵이나 카운터를 사용하여 분류하고, 각 종류별로 입지 않는 경우를 포함하여 조합의 수를 계산한다. 최종적으로는 아무것도 입지 않는 경우를 제외하여 유효한 조합의 수를 도출한다. 이 과정에서 해시맵의 활용, 카운터의 사용, 그리고 리듀스 함수를 통한 누적 계산 방법을 배운다.

- 의상을 종류별로 분류하여 해시맵 또는 카운터 생성
- 입지 않는 경우를 포함하여 조합 수 계산
- 최소 1개 이상의 의상 착용 조건 고려
- 해시맵.get() 메서드 활용
- 리듀스 함수를 통한 누적 계산

[tags] HashMap, Counter, Reduce, Combinatorics
[lang] python","[""HashMap""]",algorithm,38
"[""java""]",https://www.youtube.com/watch?v=GAtyPIM9TP8,"트리 순회(Tree Traversal)는 트리 구조에서 노드를 탐색하는 방법으로, 주로 넓이 우선 탐색(Breadth-First Search, BFS)과 깊이 우선 탐색(Depth-First Search, DFS)으로 나뉜다. BFS는 루트 노드에서 시작하여 각 레벨을 차례로 탐색하며, 큐를 사용하여 노드를 저장하고 결과를 배열에 담는다. 반면, DFS는 노드를 깊게 탐색하며, Pre-Order, In-Order, Post-Order의 세 가지 방식으로 구현된다. Pre-Order는 루트 노드를 먼저 방문하고, In-Order는 왼쪽 자식 노드를 먼저 방문한 후 루트, 오른쪽 자식 순으로 탐색하며, Post-Order는 모든 자식 노드를 탐색한 후 루트 노드를 방문한다.

- BFS는 큐를 사용하여 레벨 순서로 탐색한다.
- DFS는 재귀를 통해 깊이 있게 탐색하며, 세 가지 방식이 있다.
- 각 탐색 방식은 결과를 배열에 저장하는 방식이 다르다.
- BFS의 시간 복잡도는 O(V + E), DFS는 O(V)이다.

[tags] BFS, DFS, Pre-Order, In-Order, Post-Order
[lang] unknown","[""BFS"", ""DFS""]",algorithm,39
"[""java""]",https://www.youtube.com/watch?v=x8Zwup81DlA,"그래프 탐색 알고리즘에는 깊이 우선 탐색(DFS)과 너비 우선 탐색(BFS) 두 가지가 있다. DFS는 스택을 사용하여 구현되며, 가장 최근에 추가된 노드를 먼저 방문하는 방식으로 작동한다. 반면 BFS는 큐를 사용하여 구현되며, 가까운 노드부터 차례로 방문하는 방식이다. 두 알고리즘 모두 그래프의 노드를 탐색하는 데 사용되며, 인접한 노드들을 어떻게 푸시하고 팝하는지에 따라 탐색 순서가 달라질 수 있다.

DFS는 스택을 통해 인접 노드를 푸시하고, 팝할 때마다 방문한 노드를 기록한다. BFS는 큐를 통해 인접 노드를 인큐하고, 디큐할 때마다 방문한 노드를 기록한다. 이 두 알고리즘은 그래프의 구조에 따라 다양한 방식으로 구현될 수 있으며, 각기 다른 탐색 결과를 생성할 수 있다.

- DFS는 스택을 사용하여 깊이 우선으로 탐색한다.
- BFS는 큐를 사용하여 너비 우선으로 탐색한다.
- 탐색 순서는 인접 노드를 푸시하는 순서에 따라 달라질 수 있다.
- 그래프는 배열 또는 인접 리스트로 표현할 수 있다.
- 방문한 노드는 다시 방문하지 않도록 관리해야 한다.

[tags] DFS, BFS
[lang] unknown","[""DFS"", ""BFS""]",algorithm,40
"[""java""]",https://www.youtube.com/watch?v=i2C4hW-c0m4,"주어진 문제는 특정 연도가 윷년인지 판단하는 프로그램을 작성하는 것입니다. 윷년의 조건은 연도가 4의 배수이면서 100의 배수가 아니거나, 400의 배수일 때입니다. 입력으로 주어진 연도를 스캐너를 통해 받아온 후, 조건문을 사용하여 윷년인지 확인하고, 결과에 따라 1 또는 0을 출력합니다. 예를 들어, 2012년은 윷년이므로 1을 출력하고, 1900년은 윷년이 아니므로 0을 출력합니다.

또한, 두 번째 문제는 1부터 n까지의 합을 구하는 프로그램으로, n은 1 이상 10,000 이하의 자연수입니다. 이 문제는 단순한 for문을 사용하여 해결할 수 있으며, 입력받은 n에 대해 1부터 n까지의 합을 계산하여 출력합니다. 두 문제 모두 기본적인 조건문과 반복문을 활용하여 해결할 수 있습니다.

- 윷년 조건: 4의 배수이면서 100의 배수가 아니거나 400의 배수
- 입력 범위: 1 ≤ 연도 ≤ 4000, 1 ≤ n ≤ 10,000
- 출력: 윷년이면 1, 아니면 0 / 1부터 n까지의 합

[tags] 
""조건문"", ""반복문"", ""입출력""
[lang] java","[""Math"",""Aggregation""]",algorithm,41
"[""cpp""]",https://www.youtube.com/watch?v=ftOmGdm95XI,"BFS(너비 우선 탐색)는 그래프의 모든 노드를 방문하기 위한 알고리즘으로, 주어진 문제를 해결하기 위해 상하좌우로 인접한 노드를 탐색하는 방식으로 작동합니다. 이 강의에서는 BFS를 활용하여 Flood Fill 기능을 구현하는 방법을 설명합니다. Flood Fill은 특정 색상의 영역을 한 번에 변경하는 기능으로, BFS를 통해 클릭한 위치와 연결된 모든 같은 색상의 칸을 탐색하여 색을 변경할 수 있습니다. BFS의 시간 복잡도는 O(N)이며, N은 방문하는 칸의 수입니다.

BFS를 구현할 때 주의할 점은 시작점을 큐에 넣고 방문 표시를 남기는 것입니다. 이를 통해 중복 방문을 방지할 수 있습니다. 또한, BFS는 다양한 문제에 응용될 수 있으며, 예를 들어 미로 탐색, 그림 찾기, 토마토 문제 등에서 최단 경로를 찾는 데 유용합니다. BFS의 기본 틀을 익히고 다양한 문제를 풀어보는 것이 중요합니다.

- BFS는 그래프 탐색 알고리즘이다.
- Flood Fill 기능을 구현할 수 있다.
- 시간 복잡도는 O(N)이다.
- 시작점 방문 표시를 잊지 말아야 한다.
- 다양한 문제에 응용 가능하다.

[tags] BFS, Flood Fill, 그래프 탐색
[lang] unknown","[""BFS"", ""Queue""]",algorithm,42
"[""java""]",https://www.youtube.com/watch?v=lq85zEW1S_s,"이진트리는 각 노드가 최대 두 개의 자식을 가지는 트리 구조로, 높이가 n인 이진트리의 최대 노드 개수는 \(2^n - 1\)입니다. 이진트리는 정의 이진트리, 포화 이진트리, 완전 이진트리, 사양 이진트리의 네 가지 유형으로 나뉘며, 각 유형은 자식 노드의 수와 깊이에 따라 구분됩니다. 예를 들어, 정의 이진트리는 모든 노드가 0 또는 2개의 자식을 가지며, 포화 이진트리는 모든 단말 노드의 깊이가 동일한 트리입니다.

이진트리는 링크드 리스트 형태로 구현할 수 있으며, 노드 클래스는 데이터와 왼쪽, 오른쪽 자식 노드의 주소를 포함합니다. 이진트리의 순회 방법에는 전위 순회, 중위 순회, 후위 순회가 있으며, 각 순회는 노드를 방문하는 순서에 따라 다릅니다. 이러한 순회 방법은 재귀적으로 구현할 수 있으며, 각 순회 방식에 따라 노드를 방문하는 순서가 달라집니다.

- 이진트리의 최대 노드 개수는 \(2^n - 1\)이다.
- 이진트리의 종류는 정의, 포화, 완전, 사양 이진트리로 나뉜다.
- 링크드 리스트로 이진트리를 구현할 수 있다.
- 이진트리의 순회 방법은 전위, 중위, 후위 순회가 있다.

[tags] 이진트리, 전위 순회, 중위 순회, 후위 순회
[lang] unknown","[""Tree"",""DFS""]",algorithm,43
"[""python""]",https://www.youtube.com/watch?v=WooOuXIiRjE,"트리는 문자열을 저장하기 위한 데이터 구조인 트라이(Trie)에 대해 설명한다. 트라이는 문자열의 공통된 접두사를 공유하는 노드들로 구성되어 있으며, 각 노드는 알파벳을 가리키는 포인터를 포함한다. 예를 들어, ""baby"", ""bool"", ""tree"", ""try""와 같은 단어를 저장할 때, 루트 노드에서 시작하여 각 알파벳에 따라 하위 노드로 이동하며 문자열을 구성한다. 이 구조는 문자열 자동 완성 기능과 같은 다양한 응용 프로그램에서 유용하게 사용된다.

트라이에서 문자열을 찾는 연산의 시간 복잡도는 O(m)으로, 여기서 m은 찾고자 하는 문자열의 길이이다. 문자열을 추가하는 연산도 동일한 시간 복잡도를 가진다. 트라이의 노드는 배열이나 해시맵으로 구현할 수 있으며, 각 노드는 알파벳의 끝을 나타내는 is-end 속성을 가진다. 또한, 마침표를 포함한 검색 기능을 통해 모든 경로를 탐색할 수 있는 방법도 설명된다.

- 트라이는 문자열의 공통 접두사를 공유하는 트리 구조이다.
- 문자열 검색 및 추가의 시간 복잡도는 O(m)이다.
- 노드는 배열 또는 해시맵으로 구현할 수 있다.
- 마침표를 포함한 검색 기능이 가능하다.

[tags] Trie, 문자열 검색, 데이터 구조
[lang] unknown","[""Tree"",""String""]",algorithm,44
"[""java""]",https://www.youtube.com/watch?v=P70dOq-tU-Y,"최선우선 탐색(Best-First Search) 알고리즘은 최적의 해에 빠르게 도달하기 위한 탐색 전략으로, 주어진 상태에서 가장 유망한 노드를 우선적으로 확장하는 방식입니다. 이 알고리즘은 너비우선 탐색(BFS)과 깊이우선 탐색(DFS)의 개념을 바탕으로 하며, 특히 우선순위 큐를 사용하여 노드를 관리합니다. 노드의 한계값(bound)을 계산하여, 가장 유망한 노드를 선택하고 이를 기반으로 탐색을 진행합니다. 이 과정에서 힙 자료구조를 활용하여 효율적으로 노드를 관리하고, 최적의 해를 찾기 위해 계속해서 노드를 확장합니다.

- 최선우선 탐색은 유망한 노드를 우선적으로 선택하여 탐색.
- 우선순위 큐를 사용하여 노드를 관리하고, 힙을 통해 효율적인 탐색 가능.
- 각 노드는 가치(value), 무게(weight), 한계값(bound)을 가지고 관리됨.
- 탐색 과정에서 현재까지의 최적 해(best)를 지속적으로 업데이트.

[tags] Best-First Search, Priority Queue, Heap
[lang] unknown","[""Heap"",""Queue"",""Tree"",""Backtracking""]",algorithm,45
"[""cpp""]",https://www.youtube.com/watch?v=pbPX0EGi3TQ,"깊이 우선 탐색(DFS)과 너비 우선 탐색(BFS)은 트리나 그래프와 같은 비선형 구조를 탐색하는 두 가지 기본적인 방법이다. DFS는 한 정점을 방문한 후 연결된 다른 정점으로 깊이 들어가며, 더 이상 방문할 곳이 없으면 이전 상태로 돌아가 다시 탐색을 계속하는 방식이다. 반면 BFS는 방문한 정점에서 연결된 정점들을 순서대로 큐에 저장하고, 가장 먼저 방문한 정점부터 차례로 탐색하는 방법이다. DFS는 재귀 호출을 통해 스택 구조를 활용하고, BFS는 큐를 사용하여 탐색 순서를 관리한다.

이 두 가지 방법은 다양한 문제 해결에 활용될 수 있으며, 특히 DFS는 백트래킹 기법과 결합하여 복잡한 문제를 해결하는 데 유용하다. 예를 들어, 두더지굴 문제에서는 DFS를 통해 연결된 1의 개수를 세고, 그 크기를 정렬하여 출력하는 방식으로 문제를 해결할 수 있다. BFS 또한 유사한 방식으로 문제를 해결할 수 있다.

- DFS는 깊이 우선으로 탐색하며, 스택 구조를 사용한다.
- BFS는 너비 우선으로 탐색하며, 큐 구조를 사용한다.
- 두 방법 모두 비선형 구조의 모든 정점을 방문하는 데 효과적이다.
- DFS는 백트래킹과 결합하여 복잡한 문제를 해결할 수 있다.
- BFS는 같은 깊이의 정점을 먼저 방문하는 특성이 있다.

[tags] DFS, BFS, Backtracking
[lang] unknown","[""DFS"", ""BFS"",""Graph"",""Tree"",""Queue"",""Stack"",""Backtracking""]",algorithm,46
"[""cpp""]",https://www.youtube.com/watch?v=BStHJOq_mnY,"깊이 우선 탐색(DFS)과 너비 우선 탐색(BFS)의 차이점에 대해 설명하고, 각각의 탐색 방법을 적용한 예시를 통해 방문 순서를 도출하는 과정을 다룬다. DFS는 스택을 사용하여 깊이 있게 탐색하며, 더 이상 갈 곳이 없을 때 백트래킹을 통해 이전 노드로 돌아간다. 반면 BFS는 큐를 사용하여 넓게 탐색하며, 인접한 노드를 차례로 방문한다. 

예시로 주어진 그래프에서 DFS를 통해 A, B, E, F, G, C, D의 순서로 방문하게 되며, BFS를 통해서는 A, B, C, D, E, F, G의 순서로 방문하게 된다. 이 과정에서 각 탐색 방법의 특징과 사용 조건을 명확히 이해하는 것이 중요하다.

- DFS는 스택을 사용하고, BFS는 큐를 사용한다.
- DFS는 깊이 있게 탐색하며 백트래킹을 수행한다.
- BFS는 인접 노드를 차례로 방문한다.
- 방문 순서는 탐색 방법에 따라 달라진다.

[tags] DFS, BFS
[lang] unknown","[""DFS"", ""BFS"",""Graph""]",algorithm,47
"[""java""]",https://www.youtube.com/watch?v=y4dWsmd7Gqg,"너비 우선 탐색(BFS)의 구현 방법에 대해 설명한다. BFS를 실행하기 위해서는 먼저 그래프의 정점과 간선을 정의해야 하며, 이를 위해 노드 클래스를 생성한다. 각 노드는 정수 값을 가지며, 인접한 노드들의 리스트를 포함한다. BFS의 핵심은 큐를 사용하여 탐색할 노드를 관리하고, 해시셋을 통해 이미 방문한 노드를 추적하는 것이다.

BFS의 구현 과정은 다음과 같다. 시작 노드를 큐에 추가하고, 큐가 비어있지 않은 동안 반복하여 노드를 방문한다. 현재 노드의 값이 목표 값과 일치하면 true를 반환하고, 그렇지 않으면 자식 노드를 확인하여 방문하지 않은 노드를 큐에 추가한다. 모든 노드를 탐색한 후에도 목표 노드를 찾지 못하면 false를 반환한다. 이 알고리즘은 최악의 경우 O(V + E)의 시간 복잡도를 가진다.

- 그래프의 정점과 간선 정의
- 노드 클래스 생성
- 큐와 해시셋 사용
- 탐색 과정: 시작 노드 추가 → 큐 반복 → 목표 노드 확인
- 시간 복잡도: O(V + E)

[tags] BFS
[lang] java","[""BFS"",""Graph""]",algorithm,48
"[""java""]",https://www.youtube.com/watch?v=kkDwvvzTAa8,"너비 우선 탐색(BFS) 알고리즘은 트리를 레벨별로 탐색하는 방법으로, 먼저 같은 레벨의 모든 노드를 방문한 후 다음 레벨로 이동한다. 이 알고리즘을 구현하기 위해, 먼저 트리 구조를 정의하고 각 노드의 값을 가져오거나 자식 노드를 추가하는 메서드를 만든다. BFS는 큐를 사용하여 탐색을 진행하며, 루트 노드부터 시작해 큐에 자식 노드를 추가하고, 큐가 비어있지 않은 동안 반복적으로 노드를 방문한다.

BFS의 주요 흐름은 다음과 같다. 루트 노드를 큐에 추가하고, 큐에서 노드를 하나씩 꺼내어 해당 노드의 값을 확인한다. 찾고자 하는 값이 아닐 경우, 그 노드의 자식 노드를 큐에 추가한다. 이 과정을 반복하여 원하는 값을 찾거나 큐가 비어질 때까지 진행한다. BFS는 모든 노드를 레벨별로 탐색하기 때문에, 깊이 우선 탐색(DFS)과는 다른 방식으로 동작한다.

- BFS는 큐를 사용하여 레벨별로 노드를 탐색한다.
- 각 노드는 자식 노드를 큐에 추가하여 다음 탐색을 준비한다.
- 탐색 중 찾고자 하는 값을 발견하면 즉시 종료한다.
- BFS는 트리 구조에서 효과적으로 사용된다.

[tags] BFS, Tree, Queue
[lang] java","[""BFS"", ""Tree"", ""Queue""]",algorithm,49
"[""java""]",https://www.youtube.com/watch?v=r3iW552f-kk,"이진 검색 트리를 구성하는 배열을 찾는 알고리즘은 주어진 트리 구조를 기반으로 가능한 모든 배열의 조합을 생성하는 방법을 설명합니다. 이진 검색 트리는 각 노드의 왼쪽 자식은 부모보다 작고, 오른쪽 자식은 부모보다 큰 특성을 가집니다. 알고리즘은 먼저 루트 노드를 고정하고, 그 후 왼쪽과 오른쪽 서브트리의 노드들을 순서에 맞게 배열하여 가능한 모든 조합을 생성합니다. 이 과정에서 각 서브트리의 경우의 수를 조합하여 최종 배열을 도출합니다.

- 루트 노드는 항상 첫 번째로 선택되어야 함.
- 왼쪽과 오른쪽 서브트리의 노드들은 서로의 순서에 영향을 미치지 않음.
- 각 서브트리에서 가능한 모든 조합을 생성하여 결과를 누적함.
- 선택의 기로에서 두 가지 경우를 모두 탐색하여 모든 배열을 찾음.
- 복잡도는 트리의 구조에 따라 다르며, 경우의 수가 기하급수적으로 증가할 수 있음.

[tags] 
[""Binary Search Tree"", ""Backtracking"", ""Recursion""]
[lang] unknown","[""Tree"",""Backtracking""]",algorithm,50
"[""cpp""]",https://www.youtube.com/watch?v=l0Rsu7dziws,"깊이 우선 탐색(DFS)은 그래프 탐색 알고리즘으로, 스택을 사용하여 각 노드를 탐색하는 방식입니다. DFS는 시작 노드를 스택에 넣고, 스택의 최상단 노드를 꺼내어 그 노드의 인접 노드 중 방문하지 않은 노드를 스택에 추가하며 탐색을 진행합니다. 만약 방문하지 않은 인접 노드가 없다면, 스택에서 노드를 제거하고 이전 노드로 돌아갑니다. 이 과정을 반복하여 모든 노드를 탐색하게 됩니다. DFS는 재귀 함수를 사용하여 구현할 수 있으며, 이는 내부적으로 스택 프레임을 활용하는 방식입니다.

DFS의 주요 특징은 다음과 같습니다:
- 스택을 사용하여 깊이 우선으로 탐색.
- 재귀 함수를 통해 간결하게 구현 가능.
- 그래프의 모든 노드를 방문할 수 있음.
- 너비 우선 탐색(BFS)과는 다른 탐색 순서.

[tags] DFS
[lang] unknown","[""DFS"",""Graph"",""Stack""]",algorithm,51
"[""java""]",https://www.youtube.com/watch?v=7Cox-J7onXw,"너비 우선 탐색(BFS)은 트리나 그래프 데이터 구조를 탐색하는 알고리즘으로, 깊이 우선 탐색(DFS)과 달리 한 번에 한 레벨씩 탐색한다. BFS는 큐를 사용하여 방문하지 않은 노드를 추가하고, 현재 노드의 인접한 이웃을 큐에 추가하는 방식으로 진행된다. 예를 들어, 노드 A에서 시작하여 인접한 노드 B와 D를 큐에 추가하고, 그 다음 레벨의 이웃 노드 C, E, G를 추가하는 식이다. 이 과정을 반복하여 모든 노드를 탐색한다.

BFS는 그래프의 레벨을 기준으로 탐색하므로, 목표 노드가 시작 노드와 가까운 경우에 유리하다. 반면, DFS는 스택을 사용하여 한 가지 경로를 끝까지 탐색한 후 다른 경로로 이동하는 방식이다. BFS와 DFS의 주요 차이점은 탐색 순서와 사용되는 자료구조에 있으며, 게임 개발에서는 DFS가 더 많이 사용된다.

- BFS는 큐를 사용하여 레벨 단위로 탐색한다.
- DFS는 스택을 사용하여 경로 단위로 탐색한다.
- BFS는 목표 노드가 가까울 때 유리하다.
- BFS는 형제 노드를 먼저 방문하고, DFS는 자식 노드를 먼저 방문한다.

[tags] BFS, 그래프 탐색, 큐, DFS
[lang] unknown","[""BFS"", ""Graph"", ""Queue"", ""Matrix""]",algorithm,52
"[""python"", ""cpp"", ""java"", ""c""]",https://www.youtube.com/watch?v=KoX1arfQA0Y,"너비 우선 탐색(BFS)은 그래프를 탐색하는 기법으로, 큐(Queue) 자료구조를 사용하여 구현된다. BFS는 시작 노드에서 인접한 노드를 차례로 방문하며, 각 레벨을 완전히 탐색한 후 다음 레벨로 이동하는 방식으로 진행된다. 이 과정에서 각 노드는 한 번만 방문하며, 큐의 앞에서 노드를 제거하고, 그 노드의 인접 노드를 큐의 뒤에 추가하는 방식으로 탐색이 이루어진다.

BFS의 주요 단계는 다음과 같다:
- 시작 노드를 큐에 삽입하고, 큐에서 노드를 제거하여 방문 리스트에 추가한다.
- 제거한 노드의 인접 노드를 큐에 추가한다.
- 이 과정을 큐가 비어있을 때까지 반복한다.

BFS의 시간 복잡도는 O(V + E)로, V는 정점의 수, E는 간선의 수를 나타낸다. 이 알고리즘은 그래프의 모든 노드를 레벨별로 탐색할 때 유용하다.

- BFS는 큐를 사용하여 구현된다.
- 각 노드는 한 번만 방문된다.
- 레벨 순서로 노드를 탐색한다.
- 시간 복잡도는 O(V + E)이다.

[tags] BFS, Queue
[lang] unknown","[""BFS"", ""Graph"" ,""Queue""]",algorithm,53
"[""python"", ""cpp"", ""java"", ""c""]",https://www.youtube.com/watch?v=_I401xw0irg,"너비 우선 탐색(BFS) 알고리즘은 그래프의 탐색 기법으로, 루트 노드에서 시작하여 인접한 노드를 차례로 방문하는 방식으로 작동한다. BFS는 큐 자료구조를 사용하여 방문한 노드와 미방문 노드를 관리하며, 모든 인접 노드를 탐색한 후 다음 노드로 이동한다. 이 과정은 원하는 노드를 찾을 때까지 반복된다. 예를 들어, 노드 A에서 시작하여 인접한 노드 B와 C를 큐에 추가하고, 이후 B를 방문한 후 D를, D에서 E를 방문하는 식으로 진행된다. 

BFS 알고리즘의 구현은 C 언어로 이루어지며, 2차원 배열을 사용하여 그래프를 표현하고, 방문 여부를 기록하는 배열을 활용한다. 사용자는 그래프의 정점 수와 인접 행렬을 입력하여 BFS를 실행하고, 특정 시작 노드에서 도달 가능한 모든 노드를 출력할 수 있다.

- BFS는 큐를 사용하여 노드를 관리한다.
- 인접 노드를 차례로 탐색하며, 모든 노드를 방문할 때까지 반복한다.
- C 언어로 구현되며, 2차원 배열을 사용하여 그래프를 표현한다.
- 사용자가 입력한 정점 수에 따라 동작한다.

[tags] BFS
[lang] c","[""BFS"",""Graph"",""Tree"",""Queue""]",algorithm,54
"[""cpp"",""java""]",https://www.youtube.com/watch?v=kmBJ7IJR_pQ,"너비 우선 탐색(BFS)은 그래프를 레벨별로 탐색하는 알고리즘으로, 주어진 노드에서 시작하여 인접한 노드를 차례로 방문하는 방식이다. BFS는 큐를 사용하여 현재 노드의 이웃을 저장하고, 방문한 노드는 다시 방문하지 않도록 관리한다. 이 알고리즘은 그래프의 모든 노드를 한 번씩 방문하며, 시간 복잡도는 O(N + E)로, 여기서 N은 노드의 수, E는 간선의 수를 의미한다. 공간 복잡도 또한 O(N + E)로, 방문 배열과 큐를 포함한다.

BFS의 기본 흐름은 다음과 같다:
- 시작 노드를 큐에 추가하고 방문 표시.
- 큐에서 노드를 꺼내고, 그 노드의 이웃을 확인.
- 이웃 중 방문하지 않은 노드를 큐에 추가하고 방문 표시.
- 큐가 비어질 때까지 이 과정을 반복.

BFS는 다양한 문제에 적용 가능하며, 기본적인 BFS 코드를 수정하여 다양한 문제를 해결할 수 있다.

[tags] BFS
[lang] unknown","[""BFS"",""Graph"",""Queue""]",algorithm,55
"[""python"", ""cpp"", ""java"", ""c""]",https://www.youtube.com/watch?v=IWc2NU1yrik,"그래프의 탐색 알고리즘인 BFS와 DFS를 사용하여 연결되지 않은 그래프를 탐색하는 방법에 대해 설명한다. 연결되지 않은 그래프는 여러 개의 컴포넌트로 나뉘어 있으며, 각 컴포넌트는 서로 연결되어 있지 않다. 이 문제를 해결하기 위해서는 각 노드를 방문했는지 확인하고, 방문하지 않은 노드에서 BFS 또는 DFS를 시작해야 한다. 이를 통해 모든 노드를 탐색할 수 있다.

주요 포인트는 다음과 같다:
- BFS와 DFS는 시작 노드에서 연결된 모든 노드를 탐색한다.
- 연결되지 않은 그래프에서는 각 컴포넌트의 시작 노드를 반복적으로 선택해야 한다.
- 방문 여부를 체크하여 이미 방문한 노드는 건너뛰고, 방문하지 않은 노드에서 탐색을 시작한다.
- 코드에서의 변경은 시작 노드를 하드코딩하는 대신 반복문을 사용하여 동적으로 설정하는 것이다.

[tags] BFS, DFS
[lang] unknown","[""BFS"", ""DFS"", ""Graph""]",algorithm,56
['java'],https://www.youtube.com/watch?v=Z27rnUEO1R0,"깊이 우선 탐색(DFS)은 스택 구조를 기반으로 하여 데이터를 탐색하는 방법으로, 가능한 한 깊게 탐색한 후 더 이상 진행할 수 없을 때 돌아와서 다른 경로를 탐색하는 방식이다. 이 알고리즘은 그래프나 트리 구조에서 사용되며, 미로 탈출 문제와 같은 다양한 문제를 해결하는 데 활용된다. DFS는 재귀적으로 구현할 수 있으며, 방문한 경로를 기록하고, 벽이나 이미 방문한 경로를 피하는 방식으로 진행된다.

DFS의 주요 특징은 다음과 같다:
- 후입 선출(LIFO) 방식으로 탐색.
- 깊게 들어가다가 막히면 돌아와서 다른 경로 탐색.
- 그래프의 정점과 간선으로 표현된 데이터 구조에서 사용.
- 미로와 같은 문제에서 출발점(S)에서 도착점(E)까지의 경로를 찾는 데 유용.

[tags] DFS, 그래프, 재귀
[lang] unknown","[""DFS"", ""Graph"", ""Stack"", ""Backtracking"", ""Matrix"", ""Simulation""]",algorithm,57
['c'],https://www.youtube.com/watch?v=RNU2j-l6mCM,"DFS(Depth-First Search) 알고리즘은 문제 해결에 필수적인 기법으로, 주사위를 n번 던져 나올 수 있는 모든 경우를 출력하는 문제를 통해 설명된다. 주사위의 각 면(1~6)을 깊이 우선 탐색 방식으로 탐색하며, 입력값 n에 따라 재귀적으로 DFS를 호출하여 모든 조합을 생성한다. 이 과정에서 깊이(Depth)는 재귀 호출의 깊이를 나타내며, 각 호출에서 1부터 6까지의 숫자를 나열하는 방식으로 진행된다. DFS를 사용하지 않으면 중첩된 반복문을 사용해야 하므로 비효율적이다.

DFS는 그래프 문제에서도 유용하게 사용되며, 방문한 노드를 기록하여 중복 방문을 방지하는 것이 중요하다. 이 알고리즘은 스택을 활용하여 구현되며, 각 노드에서 연결된 노드를 탐색하는 방식으로 진행된다. DFS의 시간 복잡도는 O(V + E)로, V는 정점의 수, E는 간선의 수를 의미한다.

- DFS는 재귀 호출을 통해 깊이 우선 탐색을 수행한다.
- 주사위 문제는 n에 따라 조합의 수가 증가한다.
- 그래프 문제에서도 DFS를 활용하여 연결된 노드를 탐색한다.
- 방문한 노드를 기록하여 중복 방문을 방지해야 한다.

[tags] DFS, 그래프
[lang] unknown","[""DFS"", ""Graph""]",algorithm,58
"[""java""]",https://www.youtube.com/watch?v=sN8IVvzF3zI,"주어진 문제는 1부터 n까지의 수를 이어서 썼을 때, 그 수의 자릿수를 구하는 것입니다. 이 문제를 해결하기 위해서는 각 자릿수 범위에 따라 수의 개수를 계산하고, 각 범위의 자릿수를 곱하여 총합을 구하는 방식으로 접근합니다. 예를 들어, 1부터 9까지는 9개의 수가 1자리, 10부터 99까지는 90개의 수가 2자리, 100부터 n까지는 3자리로 계산하여 자릿수를 합산합니다. 이 과정에서 n의 범위에 따라 반복문을 사용하여 효율적으로 계산할 수 있습니다.

- 1부터 n까지의 수를 이어서 썼을 때 자릿수 계산
- 자릿수 범위에 따라 수의 개수와 자릿수 곱하기
- 반복문을 통해 효율적으로 계산
- 시간 복잡도는 O(log n)으로 빠름

[tags] 
[""Math"", ""Loop"", ""Counting""]
[lang] java","[""Math"",""Brute Force""]",algorithm,59
"[""java""]",https://www.youtube.com/watch?v=9Oev6UgLhiI,"너비 우선 탐색(BFS) 알고리즘은 그래프의 모든 정점과 간선을 한 번씩 방문하는 방법으로, 시작 정점을 선택한 후 그 정점의 이웃을 먼저 탐색하고, 다음 깊이의 정점으로 이동하는 방식으로 진행된다. BFS는 정점을 '방문한' 것과 '방문하지 않은' 것으로 구분하여, 각 정점을 한 번만 방문하도록 설계되어 있다. 이 알고리즘은 큐를 사용하여 구현되며, 정점이 발견되면 큐에 추가되고, 큐가 비어질 때까지 이 과정을 반복한다.

BFS 구현 시 주의할 점은 사이클이 있는 그래프에서 무한 루프에 빠지지 않도록 방문하지 않은 정점만 큐에 추가해야 한다는 것이다. 이를 통해 그래프의 모든 정점을 올바른 순서로 탐색할 수 있다. BFS는 일반적으로 그래프의 최단 경로를 찾거나, 연결 요소를 탐색하는 데 유용하다.

- BFS는 시작 정점에서 이웃 정점으로 탐색을 진행한다.
- 큐를 사용하여 정점을 관리하며, 방문한 정점은 다시 큐에 추가하지 않는다.
- 사이클이 있는 그래프에서는 무한 루프를 방지하기 위해 방문 여부를 체크해야 한다.

[tags] BFS
[lang] unknown","[""BFS""]",algorithm,60
"[""cpp""]",https://www.youtube.com/watch?v=cDS5ZTeANZM,"너비 우선 탐색(BFS) 알고리즘은 그래프 탐색 기법으로, 주어진 정점에서 시작하여 현재 깊이의 모든 이웃을 탐색한 후 다음 깊이로 이동하는 방식으로 작동한다. 이 알고리즘은 주로 비가중 그래프나 트리에서 목표 노드에 도달하기 위한 최단 경로를 찾는 데 사용된다. 예를 들어, n개의 정점과 m개의 간선을 가진 비가중 그래프에서 출발 정점에서 목표 정점까지의 최단 경로를 찾기 위해 BFS를 적용할 수 있다. 이 과정에서 방문한 정점과 출발 정점으로부터의 거리를 추적하기 위해 두 개의 배열(visited, distance)을 사용하고, 큐 자료구조를 활용하여 구현한다.

BFS 알고리즘의 시간 복잡도는 O(m + n)으로, 이는 각 정점과 간선을 최대 한 번씩 방문하기 때문이다. 작은 입력에 대해서는 효과적이지만, 큰 입력에 대해서는 비현실적일 수 있다. BFS는 강력한 그래프 탐색 알고리즘으로, 비가중 그래프에서 최단 경로를 찾는 데 유용하다.

- BFS는 그래프의 모든 이웃을 탐색한다.
- 큐 자료구조를 사용하여 구현한다.
- 시간 복잡도는 O(m + n)이다.
- 비가중 그래프에서 최단 경로를 찾는 데 적합하다.
- 큰 입력에 대해서는 비효율적일 수 있다.

[tags] BFS, 그래프 탐색, 큐
[lang] cpp","[""BFS"", ""Graph"", ""Queue"", ""Shortest Path""]",algorithm,61
"[""python"", ""cpp"", ""java"", ""c""]",https://www.youtube.com/watch?v=aFpHhmMl9hg,"너비 우선 탐색(BFS)은 목표에 도달하기 위해 정보를 사용하지 않고 노드를 하나씩 탐색하는 비정보 탐색 알고리즘이다. 이 방법은 모든 노드를 순차적으로 방문하며, 각 노드의 자식 노드를 큐에 추가하여 탐색을 진행한다. BFS는 구현이 간단하지만, 메모리 효율성이 떨어지고 대규모 탐색 공간에서는 시간이 많이 소요될 수 있다. 

BFS의 기본 흐름은 다음과 같다:
- 시작 노드에서 시작하여 너비 방향으로 탐색.
- 큐를 사용하여 방문할 노드를 관리하고, FIFO(선입선출) 방식으로 노드를 처리.
- 목표 노드에 도달할 때까지 모든 자식 노드를 탐색.

BFS는 최적의 경로를 보장하지 않지만, 단순한 구조로 인해 많은 경우에 유용하게 사용된다.

- BFS는 비정보 탐색 알고리즘이다.
- 큐를 사용하여 노드를 관리한다.
- 메모리와 시간 효율성이 낮다.
- 구현이 간단하다.

[tags] BFS
[lang] unknown","[""BFS""]",algorithm,62
"[""python""]",https://www.youtube.com/watch?v=naZB_PZ1lb0,"BFS(너비 우선 탐색)는 방향성이 없는 그래프에서 출발 노드에서 도착 노드까지의 최소 간선 수를 찾는 전형적인 알고리즘입니다. 이 문제는 인접 리스트를 사용하여 그래프를 표현하고, 큐를 통해 탐색을 진행합니다. 초기에는 방문 배열과 큐를 설정하고, 시작 노드를 큐에 추가한 후, 큐가 비어있지 않은 동안 반복적으로 노드를 꺼내어 연결된 노드를 탐색합니다. 방문하지 않은 노드는 큐에 추가하고 방문 표시를 하며, 도착 노드에 도달하면 경과한 간선 수를 반환합니다. 만약 도착 노드에 도달하지 못하면 0을 반환합니다.

- BFS는 그래프 탐색에 적합하며, 최단 경로 문제에 자주 사용된다.
- 인접 리스트를 통해 그래프를 효율적으로 표현할 수 있다.
- 큐를 사용하여 탐색 순서를 관리하며, 방문 배열로 중복 방문을 방지한다.
- 복잡한 문제에서도 기본적인 BFS 구조를 유지하며 변형하여 사용할 수 있다.

[tags] BFS
[lang] unknown","[""BFS""]",algorithm,63
"[""c""]",https://www.youtube.com/watch?v=wNOwQmIlSXI,"너비 우선 탐색(BFS) 알고리즘은 그래프의 모든 노드를 최소 한 번 방문하는 방법으로, 큐를 사용하여 구현된다. BFS는 시작 노드에서 인접한 노드를 큐에 추가하고, 큐에서 노드를 꺼내어 그 노드의 인접 노드를 방문하는 과정을 반복한다. 이 과정은 모든 노드가 방문될 때까지 계속된다. 예를 들어, 그래프의 시작 노드를 A로 설정하면, A의 인접 노드인 B, D, E를 큐에 추가하고, 이후 각 노드를 차례로 방문하며 인접 노드를 큐에 추가하는 방식으로 진행된다.

BFS의 주요 특징은 다음과 같다:
- 큐를 사용하여 노드를 관리한다.
- 시작 노드는 임의로 선택할 수 있다.
- 모든 노드를 방문할 때까지 반복한다.
- 가중치가 없는 그래프에서 최소 신장 트리를 형성할 수 있다.

[tags] BFS
[lang] unknown","[""BFS""]",algorithm,64
"[""python"", ""cpp"", ""java"", ""c""]",https://www.youtube.com/watch?v=oDqjPvD54Ss,"너비 우선 탐색(BFS) 알고리즘은 그래프의 노드와 엣지를 탐색하는 기본적인 방법으로, 주로 최단 경로를 찾는 데 유용하다. BFS는 시작 노드에서 인접한 노드들을 먼저 방문하고, 그 다음 레벨의 노드들을 탐색하는 방식으로 진행된다. 이 과정에서 큐 자료구조를 사용하여 방문할 노드를 관리하며, 시간 복잡도는 O(V + E)로, V는 정점의 수, E는 엣지의 수를 나타낸다.

BFS의 구현은 두 가지 주요 단계로 나뉜다. 첫 번째는 탐색을 수행하는 solve 메서드로, 큐를 초기화하고 시작 노드를 추가한 후, 인접 리스트를 통해 방문하지 않은 노드를 큐에 추가하며 부모 노드를 기록한다. 두 번째는 reconstruct path 메서드로, prev 배열을 사용하여 시작 노드에서 끝 노드까지의 경로를 재구성한다. 이때, 그래프가 분리되어 있을 경우 경로가 존재하지 않을 수 있으므로 이를 확인해야 한다.

- BFS는 그래프의 최단 경로를 찾는 데 적합하다.
- 큐를 사용하여 탐색할 노드를 관리한다.
- 시간 복잡도는 O(V + E)이다.
- 경로 재구성을 위해 prev 배열을 사용한다.
- 그래프가 분리된 경우 경로가 없을 수 있다.

[tags] BFS
[lang] unknown","[""BFS""]",algorithm,65
"[""python"", ""cpp"", ""java"", ""c""]",https://www.youtube.com/watch?v=gK8ap1-5Eio,"너비 우선 탐색(BFS) 알고리즘은 그래프와 트리 구조에서 경로를 찾는 데 사용된다. BFS는 시작 노드에서 인접한 노드를 차례로 방문하며, 각 노드를 방문할 때마다 해당 노드를 '방문한' 것으로 표시하여 중복 방문을 방지한다. 이 과정에서 목적지 노드에 도달하면 경로를 찾은 것으로 간주하며, BFS는 모든 노드를 탐색할 수 있는 구조를 갖추고 있다. BFS의 시간 복잡도는 O(V + E)로, 여기서 V는 정점의 수, E는 간선의 수를 의미하며, 공간 복잡도는 O(V)이다. BFS는 가중치가 없는 그래프에서 최단 경로를 찾는 데 유용하다.

- BFS는 그래프와 트리 구조에서 사용된다.
- 방문한 노드는 다시 방문하지 않도록 표시한다.
- 시간 복잡도는 O(V + E), 공간 복잡도는 O(V)이다.
- 가중치가 없는 경우 최단 경로를 찾는다.

[tags] BFS
[lang] unknown","[""BFS"", ""Graph"", ""Queue"", ""Shortest Path""]",algorithm,66
"[""cpp""]",https://www.youtube.com/watch?v=-B76_z-WWNg,"너비 우선 탐색(BFS)은 그래프의 최단 경로를 찾기 위한 알고리즘으로, 큐를 사용하여 구현된다. 시작 노드 S에서 시작하여, 큐에 S를 추가하고, 큐가 비어있지 않은 동안 반복적으로 노드를 팝하여 그 이웃 노드들을 큐에 추가한다. 이 과정에서 각 노드의 거리를 기록하는 배열과 방문 여부를 기록하는 배열을 유지한다. 

BFS는 FIFO(선입선출) 방식으로 작동하며, 각 노드의 이웃을 탐색할 때마다 거리를 업데이트한다. 모든 노드를 방문한 후, 큐가 비어있게 되면 최단 경로 정보를 출력할 수 있다. 이 알고리즘은 그래프의 모든 노드를 한 번씩 방문하므로 시간 복잡도는 O(V + E)이다.

- BFS는 큐를 사용하여 구현된다.
- 각 노드의 이웃을 탐색하며 거리를 기록한다.
- 모든 노드를 한 번씩 방문하므로 효율적이다.
- 최단 경로를 찾는 데 유용하다.

[tags] BFS
[lang] c++","[""BFS"", ""Graph"", ""Queue"", ""Shortest Path""]",algorithm,67
"[""python"", ""cpp"", ""java"", ""c""]",https://www.youtube.com/watch?v=-2CI8oUbjO8,"BFS(너비 우선 탐색) 알고리즘은 그래프를 탐색하는 방법으로, 시작 노드에서 인접한 노드를 먼저 방문한 후, 그 노드와 연결된 노드를 차례로 방문하는 방식이다. 이 알고리즘은 DFS(깊이 우선 탐색)와 달리 깊이보다는 너비를 우선으로 탐색한다. BFS를 수행하기 위해서는 먼저 시작 노드를 선택하고, 그 노드와 연결된 모든 인접 노드를 방문한 후, 방문한 노드의 인접 노드를 계속해서 탐색한다. 이 과정을 반복하여 모든 노드를 방문할 때까지 진행한다.

BFS는 그래프가 연결되어 있는지 확인하거나, 두 노드 간의 최단 경로를 찾는 데 유용하다. 또한, 그래프의 연결성을 판단하는 데에도 사용될 수 있다. BFS의 시간 복잡도는 O(V + E)로, V는 정점의 수, E는 간선의 수를 나타낸다.

- BFS는 시작 노드에서 인접 노드를 우선 방문한다.
- 모든 인접 노드를 방문한 후, 다음 단계로 진행한다.
- 그래프의 연결성 및 최단 경로 탐색에 유용하다.
- 시간 복잡도는 O(V + E)이다.

[tags] BFS
[lang] unknown","[""BFS""]",algorithm,68
['java'],https://www.youtube.com/watch?v=9aas7w8d6ek,"팩토리얼을 구하는 방법에는 반복문을 사용하는 방법과 재귀 함수를 사용하는 방법이 있다. 반복문을 이용한 팩토리얼 함수는 주어진 정수 n에 대해 1부터 n까지의 곱을 계산하여 결과를 반환한다. 이때, 초기값을 1로 설정하고, n까지 반복하여 곱하는 방식으로 구현된다. 반면, 재귀 함수를 이용한 팩토리얼 함수는 함수 내에서 자신을 호출하여 n이 1 또는 0일 때 1을 반환하고, 그 외의 경우 n과 n-1의 팩토리얼을 곱하여 반환하는 방식으로 동작한다. 

재귀 함수는 특히 트리 구조 탐색과 같은 문제에서 유용하게 사용되며, 일반적인 계산에서는 반복문이 더 효율적일 수 있다. 팩토리얼을 구하는 두 가지 방법을 통해 재귀 호출의 개념과 기본적인 함수 작성법을 학습할 수 있다.

- 팩토리얼은 n! = n × (n-1)!로 정의된다.
- 반복문을 사용한 팩토리얼 함수는 성능이 더 좋을 수 있다.
- 재귀 함수는 함수 내에서 자신을 호출하는 방식으로 구현된다.
- 0!과 1!은 1로 정의된다.
- 재귀 호출은 트리 구조 탐색에 유리하다.

[tags] 재귀, 팩토리얼, 반복문
[lang] unknown","[""Recursion"", ""Math""]",algorithm,69
"[""c""]",https://www.youtube.com/watch?v=llVuUGySRwg,"BFS(너비 우선 탐색)는 그래프나 트리의 값을 탐색하는 알고리즘으로, 시작 노드에서 인접한 노드를 먼저 방문한 후 다음 레벨로 이동하는 방식으로 작동한다. 그래프는 정점(버텍스)과 간선(엣지)으로 구성되며, 방향성이 있는 그래프와 없는 그래프로 나뉜다. BFS는 큐(Queue) 자료구조를 사용하여 탐색을 진행하며, 각 노드의 방문 상태를 관리하여 이미 방문한 노드는 다시 방문하지 않도록 한다.

BFS의 기본 흐름은 다음과 같다:
1. 시작 노드를 큐에 추가하고 방문 상태를 업데이트한다.
2. 큐에서 노드를 꺼내어 결과 배열에 추가하고, 해당 노드의 인접 노드를 큐에 추가한다.
3. 큐가 비어질 때까지 이 과정을 반복한다.

BFS는 그래프의 모든 노드를 탐색할 수 있으며, 최악의 경우 시간 복잡도는 O(V + E)로, V는 정점의 수, E는 간선의 수를 의미한다.

- BFS는 그래프 탐색에 유용하다.
- 큐를 사용하여 탐색 순서를 관리한다.
- 인접 행렬을 통해 그래프의 구조를 표현할 수 있다.
- 방문 상태를 관리하여 중복 방문을 방지한다.

[tags] BFS, Queue, Graph
[lang] unknown","[""BFS"", ""Implementation""]",algorithm,70
"[""python""]",https://www.youtube.com/watch?v=dcTbmpvHf7g,"깊이 우선 탐색(DFS)은 그래프의 각 노드를 방문하는 알고리즘으로, 방문 여부를 체크하기 위해 `Visited` 배열을 사용한다. 이 배열은 노드의 인덱스가 0부터 시작하기 때문에, 노드 수보다 하나 더 큰 크기로 설정하여 인덱스와 노드 번호를 맞춘다. DFS 함수는 현재 노드를 인자로 받아 방문 체크 후 출력하고, 인접한 노드 중 방문하지 않은 노드에 대해 재귀적으로 DFS를 호출한다. 이 과정을 통해 모든 연결된 노드를 탐색하게 된다.

DFS의 흐름은 다음과 같다:
1. 현재 노드를 방문 체크하고 출력한다.
2. 인접한 노드 중 방문하지 않은 노드에 대해 DFS를 호출한다.
3. 모든 인접 노드가 방문 완료되면 함수가 종료된다.

이 알고리즘은 그래프의 모든 노드를 한 번씩 방문하므로, 시간 복잡도는 O(V + E)로, V는 노드 수, E는 간선 수를 의미한다.

- `Visited` 배열은 노드의 방문 여부를 체크한다.
- DFS는 재귀적으로 호출되어 인접 노드를 탐색한다.
- 모든 노드를 한 번씩 방문하는 방식으로 작동한다.

[tags] DFS
[lang] unknown","[""DFS""]",algorithm,71
"[""cpp""]",https://www.youtube.com/watch?v=9hdhpMVPSwM,"주어진 문제는 카카오 아이디 규칙에 맞지 않는 아이디를 입력받아, 규칙에 맞는 아이디를 추천하는 것입니다. 아이디는 3자 이상 15자 이하로, 알파벳 소문자, 숫자, 빼기, 밑줄, 마침표만 허용되며, 마침표는 처음과 끝에 위치할 수 없습니다. 이 문제는 7단계로 나뉘어 있으며, 각 단계에서 특정 규칙을 적용하여 최종 아이디를 생성합니다. 

1단계에서는 대문자를 소문자로 변환하고, 2단계에서는 허용되지 않는 문자를 제거합니다. 3단계에서는 연속된 마침표를 하나로 치환하고, 4단계에서는 처음과 끝의 마침표를 제거합니다. 5단계에서는 빈 문자열일 경우 'a'를 대입하고, 6단계에서는 길이가 16자 이상일 경우 15자로 잘라내며, 마지막으로 7단계에서는 길이가 2자 이하일 경우 마지막 문자를 반복하여 3자로 만듭니다. 이 문제는 정규표현식을 사용하지 않는 방법과 사용하는 방법 두 가지로 해결할 수 있습니다.

- 아이디 길이: 3자 이상 15자 이하
- 허용 문자: 소문자, 숫자, -, _, .
- 마침표 처리: 연속된 마침표는 하나로, 처음과 끝의 마침표 제거
- 빈 문자열 처리: 'a' 대입
- 길이 조정: 16자 이상 잘라내기, 2자 이하 반복

[tags] 
[lang] unknown","[""String"",""Simulation""]",algorithm,72
"[""cpp""]",https://www.youtube.com/watch?v=v78tWnjklio,"너비 우선 탐색(BFS)은 그래프 알고리즘의 기본적인 방법으로, 특정 시작 노드에서 시작하여 인접한 모든 노드를 탐색한 후, 그 노드들과 연결된 노드를 차례로 탐색하는 방식이다. 이 알고리즘은 그래프의 모든 노드를 방문하기 위해 큐를 사용하며, 각 노드가 방문되었는지를 추적하기 위해 불리언 배열을 활용한다. BFS는 웹 페이지 순위 매기기와 같은 다양한 실제 응용 프로그램에서 사용될 수 있다.

BFS의 구현 과정은 다음과 같다. 먼저, 그래프의 정점 수와 인접 리스트를 초기화하고, 간선을 추가하는 메서드를 정의한다. BFS 알고리즘은 시작 노드를 큐에 추가하고, 큐가 비어있지 않은 동안 반복하여 노드를 탐색한다. 각 노드의 인접 노드를 확인하고, 방문하지 않은 노드를 큐에 추가하며, 방문 상태를 업데이트한다. 이 과정을 통해 그래프의 모든 노드를 탐색할 수 있다.

- BFS는 그래프의 모든 노드를 탐색하는 데 유용하다.
- 큐를 사용하여 탐색 순서를 관리한다.
- 방문 여부를 추적하기 위해 불리언 배열을 사용한다.
- 다양한 그래프 문제에 적용 가능하다.

[tags] BFS, 그래프 탐색
[lang] cpp","[""BFS"", ""Graph"", ""Queue""]",algorithm,73
"[""cpp"",""java""]",https://www.youtube.com/watch?v=-tgVpUgsQ5k,"BFS(너비 우선 탐색)는 그래프를 레벨별로 탐색하는 기법으로, 주어진 시작 노드에서 시작하여 인접한 노드를 차례로 방문하는 방식이다. BFS는 큐 자료구조를 사용하여 구현되며, 방문한 노드를 기록하기 위해 방문 배열을 사용한다. 탐색은 시작 노드를 큐에 추가하고, 큐에서 노드를 꺼내어 그 노드의 이웃 노드를 큐에 추가하는 방식으로 진행된다. 이 과정은 큐가 비어있지 않을 때까지 반복된다.

BFS의 시간 복잡도는 O(V + E)로, V는 노드의 수, E는 간선의 수를 의미한다. 공간 복잡도 또한 O(V)로, 큐와 방문 배열을 포함한다. BFS는 그래프의 구조에 따라 탐색 순서가 달라질 수 있으며, 시작 노드에 따라 결과가 달라질 수 있다는 점이 중요하다.

- BFS는 레벨별 탐색을 수행한다.
- 큐와 방문 배열을 사용하여 구현된다.
- 시간 복잡도는 O(V + E), 공간 복잡도는 O(V)이다.
- 시작 노드에 따라 탐색 결과가 달라질 수 있다.

[tags] BFS, Queue, Graph Traversal
[lang] unknown","[""BFS"", ""Queue"", ""Graph"",""Vector""]",algorithm,74
"[""python"", ""cpp"", ""java"", ""c""]",https://www.youtube.com/watch?v=KiCBXu4P-2Y,"너비 우선 탐색(BFS)을 사용하여 그리드에서 최단 경로를 찾는 방법에 대해 설명한다. 그리드는 암묵적인 그래프 형태로, 각 셀의 이웃을 쉽게 파악할 수 있다. BFS를 통해 시작 노드에서 종료 노드까지의 경로를 탐색하며, 이 과정에서 방향 벡터를 사용하여 인접한 셀을 효율적으로 방문한다. 그리드를 인접 리스트나 인접 행렬로 변환하는 방법도 설명하지만, 그리드의 구조적 특성 덕분에 이러한 변환 없이도 BFS를 수행할 수 있다.

BFS를 통해 던전 문제를 해결하는 과정에서는 시작 셀에서 인접한 셀을 큐에 추가하고, 방문한 셀을 기록하여 중복 방문을 방지한다. 최단 경로를 찾기 위해 각 레이어의 노드를 탐색하며, 이동 횟수를 세어 종료 노드에 도달했는지 확인한다. 이 과정에서 다차원 좌표를 처리하기 위한 큐의 대안적 사용법도 소개된다.

- BFS를 사용하여 최단 경로 탐색
- 방향 벡터를 통한 인접 셀 방문
- 그리드의 인접 리스트/행렬 변환
- 다차원 좌표를 위한 큐 사용법
- 방문 기록을 통한 중복 방지

[tags] BFS, 그래프 이론, 그리드, 최단 경로
[lang] unknown","[""BFS"", ""Shortest Path""]",algorithm,75
"[""cpp""]",https://www.youtube.com/watch?v=-roXotLkUOw,"그래프를 메모리에서 표현하기 위해 인접 리스트를 사용하여 각 정점과 연결된 정점들을 저장하는 방법을 설명한다. 인접 리스트는 각 정점에 대해 연결된 정점들의 리스트를 유지하는 구조로, C++의 벡터를 활용하여 구현할 수 있다. 사용자는 그래프의 정점 수와 간선 수를 입력하고, 각 간선의 두 정점의 정보를 입력하여 인접 리스트를 구성한다. 이후 BFS(너비 우선 탐색)를 수행하기 위해 큐를 사용하고, 각 정점의 탐색 상태를 기록하는 벡터를 활용하여 탐색 순서를 결정한다.

- 인접 리스트는 각 정점에 대한 연결 정보를 저장하는 효율적인 방법이다.
- BFS는 큐를 사용하여 정점을 탐색하며, FIFO(선입선출) 방식으로 진행된다.
- 각 정점의 탐색 상태를 관리하기 위해 상태 벡터를 사용한다.
- BFS의 탐색 순서는 큐에서 정점을 제거하는 순서에 따라 결정된다.

[tags] BFS, 그래프, 인접 리스트
[lang] cpp","[""BFS"", ""Graph"", ""Queue""]",algorithm,76
"[""cpp""]",https://www.youtube.com/watch?v=J06Y4XKPQD8,"BFS(너비 우선 탐색) 알고리즘은 그래프의 모든 노드를 레벨별로 탐색하는 방법이다. 이 알고리즘은 큐를 사용하여 현재 레벨의 노드를 저장하고, 각 노드에 연결된 노드를 방문하면서 진행된다. 입력으로는 노드 수와 간선 수, 그리고 각 노드 간의 연결 정보를 받으며, 이를 통해 인접 행렬을 구성한다. BFS는 가중치에 상관없이 레벨 단위로 탐색하므로, 각 노드가 방문되었는지 여부를 확인하기 위해 불리언 배열을 사용한다.

BFS의 주요 흐름은 다음과 같다:
- 큐에 시작 노드를 추가하고 방문 표시.
- 큐가 비어있지 않은 동안 반복하며, 현재 레벨의 노드를 처리.
- 각 노드에 연결된 노드를 확인하고, 방문하지 않은 노드를 큐에 추가.
- 레벨을 증가시키며 탐색을 계속 진행.

이 알고리즘은 그래프의 구조에 따라 다르게 동작할 수 있으며, 시간 복잡도는 O(V + E)로, V는 노드 수, E는 간선 수를 의미한다.

- BFS는 레벨 단위로 탐색한다.
- 큐를 사용하여 현재 레벨의 노드를 관리한다.
- 방문 여부를 체크하기 위해 불리언 배열을 사용한다.
- 가중치가 없는 그래프에서 효과적이다.
- 시간 복잡도는 O(V + E)이다.

[tags] BFS
[lang] unknown","[""BFS"", ""Graph"", ""Queue""]",algorithm,77
"[""cpp""]",https://www.youtube.com/watch?v=rmPm2SbKJ5E,"너무 많은 정보를 담고 있는 이 강의에서는 너비 우선 탐색(BFS)에 대해 설명하고 있다. BFS는 그래프의 모든 노드를 레벨별로 탐색하는 알고리즘으로, 시작 노드에서 인접한 노드를 먼저 방문한 후, 그 노드의 자식 노드를 탐색하는 방식으로 진행된다. 이 과정에서 큐를 사용하여 방문할 노드를 관리하며, FIFO(선입선출) 방식으로 노드를 처리한다. BFS는 주로 최단 경로 문제나 그래프의 연결 요소를 찾는 데 사용된다.

BFS의 구현은 다음과 같은 단계로 이루어진다:
- 시작 노드를 큐에 추가하고 방문 표시.
- 큐가 비어있지 않은 동안 반복하여 큐에서 노드를 꺼내고 출력.
- 꺼낸 노드의 자식 노드를 큐에 추가하고 방문 표시.

이 알고리즘은 시간 복잡도가 O(V + E)로, V는 노드의 수, E는 간선의 수를 나타낸다.

- BFS는 레벨 탐색 방식이다.
- 큐를 사용하여 노드를 관리한다.
- 그래프의 모든 노드를 탐색할 수 있다.
- 시간 복잡도는 O(V + E)이다.

[tags] BFS, Queue, Graph
[lang] unknown","[""BFS"", ""Queue"", ""Graph""]",algorithm,78
"[""python"", ""cpp"", ""java"", ""c""]",https://www.youtube.com/watch?v=nEj2ROx5v_E,"너비 우선 탐색(BFS) 알고리즘은 그래프나 트리 구조를 탐색하는 방법으로, 1945년에 발명되었고 1959년에 재발명되었습니다. 이 알고리즘은 임의의 정점에서 시작하여 인접한 정점들을 먼저 탐색한 후 다음 레벨의 정점으로 이동합니다. BFS는 큐 자료구조를 사용하여 정점을 저장하며, 이는 인접한 정점을 모두 탐색한 후 다음 정점으로 넘어가는 방식에 기여합니다. 이 알고리즘의 최악의 경우 성능은 O(V + E)로, 정점의 수와 간선의 수의 합에 비례합니다.

BFS의 과정은 두 부분으로 나뉘며, 첫 번째는 초기화 단계로 모든 마크를 지우고 시작 정점을 큐에 추가하는 것입니다. 두 번째는 큐가 비어있지 않은 동안 반복적으로 정점을 큐에서 꺼내고 마크한 후, 인접한 미방문 정점을 큐에 추가하는 반복문입니다. 이 과정을 통해 모든 정점을 방문하고 마크하게 됩니다.

- BFS는 큐를 사용하여 인접 정점을 먼저 탐색
- 최악의 경우 시간 복잡도는 O(V + E)
- 모든 정점을 방문하고 마크하여 무한 루프 방지

[tags] BFS
[lang] unknown","[""BFS"", ""Tree"", ""Graph""]]",algorithm,79
"[""cpp""]",https://www.youtube.com/watch?v=G32BB0P9vSo,"BFS(너비 우선 탐색) 알고리즘을 사용하여 그래프에서 출발 정점(source vertex)으로부터 모든 다른 정점까지의 최단 거리와 최단 경로를 찾는 방법을 설명한다. 이 알고리즘은 방향 그래프와 비방향 그래프 모두에 적용 가능하며, 인접 리스트를 사용하여 그래프를 표현한다. BFS를 수행하기 위해 큐를 사용하고, 각 정점의 방문 여부를 추적하기 위해 visited 배열과 최단 거리를 저장하기 위한 distance 배열, 그리고 경로를 추적하기 위한 parent 배열을 사용한다.

BFS의 과정은 큐에서 정점을 꺼내고, 그 정점의 이웃 정점들을 방문하면서 거리를 업데이트하고 부모를 설정하는 방식으로 진행된다. 최단 경로를 찾기 위해서는 도착 정점에서 출발 정점까지 부모 배열을 역추적하여 경로를 구성한 후, 이를 출력한다. 이 알고리즘의 시간 복잡도는 O(V + E)로, V는 정점의 수, E는 간선의 수이다.

- BFS는 최단 경로 탐색에 적합하다.
- 인접 리스트를 사용하여 그래프를 표현한다.
- visited, distance, parent 배열을 사용하여 상태를 관리한다.
- 최단 경로는 parent 배열을 통해 역추적하여 찾는다.
- 시간 복잡도는 O(V + E)이다.

[tags] BFS
[lang] unknown","[""BFS"", ""Shortest Path""]",algorithm,80
"[""cpp""]",https://www.youtube.com/watch?v=8mCHHludkjg,"너비 우선 탐색(BFS)은 그래프를 탐색하는 알고리즘으로, 주어진 그래프의 인접 리스트를 사용하여 구현할 수 있다. 이 강의에서는 C++를 사용하여 절차적 방식으로 BFS를 구현하는 방법을 설명한다. 그래프의 정점 수를 설정하고, 각 정점의 방문 여부를 추적하는 배열을 초기화한 후, 주어진 간선에 따라 그래프를 구성한다. BFS는 큐를 사용하여 구현되며, 방문하지 않은 정점을 큐에 추가하고, 큐에서 정점을 꺼내 인접 정점들을 탐색하는 방식으로 진행된다.

BFS의 주요 흐름은 다음과 같다:
- 그래프의 정점 수와 간선을 입력받아 인접 리스트를 구성한다.
- 방문하지 않은 정점을 큐에 추가하고 방문 표시를 한다.
- 큐가 비어있지 않은 동안, 큐에서 정점을 꺼내 인접 정점들을 탐색하며 방문하지 않은 정점을 다시 큐에 추가한다.

- BFS는 그래프의 모든 정점을 탐색하는 데 유용하다.
- 큐를 사용하여 탐색 순서를 관리한다.
- 방문 여부를 체크하여 중복 탐색을 방지한다.

[tags] BFS
[lang] cpp","[""BFS""]",algorithm,81
"[""cpp""]",https://www.youtube.com/watch?v=5WnfXh0YQcQ,"그래프 탐색은 그래프의 모든 정점을 방문하는 과정으로, 주로 두 가지 방법인 너비 우선 탐색(BFS)과 깊이 우선 탐색(DFS)을 사용한다. BFS는 큐를 사용하여 시작 정점에서 인접한 모든 정점을 차례로 방문하며, 각 정점을 방문할 때마다 그 정점의 이웃을 큐에 추가한다. 반면, DFS는 스택을 사용하여 한 정점의 이웃 중 하나를 선택해 깊이 있게 탐색하며, 더 이상 방문할 정점이 없을 경우 스택에서 정점을 제거하고 이전 정점으로 돌아간다.

이 두 탐색 방법은 그래프의 구조와 탐색 목적에 따라 다르게 활용될 수 있으며, 각 방법의 구현은 조건과 체크가 추가되어 복잡해질 수 있다. BFS는 모든 이웃을 한 번에 탐색하는 반면, DFS는 한 방향으로 깊이 들어가며 탐색하는 방식이기 때문에 결과가 달라질 수 있다.

- BFS는 큐를 사용하여 인접 정점을 차례로 방문
- DFS는 스택을 사용하여 한 정점의 이웃을 깊이 탐색
- 두 방법 모두 시작 정점은 임의로 선택 가능
- 탐색 결과는 선택한 경로에 따라 달라질 수 있음

[tags] BFS, DFS
[lang] unknown","[""BFS"", ""DFS"", ""Queue"", ""Stack""]",algorithm,82
"[""cpp""]",https://www.youtube.com/watch?v=vf-cxgUXcMk,"그래프 탐색 기법에는 너비 우선 탐색(BFS)과 깊이 우선 탐색(DFS)이 있다. BFS는 큐를 사용하여 시작 노드에서 인접한 노드를 먼저 탐색하고, 그 후 인접 노드의 인접 노드를 탐색하는 방식으로 진행된다. 예를 들어, 노드 0에서 시작하면 0의 인접 노드인 1과 3을 먼저 방문하고, 그 다음에 1의 인접 노드 중 방문하지 않은 노드들을 큐에 추가하여 탐색을 계속한다. BFS는 레벨 순서로 탐색하며, 여러 유효한 탐색 경로가 존재할 수 있다.

반면, DFS는 스택을 사용하여 깊이 우선으로 탐색한다. 시작 노드에서 인접한 노드 중 하나를 선택하여 깊이 있게 탐색하고, 더 이상 방문할 노드가 없을 경우 스택에서 노드를 꺼내어 백트래킹을 진행한다. DFS 또한 여러 유효한 탐색 경로가 존재할 수 있으며, 각 노드의 인접 노드 중 방문하지 않은 노드를 선택하여 탐색을 이어간다.

- BFS는 큐를 사용하고, DFS는 스택을 사용한다.
- BFS는 인접 노드를 먼저 탐색하고, DFS는 깊이 있게 탐색한다.
- 두 기법 모두 시작 노드에서 탐색을 시작하며, 여러 유효한 경로가 존재할 수 있다.

[tags] BFS, DFS
[lang] unknown","[""BFS"", ""DFS"", ""Graph"", ""Queue"", ""Stack""]",algorithm,83
"[""cpp"", ""java"", ""python""]",https://www.youtube.com/watch?v=Ykv33EpJVCU,"너비 우선 탐색(BFS)은 그래프의 모든 노드를 레벨별로 방문하는 그래프 탐색 기법이다. BFS는 시작 노드에서 인접한 모든 노드를 먼저 방문한 후, 그 노드들의 이웃을 탐색하는 방식으로 진행된다. 이 과정에서 큐 자료구조를 사용하여 방문할 노드를 관리하며, 이미 방문한 노드는 다시 방문하지 않도록 체크해야 한다. BFS의 시간 복잡도는 O(V + E)로, V는 노드의 수, E는 간선의 수를 의미하며, 공간 복잡도는 O(V)이다.

BFS의 주요 응용 분야로는 최단 경로 탐색, 위상 정렬, 강한 연결 요소, 최소 신장 트리, GPS 내비게이션 시스템 등이 있다. BFS 알고리즘은 간단한 세 단계로 구성되며, 큐에서 첫 번째 요소를 꺼내고, 이를 결과 리스트에 추가한 후, 해당 노드의 이웃을 큐에 추가하는 방식으로 반복된다.

- BFS는 레벨별 탐색을 수행한다.
- 큐 자료구조를 사용하여 방문할 노드를 관리한다.
- 이미 방문한 노드는 다시 방문하지 않도록 체크해야 한다.
- 시간 복잡도는 O(V + E), 공간 복잡도는 O(V)이다.
- 다양한 응용 분야가 있다.

[tags] BFS
[lang] python","[""BFS"", ""Graph"", ""Implementation""]",algorithm,84
"[""python""]",https://www.youtube.com/watch?v=BLc3wzvycH8,"깊이 우선 탐색(DFS)은 그래프 탐색 알고리즘으로, 스택을 사용하여 노드를 방문하는 방식입니다. DFS는 먼저 시작 노드를 스택에 추가하고, 스택에서 노드를 꺼내 그 노드와 연결된 이웃 노드를 스택에 추가하는 과정을 반복합니다. 이때 이미 방문한 노드는 다시 스택에 추가하지 않으며, 방문한 노드는 별도의 리스트에 기록하여 추적합니다. 이 과정은 스택이 비어질 때까지 계속됩니다.

DFS는 게임 AI에서 수의 탐색이나 그래프 내 사이클 검출과 같은 문제에 유용하게 사용됩니다. 이 알고리즘은 구현이 간단하고, 재귀적으로도 사용할 수 있지만, 스택의 크기가 커질 수 있어 메모리 사용에 주의해야 합니다. 시간 복잡도는 O(V + E)로, V는 정점의 수, E는 간선의 수를 의미합니다.

- DFS는 스택을 사용하여 구현된다.
- 방문한 노드는 visited 리스트에 기록된다.
- 그래프의 사이클 검출에 유용하다.
- 게임 AI에서 수의 탐색에 활용된다.
- 시간 복잡도는 O(V + E)이다.

[tags] DFS
[lang] python","[""DFS""]",algorithm,85
"[""python""]",https://www.youtube.com/watch?v=i_0NWOg4sRQ,"깊이 우선 탐색(DFS)은 스택을 활용하여 그래프의 모든 노드를 방문하는 알고리즘입니다. 이 방법은 현재 노드를 스택에 푸쉬하고, 팝하여 방문 여부를 확인한 후, 인접한 노드를 다시 스택에 푸쉬하는 과정을 반복합니다. 주의할 점은 스택의 LIFO(Last In, First Out) 구조로 인해, 방문 순서를 조정하기 위해 큰 숫자를 먼저 푸쉬해야 원하는 순서로 방문할 수 있다는 것입니다. 

이 알고리즘은 모든 노드를 방문할 때까지 반복되며, 재귀적 방법과 비교할 때 구현이 다소 복잡해 보일 수 있습니다. 그러나 스택을 사용한 DFS는 개념적으로 재귀적 방법과 동일한 결과를 도출합니다. 

- 스택을 사용하여 DFS를 구현할 때는 큰 숫자를 먼저 푸쉬해야 원하는 방문 순서를 얻을 수 있다.
- 방문하지 않은 노드만 방문 처리하며, 인접 노드를 스택에 푸쉬한다.
- 모든 노드를 방문할 때까지 이 과정을 반복한다.

[tags] DFS
[lang] unknown","[""DFS"", ""Graph"", ""Stack""]",algorithm,86
"[""python""]",https://www.youtube.com/watch?v=Sz9yH-RDAgo,"이 영상은 동적 프로그래밍(Dynamic Programming, DP) 의 기본 개념을 소개하고 피보나치 수열을 예시로 들어 설명합니다. DP는 복잡한 최적화 문제를 작은 하위 문제(sub-problems) 로 나누어 해결하는 기법입니다. 영상은 단순 재귀 호출의 비효율성(O(2n)O(2n))을 지적하고, 메모이제이션(Memoization) 기법을 사용하여 결과를 저장하고 재사용함으로써 선형 시간 복잡도(O(n)O(n)) 로 최적화하는 과정을 상세히 보여줍니다. 또한, 연속된 부분 배열의 최소 합 문제 적용 예시도 다룹니다.","[""DP"", ""Array""]",algorithm,87
"[""cpp""]",https://www.youtube.com/watch?v=shs0KM3wKv8,"해시 테이블을 키-값 룩업을 위한 가장 유용한 자료구조 중 하나로 정의하며, 인터뷰에서 이 개념을 항상 염두에 두어야 한다고 조언합니다. 핵심은 해시 함수를 사용하여 문자열과 같은 키를 배열의 인덱스로 매핑하는 과정이며, 이를 통해 대부분의 연산이 상수 시간으로 처리됩니다. 이 자료는 충돌이 발생했을 때 연결 리스트를 활용하여 키와 값을 함께 저장하는 체이닝(Chaining) 기법을 상세히 설명하며, 키를 저장해야만 충돌된 요소들 사이에서 원하는 것을 정확히 찾아낼 수 있음을 보여줍니다","[""Hashing"", ""Hashmap"", ""Array"", ""String""]",algorithm,88
"[""cpp""]",https://www.youtube.com/watch?v=kmHojGMUn0Q," MD 시리즈, SHA-2, SHA-3 등 다양한 해시 함수 계열을 소개하며 충돌 저항성의 중요성을 다시 한번 강조합니다. SHA-256의 설계는 메시지를 블록으로 나누어 이전 해시값과 결합 후 압축 함수를 반복 적용하는 MD 변환 구조를 사용하며, 이 압축 함수는 블록 암호를 기반으로 한 Davies-Meyer 구조로 만들어집니다. 이 증명 방식은 압축 함수가 충돌 저항성을 가지면 전체 해시 함수도 충돌 저항성을 갖는다는 것을 보여주며, 이는 설계자들이 CPP와 같은 시스템 언어 레벨에서 구조적 안정성을 추구했음을 시사합니다. 또한, SHA-1이 깨진 역사적 사례를 통해 성능과 보안 사이의 아슬아슬한 균형을 설명합니다.","[""Hashing"", ""Numerical Stability""]",algorithm,89
"[""python""]",https://www.youtube.com/watch?v=pBasV9jlQ0w,"깊이 우선 탐색(DFS) 알고리즘은 그래프를 탐색하는 방법으로, 재귀적 또는 반복적 접근 방식을 통해 구현할 수 있다. DFS는 스택 자료구조를 사용하여 노드를 방문하며, 스택의 LIFO(Last In First Out) 특성을 활용하여 마지막에 추가된 노드를 먼저 방문한다. 탐색 과정은 시작 노드를 선택하고 이를 스택에 푸시한 후, 스택에서 노드를 팝하여 방문 여부를 확인하고, 인접한 미방문 노드를 스택에 추가하는 방식으로 진행된다. 이 과정을 반복하여 모든 노드를 탐색하게 된다.

DFS 구현 시 주의할 점은 스택에 중복된 노드가 포함될 수 있으며, 이미 방문한 노드는 다시 방문하지 않도록 체크해야 한다. 또한, 스택을 사용함으로써 탐색 순서가 결정되므로, 노드의 추가 순서가 탐색 결과에 영향을 미칠 수 있다.

- DFS는 스택을 사용하여 구현된다.
- 방문한 노드는 리스트에 기록하여 중복 방문을 방지한다.
- 인접 노드는 어떤 순서로 푸시해도 무방하다.
- 스택이 비면 탐색이 종료된다.

[tags] DFS, Stack
[lang] unknown","[""DFS"", ""Stack"", ""Graph""]",algorithm,90
"[""python""]",https://www.youtube.com/watch?v=0Zsabo7ires,"깊이 우선 탐색(DFS)은 그래프 탐색 알고리즘으로, 주어진 그래프의 정점들을 방문하는 방법을 설명한다. 이 알고리즘은 스택을 사용하여 현재 정점의 이웃을 탐색하고, 방문한 정점을 기록한다. 예를 들어, 정점 0에서 시작하여 이웃인 1과 2를 스택에 추가하고, 이를 반복하여 모든 정점을 방문한다. DFS는 게임 구현이나 그래프에서 사이클을 찾는 문제에 유용하게 사용된다.

- DFS는 스택을 사용하여 정점을 탐색한다.
- 방문한 정점은 기록하여 중복 방문을 방지한다.
- 그래프의 사이클 탐지와 같은 문제에 활용된다.
- DFS는 재귀적으로 구현할 수도 있다.

[tags] DFS
[lang] unknown","[""DFS""]",algorithm,91
"[""python""]",https://www.youtube.com/watch?v=8cIqeTvGshk,"깊이 우선 탐색(DFS) 알고리즘은 스택을 사용하여 구현되며, 각 노드를 방문할 때마다 방문한 노드를 기록하는 배열을 사용합니다. DFS는 한 번에 하나의 자식 노드만을 탐색하며, 자식 노드를 스택에 추가하고 방문한 노드로 표시합니다. 노드에 자식이 없으면 스택에서 제거하고, 방문하지 않은 자식이 있는 경우 해당 자식을 스택에 추가합니다. 이 과정을 반복하여 모든 노드를 탐색합니다.

DFS의 주요 특징은 다음과 같습니다:
- 스택을 사용하여 탐색을 진행합니다.
- 한 번에 하나의 자식 노드만을 탐색합니다.
- 자식 노드가 없으면 스택에서 제거합니다.
- 모든 노드를 방문할 때까지 반복합니다.

[tags] DFS
[lang] unknown","[""DFS"",""Graph"",""Tree"",""Stack""]",algorithm,92
"[""python""]",https://www.youtube.com/watch?v=msAB1NivnhI,"깊이 우선 탐색(DFS)은 그래프를 탐색하는 방법 중 하나로, 재귀를 사용하여 구현됩니다. DFS는 스택을 활용하여 노드를 방문하며, 이미 방문한 노드로는 다시 돌아가지 않습니다. 이 강의에서는 7개의 정점과 9개의 간선을 가진 그래프를 예로 들어 DFS를 구현하는 방법을 설명합니다. 시작 노드 A에서 시작하여 인접한 노드를 재귀적으로 탐색하며, 방문한 노드는 기록하여 중복 방문을 방지합니다.

DFS의 시간 복잡도는 O(V + E)로, V는 정점의 수, E는 간선의 수를 나타냅니다. 공간 복잡도는 O(V)로, 방문 여부를 기록하기 위한 딕셔너리를 사용합니다. 이 알고리즘은 그래프의 모든 정점을 탐색할 수 있으며, 각 정점에 대해 인접한 노드를 확인하는 방식으로 진행됩니다.

- DFS는 스택과 재귀를 사용하여 구현된다.
- 방문한 노드는 다시 방문하지 않도록 관리한다.
- 시간 복잡도는 O(V + E), 공간 복잡도는 O(V)이다.
- 그래프의 구조에 따라 탐색 순서가 달라질 수 있다.

[tags] DFS
[lang] python","[""DFS"",""Graph""]",algorithm,93
"[""python""]",https://www.youtube.com/watch?v=GtqHli8HIqk,이 영상은 동적 계획법(DP) 을 코딩 테스트에 적용하기 위한 실질적인 방법을 다룹니다. DP가 최적 부분 구조(optimal substructure) 와 중복되는 부분 문제(overlapping subproblems) 라는 두 가지 조건을 만족해야 함을 명확히 설명합니다. 계단 오르기 문제와 최대 부분 배열 합 문제(Kadane's Algorithm) 를 예시로 사용하여 DP의 두 가지 접근 방식인 탑다운 (재귀 + 메모이제이션) 과 바텀업 (반복 + 타뷸레이션) 의 코드 구현을 상세히 비교 분석합니다,"[""DP"",""Array""]",algorithm,94
"[""python""]",https://www.youtube.com/watch?v=e65Pg0USbBA,"깊이 우선 탐색(DFS)은 스택을 사용하여 트리 또는 그래프의 노드를 탐색하는 알고리즘이다. DFS는 루트 노드에서 시작하여 가능한 깊이까지 내려가며 자식 노드를 방문한다. 이 과정에서 자식 노드는 스택에 역순으로 추가되며, 스택의 최상단 노드부터 방문하게 된다. 예를 들어, 루트 노드 1에서 시작하여 2, 4, 8, 10, 7, 5, 3, 6, 9 순으로 방문하는 방식이다.

DFS의 구현은 스택을 사용하여 방문한 노드를 기록하고, 자식 노드를 스택에 추가할 때는 역순으로 넣는 것이 핵심이다. 이 알고리즘은 트리와 그래프 모두에 적용 가능하며, 각 노드의 자식 노드를 확인하여 방문 여부를 체크하는 방식으로 진행된다. DFS의 시간 복잡도는 O(V + E)로, V는 정점의 수, E는 간선의 수를 의미한다.

- DFS는 스택을 사용하여 구현된다.
- 자식 노드는 역순으로 스택에 추가된다.
- 방문한 노드는 리스트에 기록된다.
- 시간 복잡도는 O(V + E)이다.

[tags] DFS
[lang] python","[""DFS"",""Stack"",""Tree"",""Graph""]",algorithm,95
"[""python""]",https://www.youtube.com/watch?v=sKk6VwFHnXI,"이 문제는 깊이 우선 탐색(DFS)을 활용하여 이진 트리에서 루트에서 리프 노드까지의 경로 중 합이 특정 값(예: 22)과 일치하는 경로를 찾는 것이다. DFS를 구현할 때는 재귀를 사용하며, 노드가 null일 경우에는 백트래킹을 통해 탐색을 중단한다. 경로의 합이 목표 합과 일치하고 현재 노드가 리프 노드일 때, 해당 경로를 결과 리스트에 추가한다. 이때 리스트를 복사하여 추가하는 것이 중요하며, 단순히 리스트를 추가하면 잘못된 결과를 초래할 수 있다.

- DFS를 사용하여 이진 트리를 탐색
- 루트에서 리프 노드까지의 경로의 합을 체크
- 리프 노드인지 확인 후 결과에 추가
- 리스트 복사 시 주의 필요
- 재귀적 호출로 자식 노드 탐색

[tags] DFS
[lang] python","[""DFS"", ""Backtracking""]",algorithm,96
"[""python""]",https://www.youtube.com/watch?v=Z-Qdp1_JWdI,"깊이 우선 탐색(DFS)은 그래프 탐색 알고리즘으로, 루트 노드에서 시작하여 자식 노드를 차례로 탐색하는 방식으로 작동한다. 이 알고리즘은 각 노드의 자식 노드를 방문하고, 목표 노드를 찾을 때까지 계속해서 자식 노드를 탐색한다. 만약 목표 노드를 찾지 못하면, 탐색을 종료하고 부모 노드로 돌아가 다음 자식 노드를 탐색한다. DFS의 최악의 경우 시간 복잡도는 O(b^h)로, 여기서 b는 분기 계수, h는 최대 깊이를 의미한다. 공간 복잡도는 O(h)로, 현재 깊이까지의 노드 수를 저장하는 데 필요한 공간을 나타낸다.

- DFS는 깊이 우선으로 탐색하며, 왼쪽부터 오른쪽으로 진행한다.
- 목표 노드를 찾으면 true를 반환하고, 찾지 못하면 false를 반환한다.
- 그래프의 구조에 따라 탐색 경로가 달라질 수 있다.
- 시간 복잡도는 분기 계수와 최대 깊이에 따라 결정된다.

[tags] DFS
[lang] unknown","[""DFS"",""Graph"",""Tree""]",algorithm,97
"[""python""]",https://www.youtube.com/watch?v=NWSs7nDqRSo,"깊이 우선 탐색(DFS)은 트리의 내용을 깊이 우선 방식으로 출력하는 알고리즘이다. 이 방법은 왼쪽 자식 노드를 먼저 방문한 후, 루트 노드를 출력하고, 마지막으로 오른쪽 자식 노드를 방문하는 방식으로 진행된다. 이 과정을 통해 이진 트리의 경우, 출력 결과는 알파벳 순서로 정렬된다. 

DFS를 구현하기 위해 재귀 함수를 사용하여 트리를 탐색한다. 함수는 먼저 트리가 비어 있는지 확인하고, 왼쪽 서브트리가 존재하면 이를 재귀적으로 호출하여 출력한 후, 루트 노드를 출력하고, 오른쪽 서브트리가 존재하면 이를 다시 재귀적으로 호출하여 출력한다. 이 방식은 비어 있지 않은 트리의 모든 노드를 깊이 우선으로 탐색하여 출력하는 데 효과적이다.

- 깊이 우선 탐색(DFS) 방식으로 트리 출력
- 왼쪽 자식 → 루트 → 오른쪽 자식 순서
- 이진 트리의 경우 알파벳 순서로 출력
- 재귀 함수 사용
- 트리가 비어 있는지 확인 후 탐색

[tags] DFS, Tree, Recursion
[lang] python","[""DFS"", ""Tree""]",algorithm,98
"[""python""]",https://www.youtube.com/watch?v=QVcsSaGeSH0,"이 영상에서는 깊이 우선 탐색(DFS) 알고리즘을 파이썬으로 구현하는 방법을 설명한다. 주어진 무방향 그래프에서 시작 정점 A를 기준으로 DFS를 수행하며, 두 개의 클래스인 Vertex와 Graph를 정의한다. Vertex 클래스는 정점의 이름, 이웃, 발견 시간, 종료 시간, 색상 등의 속성을 가지며, Graph 클래스는 정점들을 딕셔너리 형태로 저장하고, 정점을 추가하거나 간선을 추가하는 기능을 제공한다. DFS는 재귀적으로 구현되며, 각 정점의 색상을 통해 방문 여부를 관리하고, 발견 및 종료 시간을 기록한다.

- Vertex 클래스는 정점의 속성과 이웃을 관리한다.
- Graph 클래스는 정점과 간선을 추가하는 기능을 제공한다.
- DFS는 재귀적으로 구현되며, 색상으로 방문 상태를 추적한다.
- 발견 시간과 종료 시간을 기록하여 탐색 순서를 확인할 수 있다.
- 그래프의 출력 결과를 통해 각 정점의 정보를 확인할 수 있다.

[tags] DFS, Graph, Vertex
[lang] python","[""DFS"", ""Graph""]",algorithm,99
"[""java""]",https://www.youtube.com/watch?v=5GB9eIeQVrw,"주어진 문제는 문자열에서 가장 많이 등장하는 알파벳을 찾고, 만약 동률이 발생하면 물음표를 출력하는 것입니다. 이를 해결하기 위해 문자열을 대문자로 변환한 후, 26개의 요소를 가진 배열을 생성하여 각 알파벳의 개수를 세는 방식으로 접근합니다. 각 문자를 순회하며 해당 문자의 인덱스를 계산하고, 카운트를 증가시킵니다. 최대 카운트를 기록하고, 동률이 발생할 경우 물음표를 출력하도록 조건을 설정합니다.

- 문자열을 대문자로 변환하여 소문자를 무시합니다.
- 26개의 요소를 가진 배열을 사용하여 알파벳 카운트를 기록합니다.
- 최대 카운트를 갱신하고, 동률 발생 시 물음표를 출력합니다.
- 기본적인 문자열 처리 및 배열 사용법을 익힐 수 있는 문제입니다.

[tags] 문자열, 배열, 카운팅
[lang] java","[""String""]",algorithm,100
"[""java""]",https://www.youtube.com/watch?v=0bqfTzpWySY,"다이나믹 프로그래밍(DP)은 중복 연산을 줄여 수행 속도를 개선하기 위해 고안된 알고리즘입니다. 기존의 완전 탐색 방식은 경우의 수가 많아 비효율적이지만, DP는 이전에 계산한 결과를 저장하여 중복된 계산을 피함으로써 효율성을 높입니다. 예를 들어, 정수 삼각형 문제에서는 각 위치까지 올 수 있는 최대 값을 DP 배열에 저장하여, 이전 단계의 최적 값을 활용해 다음 단계의 값을 계산합니다. 이를 통해 연산 횟수를 줄이고 최적의 해를 빠르게 찾을 수 있습니다.

DP 문제를 구분하는 두 가지 기준은 첫째, DFS나 BFS로 풀 수 있지만 경우의 수가 너무 많은 문제이며, 둘째, 중복적인 연산이 많은 문제입니다. DP를 잘 활용하기 위해서는 다양한 문제를 풀어보며 DP 사고방식을 익히는 것이 중요합니다. DP는 정형화된 알고리즘이 아니므로, 문제에 따라 다양한 접근 방법이 필요합니다.

- DP는 중복 연산을 줄여 수행 속도를 개선한다.
- DP 배열을 사용해 이전 결과를 저장하고 활용한다.
- 문제를 풀기 전에 경우의 수를 계산해 DP 필요성을 판단한다.
- 중복 연산이 많은 문제에서 DP를 고려한다.
- 다양한 문제를 통해 DP 사고방식을 익히는 것이 중요하다.

[tags] Dynamic Programming, DP
[lang] unknown","[""DP"", ""Array""]",algorithm,101
"[""python""]",https://www.youtube.com/watch?v=ynZdirmZre4,"깊이 우선 탐색(DFS) 알고리즘은 그래프와 트리 구조에서 노드를 탐색하는 방법으로, 주로 재귀적 접근 방식으로 구현된다. DFS는 시작 노드에서 인접한 노드를 방문하는 대신, 가능한 깊이까지 탐색한 후에야 다른 노드를 방문하는 방식으로 작동한다. 이 과정에서 방문한 노드는 '방문한 노드 집합'에 추가되어 중복 방문을 방지한다. DFS의 핵심은 깊이를 우선적으로 탐색하는 것이며, 이를 통해 모든 노드를 한 번씩 방문하게 된다.

DFS의 재귀적 구현에서는 함수가 자신을 호출하여 인접 노드를 탐색하며, 모든 인접 노드를 탐색한 후에는 이전 노드로 되돌아가서 남은 노드를 탐색한다. 이 알고리즘은 그래프의 구조에 따라 다양한 방식으로 활용될 수 있으며, 시간 복잡도는 O(V + E)로, V는 정점의 수, E는 간선의 수를 나타낸다.

- DFS는 깊이 우선 탐색 알고리즘이다.
- 재귀적 접근 방식으로 구현된다.
- 방문한 노드는 중복 방문을 피하기 위해 집합에 저장된다.
- 시간 복잡도는 O(V + E)이다.

[tags] DFS
[lang] python","[""DFS"",""Graph""]",algorithm,102
"[""python""]",https://www.youtube.com/watch?v=T4WUpYsCqSU,"이 영상은 피보나치 수열을 중심으로 동적 계획법의 두 구현 방식인 Top-down (메모이제이션) 과 Bottom-up (타뷸레이션) 을 비교합니다. 재귀 호출 시 발생하는 중복 계산의 비효율성(피라미드 구조 호출)을 지적하며, 이를 해결하기 위해 계산 결과를 저장하는 방식이 DP라고 설명합니다. 특히 피보나치 수열의 경우, 반복문을 사용하여 작은 문제부터 순차적으로 값을 채워나가는 바텀업(타뷸레이션) 방식이 가장 효율적이라고 강조합니다.","[""DP""]",algorithm,103
"[""python""]",https://www.youtube.com/watch?v=3_eVkTkBbJE,"깊이 우선 탐색(DFS)은 그래프 탐색 알고리즘 중 하나로, 자식 노드를 우선적으로 탐색하는 방식이다. DFS는 스택 자료구조를 사용하거나 재귀 함수를 통해 구현할 수 있으며, 재귀 함수는 백트래킹에서 중요한 역할을 한다. DFS를 사용할 때는 종료 조건을 명확히 설정해야 하며, 깊이가 너무 깊어지면 스택 오버플로우가 발생할 수 있으므로 주의해야 한다. DFS의 시간 복잡도는 O(V + E)로, V는 정점의 수, E는 간선의 수를 의미한다.

DFS를 구현할 때는 2차원 배열을 사용하여 그래프를 표현하고, 방문 여부를 체크하는 배열을 함께 사용한다. 기본적인 DFS 문제로는 연결된 노드의 개수를 세는 문제를 다루며, 이중 포문을 통해 탐색을 시작하고, 재귀적으로 DFS 함수를 호출하여 연결된 노드를 탐색한다. 최종적으로 탐색한 결과를 정렬하여 출력하는 방식으로 진행된다.

- DFS는 자식 노드를 우선적으로 탐색한다.
- 재귀 함수 사용 시 종료 조건을 명확히 해야 한다.
- 시간 복잡도는 O(V + E)이다.
- 2차원 배열을 사용하여 그래프를 표현한다.
- 연결된 노드의 개수를 세는 문제를 예로 든다.

[tags] DFS, 재귀, 백트래킹
[lang] unknown","[""DFS"", ""Backtracking""]",algorithm,104
"[""c"", ""cpp""]",https://www.youtube.com/watch?v=rHPBGhqH0y4,"임의 크기 데이터를 고정 크기로 매핑하는 해시 함수의 기본 개념을 설명하며, 특히 SHA-1 알고리즘을 예시로 동작 원리를 파헤칩니다. SHA-1은 40자리 16진수 값을 출력하며, 그 내부 작동은 문자열을 ASCII 코드로 변환하고 비트 연산 및 복잡한 상수를 사용하는 여러 단계로 이루어져 있습니다. 이 자료는 결정론적, 비가역성, 눈사태 효과 등 암호학적 해시 함수의 특징을 설명하지만, SHA-1이 보안 취약점으로 인해 더 이상 권장되지 않는다는 사실을 강조합니다. 낮은 수준의 설명은 C나 CPP에서 다루는 비트 및 배열 연산의 이해를 기반으로 합니다.","[""Hashing"",""String"", ""Array"", ""Numerical Stability""]",algorithm,105
"[""python"", ""cpp"", ""java"", ""c""]",https://www.youtube.com/watch?v=_i4Yxeh5ceQ,"이 영상은 1차원 동적 계획법을 집중적으로 다루며, 계단 오르기 문제를 예시로 사용하여 DP의 발전 과정을 단계별로 보여줍니다. 처음에는 O(2n)O(2n) 시간 복잡도를 가지는 재귀적 접근으로 시작하여, 메모이제이션을 통한 최적화(시간 O(n)O(n))를 거쳐, 최종적으로 변수만을 사용하여 공간 복잡도를 O(1)O(1)으로 줄이는 반복적인 DP 해결 방식까지 다룹니다.","[""DP"",""Array""]",algorithm,106
"[""python""]",https://www.youtube.com/watch?v=Hdr64lKQ3e4,"이 영상은 1차원 동적 계획법(1D DP) 을 파이썬으로 심도 있게 학습하는 종합 강의입니다. 계단 오르기 문제를 기반으로 재귀적 접근 방식(O(2n)O(2n))에서 시작하여, 메모이제이션을 통한 시간 최적화(O(n)O(n)), 그리고 최종적으로 변수만 사용하는 공간 최적화(O(1) 공간) 까지 모든 단계를 상세히 설명하며 DP의 기본 원리를 탄탄하게 다지도록 돕습니다.","[""DP"",""Array""]",algorithm,107
"[""python"", ""cpp"", ""java"", ""c""]",https://www.youtube.com/watch?v=oNoILrFOx2k,"이 영상은 동적 계획법(DP) 을 언제 사용해야 하는지에 대한 직관을 제공합니다. DP는 복잡한 문제를 작은 하위 문제로 나누는 최적화 기법임을 설명하며, DP 문제 식별을 위한 두 가지 핵심 조건인 최적 부분 구조(Optimal Substructure) 와 겹치는 하위 문제(Overlapping Subproblems) 를 강조합니다. 또한, DP가 유용하게 적용되는 5가지 패턴 (순차적 의사 결정, 최대/최소화, 경로 문제 등)을 제시하여 DP 적용 가능성을 판단하는 기준을 알려줍니다.","[""DP""]",algorithm,108
"[""python"", ""cpp"", ""java"", ""c""]",https://www.youtube.com/watch?v=8ZiSzteFRYc,"선택 정렬(Selection Sort)이라는 정렬 알고리즘을 다루며, 이는 정렬의 기본 원리를 이해하는 데 초점을 맞춥니다. 이 알고리즘의 핵심은 미정렬된 배열의 나머지 부분에서 가장 작은 값을 찾아 현재 위치와 한 번만 교환하는 것입니다. 이러한 반복적인 탐색 및 교환 과정 덕분에 시간 복잡도는 입력에 관계없이 항상 O(N2)O(N2)로 귀결되며, 이는 가장 효율적인 정렬은 아니지만 구현이 직관적이라는 지식을 전달합니다.","[""Sorting"",""Array""]",algorithm,109
"[""python"", ""cpp"", ""java"", ""c""]",https://www.youtube.com/watch?v=JUb2iAVZSnM,"다섯 가지 주요 정렬 알고리즘을 비교하며 성능 지식을 전달하는 데 중점을 둡니다. 이 자료를 통해 버블, 선택, 삽입 정렬과 같은 단순 알고리즘은 평균적으로 O(n2)O(n2)의 복잡도를 가지는 반면, 병합 정렬과 퀵 정렬은 분할 정복(Divide and Conquer) 전략을 사용하여 O(nlog⁡n)O(nlogn)이라는 훨씬 효율적인 성능을 달성한다는 핵심 지식을 배웠습니다.","[""Sorting"", ""Divide and Conquer""]",algorithm,110
"[""c""]",https://www.youtube.com/watch?v=wABnJrTps34,"BFS(너비 우선 탐색)와 DFS(깊이 우선 탐색) 알고리즘의 구현을 C 프로그래밍 언어를 사용하여 설명한다. 그래프를 표현하기 위해 인접 행렬을 생성하고, 방문 여부를 기록하기 위한 방문 배열을 설정한다. 사용자는 그래프의 인접 행렬을 입력하고, 시작 노드를 선택하여 BFS 또는 DFS를 수행할 수 있다. BFS는 큐를 사용하여 탐색하며, DFS는 스택을 사용하여 탐색한다. 각 알고리즘은 방문한 노드를 출력하고, 인접한 노드를 큐 또는 스택에 추가하여 탐색을 계속한다.

- BFS는 인접한 노드를 먼저 탐색하고, DFS는 가능한 깊게 탐색한다.
- 인접 행렬은 그래프의 구조를 2차원 배열로 표현한다.
- 방문 배열은 각 노드의 방문 여부를 기록한다.
- BFS는 큐를, DFS는 스택을 사용하여 구현된다.
- 각 알고리즘의 시간 복잡도는 O(V + E)이다.

[tags] BFS, DFS, Graph, Adjacency Matrix
[lang] c","[""BFS"", ""DFS"", ""Implementation""]",algorithm,111
"[""python"", ""cpp"", ""java"", ""c""]",https://www.youtube.com/watch?v=6lcWCiMzWI8,"이 영상은 동적 계획법(DP) 이란 무엇인지에 대한 가장 기초적인 정의를 제공합니다. DP의 핵심은 복잡한 문제를 작은 하위 문제로 나누고, 과거의 계산 결과를 재활용하여 불필요한 반복 계산을 줄이는 최적화 기법이라는 점을 강조합니다. 피보나치 수열 예시를 간략히 언급하며, DP가 최적 부분 구조와 중복되는 부분 문제의 두 가지 특징을 가짐을 설명합니다.","[""DP""]",algorithm,112
"[""python"", ""cpp"", ""java"", ""c""]",https://www.youtube.com/watch?v=3j0SWDX4AtU,"버블 정렬을 단계별(Step-by-Step)로 분석하여 그 메커니즘을 깊이 이해하도록 돕습니다. 이 정렬의 정의적 특징은 인접한 두 원소만 비교하여 교환한다는 것이며, 이 과정에서 가장 큰 원소가 끝으로 이동하는 현상이 반복됩니다. 이 방식은 공간 복잡도 O(1)O(1)인 제자리 정렬이지만, 시간 복잡도는 O(n2)O(n2)로 느리다는 점을 확실히 인지했습니다","[""Sorting""]",algorithm,113
"[""c"",""cpp""]",https://www.youtube.com/watch?v=HqPJF2L5h9U,"이진 트리 표현부터 시작하여 힙(Heap)의 정의와 두 가지 종류(Max-Heap, Min-Heap)를 상세히 설명합니다. 힙에 요소를 삽입할 때는 완전 이진 트리 속성을 유지하며 루트 방향으로 조정하고, 삭제 시에는 루트를 제거하고 마지막 요소를 루트로 가져와 자식 방향으로 조정합니다. 이 삭제 과정을 반복하면 O(n log n) 시간 복잡도를 가지는 힙 정렬(Heap Sort)이 완성되며, 힙은 빠른 삽입/삭제(O(log n)) 덕분에 우선순위 큐를 구현하는 데 최적의 자료구조임을 강조합니다","[""Heap"", ""Queue"", ""Sorting""]",algorithm,114
"[""python"", ""cpp"", ""java"", ""c""]",https://www.youtube.com/watch?v=CxBYY7XTQvI,"탐욕 알고리즘(Greedy Algorithm)은 현재 시점에서 가장 좋아 보이는 선택을 반복하여 문제를 해결하는 방식입니다. 한국 화폐 거스름돈처럼 화폐 단위 간의 배수 관계가 성립하는 문제에서는 최적해를 보장하지만, 모든 최적화 문제에 적용 가능한 것은 아닙니다. 영상에서는 동전 바꾸기 문제를 예시로, 탐욕 알고리즘이 최적해가 아닌 경우(예: 10원, 30원, 40원 조합)를 보여주며, 이럴 때는 다이나믹 프로그래밍(Dynamic Programming)이 필요함을 지적합니다. 결국 탐욕 알고리즘 적용 가능성을 판단하는 감각을 기르는 것이 중요합니다.","[""Greedy"", ""DP""]",algorithm,115
"[""python"", ""cpp"", ""java"", ""c""]",https://www.youtube.com/watch?v=vw4gqeM4UGs,"강의실 배정 문제에 탐욕 알고리즘이 왜 최적해를 보장하는지 '대우 명제'를 이용한 증명 과정을 보여줍니다. 가장 빨리 끝나는 강의(그리디 선택)를 선택했을 때, 임의의 최적 해에서 첫 번째 강의를 그리디 선택으로 대체해도 여전히 해의 개수가 유지됨을 보입니다. 이 논리를 반복하면 그리디 해가 최적 해와 동일한 개수를 가짐을 증명할 수 있으며, 이는 현재의 선택이 미래의 선택에 영향을 주지 않는다는 조건이 충족될 때 그리디가 유효함을 시사합니다","[""Greedy""]",algorithm,116
"[""java""]",https://www.youtube.com/watch?v=_IZuE7NIeW4,"탐욕 알고리즘은 최적화 문제에서 각 단계마다 국소 최적해를 선택하여 최종적으로 전역 최적해를 달성하려는 기법으로, '욕심쟁이 기법'이라고도 불립니다. 이 알고리즘은 탐욕 선택과 최적 부분 구조라는 두 가지 주요 속성을 가지지만, 항상 최적해를 보장하지는 않으므로 (예: 특정 동전 문제), 이를 증명하거나 반례를 찾아보는 것이 중요합니다. 활동 선택 문제에서는 종료 시간을 기준으로 정렬하여 최대한 많은 활동을 선택하는 방법으로 O(n)의 효율성을 보여주며, 코딩 인터뷰에서 유용하게 활용될 수 있음을 설명합니다.","[""Greedy"", ""Sorting""]",algorithm,117
"[""java""]",https://www.youtube.com/watch?v=2RwlzBDhGh4,"이 영상은 동적 계획법(DP) 의 실제 적용 사례로 배낭 문제(Knapsack Problem) 와 최장 공통 부분 수열(Longest Common Subsequence, LCS) 을 다룹니다. DP를 통해 두 가지 대표적인 최적화 문제를 효율적으로 해결하는 방법을 보여주며, 개념 설명뿐만 아니라 실제 코드를 통해 구현하는 과정을 제공합니다.","[""DP"", ""Array"", ""String""]",algorithm,118
"[""python"", ""cpp"", ""java"", ""c""]",https://www.youtube.com/watch?v=R8Rw9mIa7JQ,"병합 정렬(Merge Sort)의 작동 원리를 분할 정복 전략을 통해 설명합니다. 이 알고리즘의 핵심 지식은 배열을 끝없이 쪼갠 후, 정렬된 두 개의 부분 배열을 합치는 '병합(Merge)' 단계에서 O(n)O(n)의 추가 작업이 발생하며, 이것이 전체적으로 O(nlog⁡n)O(nlogn)의 안정적인 시간 복잡도를 보장한다는 점입니다.","[""Sorting"", ""Divide and Conquer"", ""Array""]",algorithm,119
"[""python"", ""cpp"", ""java"", ""c""]",https://www.youtube.com/watch?v=7h1s2SojIRw,"퀵 정렬(Quick Sort)의 심장부인 파티셔닝(Partitioning) 과정을 집중적으로 다룹니다. 이 알고리즘의 핵심 지식은 피벗(Pivot)을 기준으로 배열을 재귀적으로 나누어 정렬하며, 파티셔닝 작업의 효율성이 평균 O(nlog⁡n)O(nlogn) 성능을 결정한다는 것입니다.","[""Sorting"", ""Divide and Conquer"", ""Array""]",algorithm,120
"[""python"", ""cpp"", ""java"", ""c""]",https://www.youtube.com/watch?v=AjCZ8jfLHmc,"그리디 알고리즘은 미래를 고려하지 않고 매 순간 가장 좋아 보이는 선택을 하는 '욕심쟁이 기법'으로, 한국 화폐처럼 화폐 단위가 배수 관계일 경우 최소 화폐 개수를 구하는 문제에 효과적입니다. 하지만 항상 글로벌 최적해를 보장하는 것은 아니며, 최적성을 증명하기 위해서는 수학적 접근이나 메트로이드(Matroid) 이론을 활용할 수 있습니다. 이 이론은 문제의 해 집합이 특정 조건을 만족할 때, 매 순간의 로컬 옵티멈이 최종적으로 글로벌 옵티멈으로 이어진다는 것을 보장해주며, 미니멈 스패닝 트리(MST) 문제가 대표적인 예시입니다","[""Greedy"", ""Graph"", ""Divide and Conquer""]",algorithm,121
"[""c""]",https://www.youtube.com/watch?v=6drK7cVIb84,"선택 정렬의 작동 원리를 C언어 코드와 결합하여 심층적으로 설명합니다. 이 영상의 지식은 배열을 '정렬된 부분'과 '정렬 안 된 부분'으로 나누고, 매번 정렬 안 된 부분에서 최솟값을 뽑아 경계로 옮기는 과정의 구현적 측면에 집중되어 있으며, 이러한 중첩된 접근 방식 때문에 시간 복잡도가 O(n2)O(n2)로 확정된다는 점을 명확히 보여줍니다.","[""Sorting"", ""Array""]",algorithm,122
"[""java""]",https://www.youtube.com/watch?v=-WTslqPbj7I,"탐욕 알고리즘은 '최소', '최대', '최장', '최단' 등의 키워드가 포함된 최적화 문제에 주로 사용됩니다. 매 단계에서 가장 좋아 보이는 선택을 반복하는 방식으로 동작하며, 일반적으로 O(n) 또는 O(n log n)의 빠른 성능을 보인다는 장점이 있습니다. 하지만 항상 최적해를 보장하지 않으므로, 작은 예시(Test Case)로 반례를 찾아보거나 논리적 추론을 통해 정당성을 확인해야 합니다. 영상에서는 레모네이드 판매 시 잔돈 계산 문제와 배열 쌍 합 최소화 문제 등 실용적인 예시를 통해 탐욕적 선택이 어떻게 작동하는지 설명합니다.","[""Greedy"", ""Sorting"", ""Array""]",algorithm,123
"[""python"", ""cpp"", ""java"", ""c""]",https://www.youtube.com/watch?v=gTfNtop9vzM," 웹사이트에서 비밀번호를 안전하게 저장하는 업계 표준 방법으로 해싱을 소개하며, 일반 텍스트나 암호화 방식보다 비가역성(irreversible) 측면에서 우수함을 강조합니다. 동일한 입력에는 항상 동일한 해시값이 나오므로 로그인 시 입력값을 해싱하여 저장된 값과 비교하는 방식으로 인증이 이루어집니다. 또한, 해시 충돌 문제를 해결하고 보안을 강화하기 위해 비밀번호에 무작위 문자열을 추가하는 솔팅(Salting)과 페퍼링(Peppering) 기법을 자세히 설명하며, 이들이 해시의 보안성을 어떻게 높이는지 다룹니다.","[""Hashing"", ""String""]",algorithm,124
"[""python"", ""cpp"", ""java"", ""c""]",https://www.youtube.com/watch?v=d_IwJK44jUM,"그리디 알고리즘은 현재 시점에 가장 좋은 선택에만 집중하는 '상남자 알고리즘' 또는 '경주마 알고리즘'으로 비유되며, 정렬이 핵심 전략입니다. 이 방식은 현재 선택이 미래에 영향을 주지 않고(탐욕스러운 선택 조건), 부분 문제의 최적해가 전체 최적해를 이룰 때(최적 부분 구조 조건)에만 최적해를 보장합니다. 회의실 배정 문제에서 종료 시간이 빠른 회의부터 선택하는 것이 최적해를 찾는 예시이며, 이 알고리즘은 DP보다 빠르지만 항상 최적해를 보장하지 않아 코딩 테스트에서는 보장되는 경우에만 사용해야 함을 명시합니다.","[""Greedy"", ""Sorting""]",algorithm,125
"[""python""]",https://www.youtube.com/watch?v=jmtzX-NPFDc," 암호학적 해시 함수를 '마법의 블랙박스'에 비유하며, 동일 입력에는 동일 출력, 입력 크기에 무관한 일정 출력 크기, 빠른 계산 속도, 비가역성, 큰 변화를 유발하는 특성을 설명합니다. 특히 비트코인 채굴에서 사용되는 작업증명(Proof of Work) 방식을 구체적인 예시로 들며, 특정 조건(예: 해시값 앞자리에 0이 여러 개 붙는 것)을 만족하는 해시값을 찾기 위해 컴퓨터가 무수히 많은 추측(Guess and Check)을 수행하는 과정을 보여줍니다. 이 과정에서 PYTHON 코드를 사용하여 시도 횟수와 결과를 설명하는 부분이 포함되어 있습니다.","[""Hashing"", ""Simulation""]",algorithm,126
"[""python"", ""cpp"", ""java"", ""c""]",https://www.youtube.com/watch?v=xsp--srKWKw,"해시 함수(Hash Function)가 데이터를 고유한 디지털 지문(Digest)으로 변환하는 알고리즘임을 설명하며, 이 기능이 주로 데이터 비교 목적에 사용된다고 명확히 합니다. 해시 함수의 세 가지 주요 특징으로 원본 복원이 불가능한 단방향성, 입력 길이에 상관없이 동일한 크기를 유지하는 고정된 크기, 그리고 서로 다른 입력은 다른 해시값을 생성하는 고유성을 꼽습니다. 트위터 로그인 시 비밀번호가 평문이 아닌 해시된 다이제스트 형태로 데이터베이스에 저장되고 비교되는 과정을 예시로 들어 비밀번호 보안 활용법을 보여줍니다.","[""Hashing"", ""String""]",algorithm,127
"[""c""]",https://www.youtube.com/watch?v=sHwZMJU4wr0,"해싱을 O(log N) 시간 복잡도를 가진 제어 탐색보다 더 빠른 O(1) 탐색을 가능하게 하는 기법으로 소개합니다. 해시 함수는 임의 길이 데이터를 고정 길이의 숫자값(해시 값)으로 변환하며, 해시 테이블에 데이터를 저장하는 방식입니다. 이 해시 함수는 단방향성, 고정 길이 매핑, 충돌 저항성이라는 세 가지 주요 특징을 가지며, 충돌이 발생했을 때는 오픈 해싱(체이닝)이나 클로즈드 해싱(선형 탐색) 기법으로 해결한다고 설명합니다. 궁극적으로 이 기법은 시간 복잡도를 줄이기 위해 메모리 공간을 더 사용하는 트레이드오프를 활용합니다.","[""Hashing"", ""Hashmap"", ""Array""]",algorithm,128
"[""c""]",https://www.youtube.com/watch?v=zFL29ydL9D8,"해시를 키-값(Key-Value) 형태의 자료구조로 소개하며, 배열과 달리 문자열과 같은 모든 데이터 타입의 키로 접근 가능하다는 장점을 강조합니다. 코딩 테스트에서 자주 나오는 '완주하지 못한 선수 찾기' 문제를 예시로 들며, 해시 맵을 사용하면 이름(문자열 키)을 기반으로 참여/완주 여부(값)를 효율적으로 관리할 수 있음을 설명합니다. 특히, put, get, 그리고 키가 없을 때 기본값을 반환하는 getOrDefault 함수 사용법을 통해 실용적인 활용을 제시합니다. 이 영상은 해시의 개념적 이해를 돕기 위해 배열과의 차이점을 중심으로 설명합니다.","[""Hashing"", ""Hashmap"", ""String""]",algorithm,129
"[""c""]",https://www.youtube.com/watch?v=k-oPKkxDy38,"해시 맵(또는 해시 테이블)의 가장 큰 장점은 데이터 크기에 관계없이 삽입, 삭제, 갱신, 탐색이 모두 상수 시간(O(1))에 처리된다는 점을 상세히 설명합니다. 한국 영화 배우 투표 시스템을 예로 들어, 새로운 배우가 득표할 때마다 이름(키)을 기반으로 득표수(값)를 빠르게 업데이트하거나 새로 추가하는 과정을 보여줍니다. 해시 함수는 키(문자열)를 배열의 인덱스(정수)로 변환하는 핵심 역할을 하며, 이를 통해 메모리를 효율적으로 사용하면서도 빠른 접근 속도를 확보한다고 말합니다. 이 자료는 성능 측면에서 해시 맵의 우수성을 강조합니다","[""Hashing"", ""Hashmap"", ""String']",algorithm,130
"[""cpp"",""python""]",https://www.youtube.com/watch?v=VnBae40DfjE,"수론적 알고리즘에 초점을 맞추며, 특히 암호학(RSA 등)의 기초가 되는 개념을 다룹니다. 유클리드 알고리즘(GCD)과 이를 확장한 확장 유클리드 알고리즘(모듈러 역원 계산)의 효율성을 설명합니다. 또한, 페르마의 소정리나 오일러의 토션 함수를 활용하여 모듈러 지수화가 왜 작동하는지, 그리고 RSA의 공개키/개인키 생성 및 복호화가 수학적으로 어떻게 보장되는지 설명합니다.","[""Math""]",algorithm,131
"[""python"", ""cpp"", ""java"", ""c""]",https://www.youtube.com/watch?v=Z-qH-RxOSwE,"컴퓨터의 빠른 속도에도 불구하고 방대한 데이터 크기 때문에 알고리즘의 효율성(속도와 메모리)이 매우 중요함을 강조합니다. 이 영상은 알고리즘의 중요성을 직관적으로 설명하며, 선형 탐색(O(n))과 이진 탐색(O(log n))의 성능 차이를 통해 알고리즘 설계가 실제 문제 해결에 미치는 영향을 시각적으로 보여줍니다. 더 나은 알고리즘 설계는 기술 발전 효과를 대체할 수 있으며, 이는 코딩 인터뷰에서 알고리즘 지식이 필수적인 이유라고 설명합니다.","[""Math"", ""Binary Search""]",algorithm,132
"[""c""]",https://www.youtube.com/watch?v=aj59L-_7V70,"알고리즘은 문제 해결을 위한 체계적인 일련의 명령문이며, 입력(Input)으로부터 원하는 출력(Output)을 도출하는 명확한 절차를 의미합니다. 단순 코딩 구현을 넘어, 수도 코드(Pseudocode)를 활용하여 논리적 표현력을 기르는 훈련이 중요하다고 강조합니다. 알고리즘 학습은 예상치 못한 오류를 방지하고 모든 경우를 다루는 컴퓨팅 사고력을 강화하는 데 필수적이며, 이는 자료 구조와 같은 선수 지식이 기반이 됨을 언급합니다.","[""Math""]",algorithm,133
"[""python"", ""cpp"", ""java"", ""c""]",https://www.youtube.com/watch?v=-I0-PFmCJHc,"알고리즘 효율성 분석의 핵심인 Big O 표기법을 소개합니다. 시간 복잡도와 공간 복잡도를 중심으로 설명하며, O(1)(상수), O(n)(선형), O(n²)(이차) 등 다양한 예시 코드를 통해 복잡도 계산법을 시연합니다. 특히, 중첩 루프(nested loop)와 순차 루프(sequential loop)의 차이를 명확히 하고, Big O 표기법에서 상수와 하위 항을 제거하여 가장 지배적인 성장률을 포착하는 규칙을 명확히 설명합니다.","[""Math"", ""Metrics""]",algorithm,134
"[""cpp"",""python""]",https://www.youtube.com/watch?v=U22u6E2udUI,"조합(Combination)은 코딩 테스트와 동적 계획법(DP)의 기초가 되는 핵심 이론입니다. 영상에서는 수학적 정의(nCr=n개 중 r개 선택nCr=n개 중 r개 선택)와 순열과의 차이점을 설명한 뒤, 알고리즘적 관점에서 조합의 점화식을 도출하는 과정을 상세히 다룹니다. 특히, 마지막 원소를 선택하거나 선택하지 않는 경우로 나누어 전체 경우의 수를 커버하는 논리를 통해 일반화된 점화식을 만드는 방법을 보여주며, 이는 DP 문제 해결의 근간이 됨을 강조합니다.","[""Math"", ""DP""]",algorithm,135
"[""python"", ""cpp"", ""java"", ""c""]",https://www.youtube.com/watch?v=bIcSWFaLZrk,"빅오(Big-O) 표기법은 알고리즘의 시간 복잡도와 공간 복잡도를 수학적으로 근사하여 표현하는 핵심 방법론입니다. 이 표기법은 알고리즘이 입력 크기(n)에 따라 얼마나 효율적인지를 환경 독립적으로 평가하게 합니다. 영상에서는 O(1), O(n), O(n log n) 등 주요 복잡도들의 의미를 설명하고, 실제 문제에서 T(n) = C * f(n) 형태의 방정식을 통해 상수 C를 구하고 원하는 입력 크기에서의 실행 시간을 예측하는 실질적인 문제 풀이 과정을 시연합니다.","[""Math"", ""Metrics""]",algorithm,136
"[""python"", ""cpp"", ""java"", ""c""]",https://www.youtube.com/watch?v=1weJkBzpAJE,"암호화 해시 함수의 핵심 자질로 결정론적, 빠른 계산 속도, 단방향성, 작은 변화에도 큰 결과값 변화(눈사태 효과), 그리고 낮은 충돌 확률을 명시합니다. 이러한 특성 덕분에 파일 다운로드 시 무결성을 검증하거나, 데이터베이스에 비밀번호를 안전하게 저장하는 데 필수적으로 활용된다고 설명합니다. MD5 같은 구형 해시 함수가 SHA-256 같은 최신 알고리즘보다 보안에 취약하다는 점을 지적하며, 데이터가 해시값으로 저장되어 서버 해킹 시에도 평문 유출 위험을 막는다는 점을 강조합니다","[""Hashing""]",algorithm,137
,https://www.youtube.com/watch?v=Fwsc5Hm6AIA,"면접에서 '모호한 상황을 처리한 경험'을 묻는 질문은 지원자의 비판적 사고 능력과 결단력을 평가하기 위해서입니다. 이러한 질문에 답할 때는 STAR 기법(상황, 과제, 행동, 결과)을 활용하여 구조적으로 설명하는 것이 중요합니다. 명확한 목표 설정과 질문을 통해 정보를 얻고, 자신감을 가지고 결정하는 모습을 보여주는 것이 성공적인 답변의 핵심입니다.",REQUIREMENT_CHECK,live_coding,138
,https://www.youtube.com/watch?v=k1oS6NUZkMk,"면접에서의 행동 질문에 대비하기 위해서는 자신이 겪었던 경험을 솔직하게 이야기하는 것이 중요합니다. 갈등 상황이 없었다면, 비슷한 의견 충돌이나 아이디어를 설득하는 경험을 활용해 자신의 영향력과 협상력을 강조하세요. 면접관은 당신의 역량을 이해하고 싶어하므로, 실제 경험을 바탕으로 자신을 어필하는 것이 효과적입니다.",REQUIREMENT_CHECK,live_coding,139
,https://www.youtube.com/watch?v=co3l_yfkPOo,"면접에서 기술적 능력뿐만 아니라 인성 및 대인관계 능력도 평가받는 것이 중요합니다. 특히, 행동 면접은 지원자의 과거 경험을 통해 미래의 성과를 예측하는 데 유용하며, 이는 조직 내에서의 상호작용과 갈등 해결 능력을 판단하는 데 큰 도움이 됩니다. 따라서 면접 준비 시, 자신의 경험을 바탕으로 사람들과의 관계를 어떻게 발전시켜왔는지를 잘 준비하는 것이 필요합니다.",REQUIREMENT_CHECK,live_coding,140
,https://www.youtube.com/watch?v=CJVpg4enHPA,"면접에서 중요한 점은 팀의 목표와 우선순위를 명확히 이해하고, 기능 요청의 효과와 노력의 비율을 고려하는 것입니다. 제품 관리자와의 소통을 통해 프로세스를 공유하고, 결과에 대한 이의 제기 가능성을 제공함으로써 팀원들의 참여를 유도하는 것이 필수적입니다. 마지막으로, 명확한 에스컬레이션 경로를 마련해 둬야 불필요한 갈등을 줄일 수 있습니다.",REQUIREMENT_CHECK,live_coding,141
,https://www.youtube.com/watch?v=pNDZ5Qx4uy0,"메서드 오버로딩 시, 인자는 우선 순위가 중요합니다. 가장 구체적인 인자 타입이 선택되므로, 예를 들어 `null`을 넘길 경우 자식 클래스인 `String`이 우선합니다. 만약 두 개의 메서드가 동일한 수준에서 인자를 받을 수 있다면, 모호성이 발생하여 컴파일 오류가 발생할 수 있습니다. 이럴 때는 항상 계층 구조를 고려해야 합니다. 면접에서 오버로딩 관련 질문이 나오면, 인자의 구체성과 계층 구조를 명확히 설명하는 것이 중요하며, 예시를 통해 이해도를 높이는 것이 좋습니다.",REQUIREMENT_CHECK,live_coding,142
,https://www.youtube.com/watch?v=fRMn_uUh_ec,"면접에서 데이터 구조 질문에 잘 대응하기 위한 몇 가지 팁을 소개합니다. 첫째, 질문을 명확히 이해하고 코딩에 바로 들어가지 말고 입력 제약 조건과 기대 출력에 대해 설명하라. 둘째, 코딩 전에 접근 방식을 설명하고, 사용하려는 데이터 구조와 알고리즘 단계를 인터뷰어에게 공유하는 것이 중요하다. 마지막으로, 코드를 작성한 후 간단한 예제를 통해 테스트하고, 시간과 공간 복잡성을 고려하여 최적화할 기회가 있을 때 이를 요청하라.",REQUIREMENT_CHECK,live_coding,143
,https://www.youtube.com/watch?v=fQW6-2yfsBY,"구글 소프트웨어 엔지니어 면접에서 성공하려면 문제를 정확히 이해하고 명확하게 소통하는 것이 중요합니다. 문제를 해결하기 전에 직접 예시를 들어 확인하고, 경계 사례를 질문하여 자신의 문제 해결 능력을 보여주세요. 처음에는 간단한 해결책부터 시작하고, 필요할 때 더 나은 솔루션으로 넘어가는 것이 좋습니다.",REQUIREMENT_CHECK,live_coding,144
,https://www.youtube.com/watch?v=Ti5vfu9arXQ,"면접에서 중요한 팁은 질문의 명확성을 확보하는 것입니다. 면접관과의 커뮤니케이션을 통해 가정이나 요구사항을 명확히 하고, 문제 해결 과정을 설명하는 것이 중요합니다. 또한, 작은 구문 오류에 신경 쓰기보다는 전반적인 로직을 중시하며, 효율적인 솔루션을 제시하는 연습을 해두는 것이 좋습니다.",REQUIREMENT_CHECK,live_coding,145
,https://www.youtube.com/watch?v=Q4C3ZRJLnac,"면접을 준비할 때, 문제를 반복해서 말하는 것은 매우 중요합니다. 이는 문제를 명확히 이해할 수 있게 도와주고, 오해를 방지하며, 사고를 정리하는 데 유용합니다. 또한, 명확한 질문을 통해 가정 사항을 점검하고 적절한 도구와 접근 방식을 파악하는 연습을 해야 합니다.",REQUIREMENT_CHECK,live_coding,146
,https://www.youtube.com/watch?v=46dZH7LDbf8,"코딩 면접에서 성공하기 위한 몇 가지 팁은 다음과 같습니다. 첫째, 문제를 이해했는지 확인하기 위해 질문을 반복해보세요. 둘째, 코드 작성을 시작하기 전에 필요한 자료구조와 알고리즘을 명확히 계획하는 것이 중요합니다. 마지막으로, 면접관의 피드백을 적극적으로 수용하고 개선점을 반영하여 다음 면접 준비에 활용하세요.",REQUIREMENT_CHECK,live_coding,147
,https://www.youtube.com/watch?v=qz9tKlF431k,"구글 코딩 면접을 준비할 때는 실제 면접과 유사한 환경을 조성하는 것이 중요합니다. 문제를 해결하는 접근 방식을 생각하며, 화면 공유를 통해 코드와 아이디어를 시각적으로 표현하는 연습을 하세요. 면접 후 피드백 세션을 통해 면접관의 시각을 이해하고 개선점을 찾아보는 것도 큰 도움이 됩니다.",REQUIREMENT_CHECK,live_coding,148
,https://www.youtube.com/watch?v=Ebyesd3mPAA,"구글의 면접은 합격률이 1%도 안 되며, 따라서 준비가 매우 중요합니다. 문제를 해결하는 과정에서 자신의 사고 과정을 명확히 전달하는 것이 필수적이며, 가능한 한 많은 예외를 고려해야 합니다. 또한, 처음에는 느린 방법으로 접근하더라도 점차 더 효율적인 해결책을 모색하는 것이 중요합니다.",REQUIREMENT_CHECK,live_coding,149
,https://www.youtube.com/watch?v=CqCqX9_86R8,"구글 면접에서 흔히 접하는 문제들은 교과서적인 것이 아니라, 예상치 못한 질문들이 많아 기본적인 코딩 실력의 중요성이 강조됩니다. 면접 중 긴장으로 인해 간단한 오류를 범하는 경우가 많으므로, 기본적인 조건문과 반복문에 대한 숙련도를 높여야 합니다. 또한, 복잡한 문제를 풀기 전에 쉬운 문제를 충분히 연습하는 것이 필요하며, 중급 문제는 기본적인 문제를 50개 이상 해결한 후에 도전해야 합니다.",REQUIREMENT_CHECK,live_coding,150
,https://www.youtube.com/watch?v=ft0owvS5tQA,"코딩 면접에서 중요한 여섯 가지 개념 중 하나로 힙(Heap) 자료구조가 있습니다. 힙은 최소값이나 최대값을 효율적으로 찾는 데 유용하며, 문제를 N개의 값을 가지고 힙을 구축할 때 O(N) 시간 복잡도로 처리할 수 있습니다. 또한 슬라이딩 윈도우 기법을 통해 배열을 두 개의 포인터로 순회하며 문제를 해결하는 방법도 자주 등장하니, 이러한 기법들을 잘 익혀 두는 것이 중요합니다.",REQUIREMENT_CHECK,live_coding,151
,https://www.youtube.com/watch?v=4tYoVx0QoN0,"면접 준비 시, 알고리즘 문제를 푸는 데 있어 기본적인 데이터 구조와 개념을 명확히 이해하는 것이 중요합니다. 특히, 문제를 해결할 때는 문제의 요구사항을 정확히 파악하고, 이를 바탕으로 접근 방법을 체계적으로 정리하는 것이 필요합니다. 또한, 실제 면접에서는 면접관과의 소통이 중요하므로, 자신의 생각을 명확히 전달하고 질문하는 연습도 게을리하지 말아야 합니다.",REQUIREMENT_CHECK,live_coding,152
,https://www.youtube.com/watch?v=EuPSibuIKIg,"면접에서 기술 문제를 해결할 때는, 문제의 요구 사항을 명확히 이해하고, 예시를 통해 접근 방식을 정리하는 것이 중요하다. 실제 면접에서는 시간 압박 속에서 문제를 해결해야 하므로, 평소에 다양한 문제를 풀어보며 연습하는 것이 필요하다. 면접 후에는 자신이 어떻게 문제를 접근했는지 되짚어보고 피드백을 받는 것이 향후 개선에 큰 도움이 된다.",REQUIREMENT_CHECK,live_coding,153
,https://www.youtube.com/watch?v=we7ba0slWrc,"구글 기술 면접 준비를 위해, 면접 환경을 미리 점검하고 필요한 장비(노트북, 웹캠, 전화기)를 준비하세요. 면접 시 본인의 문제 해결 능력과 코딩 숙련도를 잘 보여주는 것이 중요하며, 다양한 솔루션을 제시하고 그 장단점을 논의하는 것도 필요합니다. 지원하는 역할에 따라 기술적인 요구 사항이 다르므로, 면접관에게 구체적인 기대 사항을 물어보는 것이 좋습니다.",REQUIREMENT_CHECK,live_coding,154
,https://www.youtube.com/watch?v=rMj6KnxZu5M,"면접에서 가장 흔히 저지르는 실수는 문제를 명확히 이해하지 않고 즉시 코딩에 들어가는 것입니다. 면접관과 질문을 충분히 확인하고, 문제의 유형을 이해한 후에 알고리즘을 설명하는 것이 중요합니다. 또한, 문제 해결에 어려움을 겪을 때는 조용히 있지 말고 자신의 사고 과정을 공유하여 면접관에게 도움을 요청하는 것이 필요합니다.",REQUIREMENT_CHECK,live_coding,155
,https://www.youtube.com/watch?v=ajI9R-6saEk,"면접에서 좋은 인상을 남기기 위해서는 코딩 실력뿐만 아니라 비코딩 요소도 중요하다는 점을 기억해야 합니다. 문제를 명확히 이해하고 질문하는 능력, 각 단계에서 자신의 생각을 설명하는 커뮤니케이션 스킬, 코드 테스트 및 복잡도 분석 등을 통해 면접관에게 신뢰를 줄 수 있습니다. 따라서 단순히 문제 풀이에 집중하기보다는 이러한 비코딩 요소들을 충분히 활용해 면접 준비를 해야 합니다.",REQUIREMENT_CHECK,live_coding,156
,https://www.youtube.com/watch?v=-QxUp8MwbWw,"코딩 면접을 준비할 때 가장 중요한 요소는 알고리즘과 데이터 구조입니다. 문제 해결 능력을 보여주기 위해서는 개념적으로 문제를 이해하고 이를 코드로 옮길 수 있어야 하며, 다양한 알고리즘과 데이터 구조에 대한 깊은 이해가 필요합니다. 반복 학습을 통해 이 핵심 개념들을 숙지하면 면접에서 유리한 고지를 점할 수 있습니다.",REQUIREMENT_CHECK,live_coding,157
,https://www.youtube.com/watch?v=6l3ww3KOYes,"면접에서 중요한 질문을 미리 준비하는 것이 성공의 열쇠입니다. 첫째, 사용해야 할 프로그래밍 언어가 무엇인지 분명히 확인하고, 둘째, 언어에 내장된 함수나 라이브러리를 사용할 수 있는지 물어보세요. 마지막으로, 입력 데이터의 유형을 파악하는 것도 중요하며, 이를 통해 문제를 더 잘 이해하고 해결할 수 있습니다.",REQUIREMENT_CHECK,live_coding,158
,https://www.youtube.com/watch?v=Cq7eND5KSPk,"코딩 면접에서 성공하기 위한 핵심은 문제를 암기하는 대신 문제 해결 패턴을 익히는 것입니다. 면접관은 여러분의 사고 과정을 이해하고 싶어 하므로, 답변의 정답 여부보다 여러분의 접근 방식과 소통 능력이 중요합니다. 또한, 면접 준비 시 다양한 문제를 접하고 실제 상황을 고려하는 연습이 필요합니다.",REQUIREMENT_CHECK,live_coding,159
,https://www.youtube.com/watch?v=1qw5ITr3k9E,"개발자 면접에서 성공하기 위한 몇 가지 꿀팁은 다음과 같습니다. 첫째, 문제를 해결할 때 객체 지향 프로그래밍과 동적 프로그래밍을 활용하여 효율적인 코드를 작성하는 것이 중요합니다. 둘째, 면접관의 질문에 대해 깊이 있는 이해를 바탕으로 질문하고, 최적화된 솔루션을 제시하는 능력을 보여줘야 합니다. 마지막으로, 시간 관리가 중요하기 때문에 주어진 시간 내에 문제를 완수하는 연습을 게을리하지 말아야 합니다.",REQUIREMENT_CHECK,live_coding,160
,https://www.youtube.com/watch?v=rw4s4M3hFfs,"구글 면접에서 중요한 점은 실제 소프트웨어 엔지니어와의 인터뷰를 통해 더 현실적인 경험을 쌓는 것입니다. 실제 코딩 인터뷰는 Google Docs와 같은 플랫폼에서 진행되며, 문제를 해결하는 능력뿐만 아니라 긴장감을 관리하는 것도 중요합니다. 따라서 면접 준비 시 다양한 질문에 대한 연습과 함께, 피드백 세션을 통해 자신의 성과를 분석하는 것이 효과적입니다.",REQUIREMENT_CHECK,live_coding,161
,https://www.youtube.com/watch?v=T53EyLPj4UM,"구글 면접 준비 시, 추천인을 통해 지원하거나 LinkedIn에서 리크루터에게 직접 연락하는 것이 효과적입니다. 면접 일정이 늦어지더라도 적극적으로 소통하며 자신의 상황을 알리는 것이 중요하며, 이를 통해 긍정적인 결과를 얻을 수 있습니다. 마지막으로, 데이터 구조와 알고리즘을 꾸준히 연습하며 패턴을 학습하는 체계적인 준비 방식이 필요합니다.",REQUIREMENT_CHECK,live_coding,162
,https://www.youtube.com/watch?v=L9TfZdODuFQ,"시스템 설계 면접에서 중요한 것은 문제의 범위를 정확히 정의하고, 요구사항을 명확히 하는 것입니다. 다양한 솔루션을 논의하며 장단점을 분석하는 것이 핵심이며, 45분이라는 제한된 시간 안에 체계적인 접근 방식을 통해 문제를 해결해야 합니다. 면접관과의 소통을 통해 그들의 힌트를 잘 듣고, 고차원적인 시스템 구조를 설계하는 능력을 보여주는 것이 중요합니다.",REQUIREMENT_CHECK,live_coding,163
,https://www.youtube.com/watch?v=dNtks5NfUwc,"면접 질문에 대한 답변을 구조화하는 것이 중요합니다. 첫째, 질문을 잘 듣고 메모하며, 필요한 경우 명확한 질문을 통해 면접관의 기대를 확인하세요. 둘째, 답변하기 전에 잠시 생각하고 구조화된 방식으로 대답하여 일관성 있는 답변을 제공하는 것이 좋습니다.",REQUIREMENT_CHECK,live_coding,164
,https://www.youtube.com/watch?v=r7Av63y4kq8,"면접에서 기술적인 질문에 대비하기 위해, 다음 네 가지 주요 영역을 준비하는 것이 중요합니다. 첫째, 엔지니어와의 협업 경험을 묻는 질문에 대해 구체적인 사례를 준비하세요. 둘째, 과거 프로젝트의 아키텍처를 설명할 수 있도록 연습하세요. 셋째, 기초적인 컴퓨터 과학 지식을 숙지하고, 넷째, 시스템 디자인 질문에 대한 사고를 미리 해보는 것이 필요합니다. 이러한 준비를 통해 기술 면접에서 자신감을 갖고 효과적으로 대화할 수 있을 것입니다.",REQUIREMENT_CHECK,live_coding,165
,https://www.youtube.com/watch?v=bqCXVpRqTpE,"페이스북의 데이터 엔지니어링 면접에서는 면접관이 지원자가 성공하기를 진심으로 바란다는 점을 기억하는 것이 중요합니다. 면접 준비 과정에서의 시간과 비용이 막대하기 때문에 지원자는 긴장하지 않고 대화하듯 문제를 해결하는 접근이 필요합니다. 또한 다양한 지원자 그룹의 경향을 분석하여, 자신의 약점을 파악하고 보완하는 것이 면접 준비에 도움이 됩니다.",REQUIREMENT_CHECK,live_coding,166
,https://www.youtube.com/watch?v=L9TfZdODuFQ,"시스템 디자인 면접에서는 복잡한 문제를 해결하기 위한 아키텍처 설계 능력을 평가합니다. 문제의 범위를 명확히 하고 기능 및 비기능 요구사항을 정리하는 것이 중요하며, 면접관과의 소통을 통해 진행 상황을 공유해야 합니다. 또한, 고수준의 시스템 설계를 먼저 하고, 필요한 데이터 양을 추정한 후에 세부 사항을 구체화하는 접근법이 효과적입니다.",REQUIREMENT_CHECK,live_coding,167
,https://www.youtube.com/watch?v=V8DGdPkBBxg,"면접 준비 시, 자신의 편안한 프로그래밍 언어로 코드를 작성하고, 명확성과 가독성을 우선시하는 것이 중요합니다. 또한, 면접 중에는 코드 실행이 필요 없으므로 문법 오류에 대해 너무 걱정하지 않아도 됩니다. 마지막으로, 면접 후 질문할 시간을 충분히 가지며, 면접 프로세스에 대한 궁금증을 해소하는 것이 좋습니다.",REQUIREMENT_CHECK,live_coding,168
,https://www.youtube.com/watch?v=Ru54dxzCyD0,"면접 준비를 위해 시스템 디자인 인터뷰의 기본 개념과 요구 사항을 이해하는 것이 중요합니다. 특히, 기능적 요구 사항(예: 사용자 티켓 예약 기능)과 비기능적 요구 사항(예: 저지연 처리)을 명확히 하고, 이를 바탕으로 프레임워크를 세워 문제를 해결하는 접근법을 취하세요. 마지막으로, 공통적인 문제 유형을 중심으로 연습하고 패턴을 식별하는 것이 효과적인 준비 방법입니다.",REQUIREMENT_CHECK,live_coding,169
,https://www.youtube.com/watch?v=Vo1Lj5eYtgU,"면접에서 시스템 설계를 할 때는 사용자 요구사항을 명확하게 이해하고 기술적 요구사항으로 변환하는 것이 중요합니다. 시간을 효율적으로 관리하며 핵심 포인트에 집중해야 하며, 완벽한 시스템은 없다는 점을 인식하고 비즈니스와 기술 간의 균형을 맞추는 것이 필수적입니다. 마지막으로, 자신감을 가지고 질문을 주저하지 말고 필요한 부분을 명확히 하는 태도가 필요합니다.",REQUIREMENT_CHECK,live_coding,170
,https://www.youtube.com/watch?v=i7twT3x5yv8,"면접에서 시스템 디자인 프레임워크를 활용하면 구조적으로 문제를 이해하고 설계를 제안할 수 있어 시간을 효율적으로 사용할 수 있습니다. 면접의 첫 단계에서는 문제를 명확히 하고 요구사항을 파악하는 것이 중요하며, 비기능적 요구사항과 우선순위가 높은 기능에 집중해야 합니다. 마지막으로, 고수준 설계를 제안하고 면접관과 합의하는 과정을 통해 면접에 대한 확신을 얻을 수 있습니다.",REQUIREMENT_CHECK,live_coding,171
,https://www.youtube.com/watch?v=1qw5ITr3k9E,"면접에서 성공하기 위해서는 문제를 명확히 이해하고, 질문을 통해 깊이 파고드는 능력을 보여주는 것이 중요합니다. 또한, 객체 지향 프로그래밍과 동적 프로그래밍을 활용하여 문제 해결 능력을 증명해야 하며, 제한된 시간 내에 코드를 최적화하는 연습이 필요합니다. 마지막으로, 실제 면접처럼 모의 면접을 통해 경험을 쌓고, 다양한 알고리즘 문제를 다루는 것이 실력을 향상하는 데 큰 도움이 됩니다.",REQUIREMENT_CHECK,live_coding,172
,https://www.youtube.com/watch?v=KB_7X3iIHQ4,"실전 면접에서 성공하려면, 문제 해결 과정에서 자신의 생각을 명확히 전달하는 것이 중요합니다. 기본 개념에 대한 이해도를 높이고, 그 위에 고급 기술을 쌓아가는 것이 필요합니다. 또한, 장기적인 해결책을 고려하며 대규모 사용자 기반을 염두에 두는 것이 좋습니다.",REQUIREMENT_CHECK,live_coding,173
,https://www.youtube.com/watch?v=DjFAFgaFnzc,"면접에서 효과적으로 소통하기 위해서는 문제를 이해하는 데 주의를 기울이고, 해결 방법을 구조적으로 설명해야 합니다. 시간 제한이 있는 상황에서는 문제를 빠르게 분석하고 우선순위를 정해 접근하는 것이 중요합니다. 또한, 실전 경험을 통해 알고리즘과 자료 구조를 최적화하는 능력을 키우는 것이 면접 준비에 큰 도움이 됩니다.",LOGIC_DESIGN,live_coding,174
,https://www.youtube.com/watch?v=CWpjMVsruv4,"주식 매매의 최적 시점을 찾는 문제는 개발자 면접에서 자주 등장하는 난제입니다. 초반에는 모든 가능한 조합을 시도하는 '브루트 포스' 접근법이 사용되지만, 이는 비효율적이므로 각 가격을 한 번만 살펴보는 더 스마트한 방법을 찾아야 합니다. 면접에서는 알고리즘의 시간 복잡성을 고려하고, 최적화된 솔루션을 제시하는 것이 중요한 포인트입니다.",LOGIC_DESIGN,live_coding,175
,https://www.youtube.com/watch?v=u_zWHN2y2zM,"면접 준비를 위해, 문제 해결 접근 방식을 명확히 하고 다양한 방법을 익히는 것이 중요합니다. 브루트 포스 방법으로 시작해 최적의 BFS 방식을 통해 문제를 해결하는 과정이 유익하며, 이를 통해 시간 복잡성을 줄일 수 있습니다. 또한, 큐와 같은 데이터 구조를 활용하여 최소 단계로 목표 인덱스에 도달하는 방법을 연습하는 것이 좋습니다.",LOGIC_DESIGN,live_coding,176
,https://www.youtube.com/watch?v=0iKRnzUyKa4,"면접에서 중복 요소 확인 문제를 다룰 때, 문제의 핵심을 명확히 이해하고 이전 문제와의 연관성을 파악하는 것이 중요합니다. 브루트 포스 접근 방식을 활용해 배열 전체를 순회하며 중복을 찾는 방법을 시도해 보세요. 또한, 문제 해결 전에 잠시 생각할 시간을 가지며 아이디어를 정리하는 것도 도움이 됩니다.",LOGIC_DESIGN,live_coding,177
,https://www.youtube.com/watch?v=5J0vn8Wo6-w," 면접에서는 문제 해결 접근 방식을 단계별로 설명하는 것이 중요하다. 처음에는 브루트 포스 방법을 사용하고, 이후에 더 나은 최적화 방법으로 발전시키는 과정을 보여야 한다. 시간 복잡도를 명확히 분석하고, 어떤 방식으로 최적화를 할 수 있을지 고민하는 태도가 필요하다. 이를 통해 문제 해결 능력을 강조할 수 있다. 포인터 기법과 정렬 알고리즘 같은 효율적인 접근 방식을 활용하여 문제를 해결하는 방법을 제시하면, 면접관에게 깊이 있는 이해도를 어필할 수 있다.",LOGIC_DESIGN,live_coding,178
,https://www.youtube.com/watch?v=AikGLtM-GhI,"배열에서 다수 요소를 찾는 문제를 해결하는 두 가지 방법을 소개합니다. 첫 번째는 해시 맵을 사용하여 각 요소의 빈도를 세고, n/2 이상인 요소를 반환하는 방법이며, 이 방법은 O(n) 시간과 O(n) 공간 복잡도를 가집니다. 두 번째는 정렬을 이용해 배열을 정렬한 후, 현재 요소와의 비교를 통해 다수 요소를 찾아내는 방법으로, 이 경우 O(n log n) 시간 복잡도를 가지며, 공간 복잡도는 O(1)입니다. 면접 시 복잡도 분석과 최적의 접근 방식을 설명하는 것이 중요합니다.",LOGIC_DESIGN,live_coding,179
,https://www.youtube.com/watch?v=WXIi77uN96c,"코딩 면접에서 중요한 문제를 다루는 이 영상에서는 회의실 배정 문제를 해결하는 방법을 소개합니다. 핵심 포인트는 회의가 겹치는 경우 별도의 방이 필요하고, 연속적으로 진행되는 회의는 기존 방을 재사용할 수 있다는 것입니다. 면접을 준비할 때는 문제의 복잡도와 제약 조건을 고려하여 효율적인 알고리즘(O(N log N))을 선택하는 것이 중요합니다.",LOGIC_DESIGN,live_coding,180
,https://www.youtube.com/watch?v=2loBrKWUmBg,"이 면접에서는 동적 프로그래밍 기법을 활용하여 로봇이 격자판의 좌상단에서 우하단으로 이동하는 경로의 수를 계산하는 문제를 다룹니다. 면접 준비 시, 다양한 접근 방식(재귀, 상향식 DP, 하향식 DP)을 이해하고, 시간 복잡도를 고려해 최적의 해결책을 제시하는 연습이 중요합니다. 특히, 최대 10^8번의 연산 내에 문제를 해결할 수 있는 알고리즘을 구상하는 것이 핵심입니다.",LOGIC_DESIGN,live_coding,181
,https://www.youtube.com/watch?v=XWkUr9h5U6g,"면접에서 중복된 숫자가 있는지 확인하는 문제를 해결할 때, 여러 접근 방식을 고려해야 합니다. 첫 번째로, 브루트 포스 방식으로 두 개의 루프를 사용해 모든 요소를 비교하는 방법이 있지만, 이는 시간 복잡도가 O(n^2)로 비효율적입니다. 두 번째로, 배열을 정렬한 후 인접한 요소를 비교하는 방법이 있으며, 이 경우 시간 복잡도는 O(n log n)으로 개선됩니다. 마지막으로, 해시셋을 사용해 중복을 체크하는 방법도 고려할 수 있습니다.",LOGIC_DESIGN,live_coding,182
,https://www.youtube.com/watch?v=3a4PUSaG_AQ,"면접에서 중요한 코딩 문제인 3-Sum 문제를 해결할 때, 두 가지 접근법을 고려할 수 있습니다: 첫 번째는 모든 가능한 조합을 확인하는 브루트 포스 방법이고, 두 번째는 최적화된 방법입니다. 이 문제를 해결할 때는 중복된 조합을 피하고, 각 조합의 합이 0이 되는지 확인하는 것이 중요합니다. 면접 준비 시, 다양한 접근법을 이해하고 연습하는 것이 실력을 키우는 데 큰 도움이 됩니다.",LOGIC_DESIGN,live_coding,183
,https://www.youtube.com/watch?v=FisPMhdL2XM,"코딩 면접 준비를 위한 몇 가지 꿀팁을 소개합니다. 첫째, 문제의 목표를 명확히 이해하고, 다양한 접근 방식을 시도해보는 것이 중요합니다. 둘째, 코드 작성 전에는 드라이 런을 통해 알고리즘의 흐름을 점검하고, 각 단계에서 변수를 확인하는 연습을 해보세요.",LOGIC_DESIGN,live_coding,184
,https://www.youtube.com/watch?v=Y67f698sQY0,"면접에서 알고리즘 문제를 다룰 때, 단순히 '브루트 포스(brute force)' 방법만 사용하는 대신, 최적화된 알고리즘을 고민해보는 것이 중요합니다. 최적화된 접근법은 효율성을 높이고 자원을 잘 활용하여 보다 빠르게 해결책에 도달할 수 있도록 도와줍니다. 따라서 문제 해결 과정에서 다양한 시나리오를 고려하고, 결과를 분석하여 의도적으로 접근하는 것이 성공적인 면접의 열쇠입니다.",LOGIC_DESIGN,live_coding,185
,https://www.youtube.com/watch?v=aGWnHYwuuMk,"면접에서 배열의 두 숫자를 더해 특정 값을 만드는 문제를 해결할 때, 브루트포스 접근법을 사용할 수 있습니다. 이 방법은 모든 가능한 조합을 시도하여 정답을 찾는 것입니다. 또한, 같은 요소를 두 번 사용할 수 없으므로 루프를 쉽게 관리할 수 있으며, 이전에 선택한 인덱스는 다시 선택하지 않도록 주의해야 합니다.",LOGIC_DESIGN,live_coding,186
,https://www.youtube.com/watch?v=5XjMa9aUy_U,"코딩 면접에서 '유효한 애너그램' 문제를 해결하는 방법에 대해 살펴보았습니다. 가장 간단한 접근 방법인 완전탐색은 비효율적이므로, 문자열의 문자를 정렬하여 비교하는 방식이 더 효과적입니다. 정렬 알고리즘은 대부분의 프로그래밍 언어에서 기본으로 제공되므로, 이를 활용하면 간편하게 문제를 해결할 수 있습니다.",LOGIC_DESIGN,live_coding,187
,https://www.youtube.com/watch?v=Q4C3ZRJLnac,"코딩 면접에서 성공하기 위한 **6단계 전략**을 기억하세요. 첫 번째로, 문제를 반복해서 명확히 이해하고, 자신의 말로 설명해보는 것이 중요합니다. 이를 통해 생각할 시간을 벌고, 인터뷰어와의 소통을 원활하게 하며, 문제에 대한 새로운 관점을 얻을 수 있습니다. 둘째, 가정 사항을 확인하고 명확한 질문을 통해 필요한 도구를 파악하세요; 이는 문제 해결에 큰 도움이 됩니다.",LOGIC_DESIGN,live_coding,188
,https://www.youtube.com/watch?v=DkCOduhRt5s,"면접 준비에서 중요한 것은 '브레인스토밍' 능력을 향상시키는 것입니다. 문제를 해결하기 위해 다양한 아이디어를 모색하는 과정을 연습하면 면접에서도 좋은 결과를 얻을 수 있습니다. 따라서, 기술 면접 전에 충분한 준비와 연습을 통해 자신만의 방법론을 마련해 두는 것이 추천됩니다.",LOGIC_DESIGN,live_coding,189
,https://www.youtube.com/watch?v=IO5ReIDbLus,"면접 준비를 위해서는 데이터 사이언스 관련 기본 개념을 철저히 숙지하는 것이 필수적입니다. 구글링을 통해 상위 10개 질문을 확인하고, 이론적 질문에 대한 이해를 바탕으로 자신감을 가지고 답변할 수 있도록 연습하세요. 또한, 자신에 대한 소개를 미리 준비하여 면접에서 긍정적인 인상을 줄 수 있도록 하세요.",LOGIC_DESIGN,live_coding,190
,https://www.youtube.com/watch?v=OIkOfRWE3M8,"실전 면접 꿀팁: HTML, CSS, JavaScript의 기초를 확실히 이해하고, 이를 활용한 프로젝트 경험이 중요하다. 개인 사이트나 포트폴리오를 만들어 실력을 보여주는 것도 좋다. 또한, 다양한 기술을 접하고 실습하면서 기초 지식을 지속적으로 다지는 것이 필요하다.",LOGIC_DESIGN,live_coding,191
,https://www.youtube.com/watch?v=0K_eZGS5NsU,"파이썬은 동적 타이핑 언어로, 변수를 선언할 때 타입을 명시할 필요가 없어 코딩 인터뷰에서 유연하게 사용할 수 있습니다. 또한, 조건문과 반복문에서 괄호나 중괄호 없이 들여쓰기를 통해 구조를 명확히 할 수 있어 코드가 간결해집니다. 면접 준비를 위해 Python을 배우는 것이 좋으며, 무료 리소스를 제공하는 neatcode.io를 활용해보세요.",LOGIC_DESIGN,live_coding,192
,https://www.youtube.com/watch?v=kmM23OHgLpE,"면접에서 복잡한 문제를 다룰 때, 항상 문제를 시각화하는 것이 중요합니다. 예를 들어, 회전된 정렬 배열에서 특정 요소의 존재 여부를 확인할 때는, 배열의 인덱스와 값을 그래프로 표현해 이해를 돕는 방법이 효과적입니다. 또한, 문제 해결을 위한 다양한 접근 방식을 탐색하는 것이 면접에서 좋은 인상을 남길 수 있습니다.",LOGIC_DESIGN,live_coding,193
,https://www.youtube.com/watch?v=EZKgpZTK784,"개발자 면접 준비를 위해 다음과 같은 팁을 고려하세요. 첫째, 스크리너 인터뷰는 주로 기본 자격을 확인하는 단계이므로 긴장할 필요가 없습니다. 둘째, 기술 면접에서는 통계 및 머신러닝 개념에 대한 질문이 나올 수 있으므로 사전 준비가 필요합니다. 마지막으로, 문화 적합성도 중요한 평가 요소이니, 자신의 경험과 가치관을 잘 표현할 수 있도록 연습하세요.",LOGIC_DESIGN,live_coding,194
,https://www.youtube.com/watch?v=RCR1MO0ObPo,"코딩 면접에서 성공하려면 문제를 해결하기 위한 최적의 알고리즘을 작성하는 것이 중요합니다. 이를 위해 올바른 데이터 구조를 선택하는 것이 필수적이며, 데이터 구조의 기본 개념을 이해하면 복잡하지 않다는 점을 기억해야 합니다. 기본 데이터 구조인 배열과 해시 테이블의 장단점을 파악하고, 문제에 따라 적절한 데이터 구조를 선택하는 연습을 통해 면접 준비를 철저히 할 수 있습니다.",LOGIC_DESIGN,live_coding,195
,https://www.youtube.com/watch?v=kkQ3Jt8k2f0,"면접에서 데이터 구조와 알고리즘을 선택하는 것은 종종 어렵습니다. 문제를 처음 접할 때 가장 적절한 알고리즘을 찾기 힘들 수 있으므로, 다양한 자료구조에 대한 이해도를 높이고 실전 문제를 많이 풀어보는 것이 중요합니다. 또한, 면접 중 새로운 알고리즘에 대한 질문이 나올 수 있으니 항상 최신 기술 동향을 파악하고 준비하는 것이 필요합니다.",LOGIC_DESIGN,live_coding,196
,https://www.youtube.com/watch?v=ouipSd_5ivQ,"면접에서 데이터 구조에 대한 깊은 이해는 필수적입니다. 리스트, 배열, 스택, 큐, 힙, 트리, 해시 테이블 등 다양한 데이터 구조의 특징과 활용 사례를 정리해 두면, 실전 코딩 시 효율적인 문제 해결이 가능합니다. 특히, 각 데이터 구조의 사용 목적에 맞춰 적절한 선택을 하는 것이 면접에서 긍정적인 평가를 받을 수 있는 핵심 포인트입니다.",LOGIC_DESIGN,live_coding,197
,https://www.youtube.com/watch?v=O9v10jQkm5c,"기술 면접에서 데이터 구조의 중요성을 인식하고, 시간 복잡도(Big O)를 이해하는 것이 필수적입니다. Big O는 알고리즘의 효율성을 측정하는 방법으로, O(1)과 같은 상수 시간 복잡도는 가장 빠른 반면, O(N^2)와 같은 다항식 시간 복잡도는 비효율적입니다. 따라서 다양한 데이터 구조와 그 특성을 이해하고, 상황에 맞는 알고리즘 선택이 중요합니다.",LOGIC_DESIGN,live_coding,198
,https://www.youtube.com/watch?v=tNrNLoCqzco,"개발자 면접 준비 시, 자신이 이미 익숙한 프로그래밍 언어를 활용하되, 파이썬을 배우는 것이 추천됩니다. 파이썬은 코드가 간결하고 이해하기 쉬워서 문제 해결에 집중할 수 있으며, 많은 면접관들이 이 언어에 익숙합니다. 또한, '즉시 학습(jet learning)' 방식을 통해 코딩 인터뷰에 가장 필요한 핵심 개념을 선택적으로 배우고, 100개의 자주 묻는 문제를 통해 점진적으로 실력을 쌓아가는 것이 효과적입니다.",LOGIC_DESIGN,live_coding,199
,https://www.youtube.com/watch?v=F-ao3Q6I2Fc,"자료구조와 알고리즘(DSA)을 효율적으로 마스터하기 위해서는 먼저 선형 자료구조(배열, 연결 리스트 등)부터 시작하고, 그 다음에 비선형 자료구조(트리, 그래프 등)로 넘어가는 것이 중요합니다. 문제 해결 기법을 배우면서는 두 포인터, 슬라이딩 윈도우, 재귀와 같은 기본 패턴을 숙지해야 하며, 한 번에 여러 주제를 배우기보다는 한 주제에 집중하여 이해하는 것이 더 효과적입니다. 마지막으로, 알고리즘의 시간과 공간 복잡성을 이해하는 것이 DSA 학습에 큰 도움이 됩니다.",LOGIC_DESIGN,live_coding,200
,https://www.youtube.com/watch?v=cODCpXtPHbQ,"면접에서 데이터베이스 선택은 시스템의 확장성과 성능에 큰 영향을 미칩니다. 데이터의 구조, 쿼리 패턴, 그리고 필요한 스케일을 고려해 적절한 데이터베이스를 선택하는 것이 중요합니다. 또한, 캐시 솔루션을 활용하여 성능을 최적화할 수 있으며, 레디스와 같은 검증된 캐시 솔루션을 사용하는 것이 추천됩니다.",LOGIC_DESIGN,live_coding,201
,https://www.youtube.com/watch?v=E0Hmnixke2g,"머신러닝 알고리즘을 선택할 때는 문제 유형에 따라 감독 학습(supervised learning)과 비감독 학습(unsupervised learning)으로 나누고, 각 알고리즘의 기본 개념을 이해하는 것이 중요합니다. 감독 학습에서는 입력 변수와 예측할 출력 변수를 기반으로 관계를 찾는 반면, 비감독 학습은 데이터의 패턴을 스스로 발견하게 합니다. 면접 준비 시, 알고리즘의 기본 원리와 예제를 명확히 이해하고, 다양한 문제에 맞는 알고리즘을 선택할 수 있는 능력을 기르는 것이 필요합니다.",LOGIC_DESIGN,live_coding,202
,https://www.youtube.com/watch?v=1t1_a1BZ04o,"면접에서 중요한 것은 문제를 단순화하고 접근하는 방법을 명확히 하는 것이다. 코드 작성을 시작하기 전에 문제를 이해하고, 조건을 정리하는 것이 중요하며, 이를 통해 긴장을 줄일 수 있다. 또한, 면접관에게 질문하며 대화를 이어가는 태도가 긍정적인 인상을 남길 수 있다.",LOGIC_DESIGN,live_coding,203
,https://www.youtube.com/watch?v=ajI9R-6saEk,"면접에서 성공하기 위해서는 단순히 코딩 능력만큼이나 비코딩 요소도 중요하다는 것을 명심하세요. 문제를 명확히 이해하고, 각 단계에서 진행 상황을 설명하며, 충분한 테스트를 통해 신뢰성을 보여주는 것이 필수적입니다. 마지막으로, 비코딩 요소를 통해 면접관과의 소통을 강화하는 것이 좋은 성과를 내는 열쇠입니다.",LOGIC_DESIGN,live_coding,204
,https://www.youtube.com/watch?v=DIR_rxusO8Q,"면접에서 기술 문제를 해결하는 데 도움이 되는 'ReactO 접근법'을 활용하세요. 질문을 반복하여 이해를 확실히 하고, 다양한 예제를 작성해 입력과 출력을 정리한 후, 접근 방법에 대해 설명하며 대화의 흐름을 유지하는 것이 중요합니다. 마지막으로, 코드를 구현하고 테스트한 후 최적화에 대해 이야기하면 면접관에게 긍정적인 인상을 줄 수 있습니다.",LOGIC_DESIGN,live_coding,205
,https://www.youtube.com/watch?v=ft0owvS5tQA,"면접 준비 시 가장 중요한 것은 자주 출제되는 문제 패턴을 이해하는 것입니다. 다이나믹 프로그래밍은 어렵게 여겨지지만 실제 면접에서 자주 등장하지 않으므로, 더 일반적인 데이터 구조와 알고리즘에 집중하는 것이 좋습니다. 예를 들어, 힙과 슬라이딩 윈도우 알고리즘은 빈번하게 사용되며, 이들을 잘 이해하면 문제 해결 능력을 크게 향상시킬 수 있습니다.",LOGIC_DESIGN,live_coding,206
,https://www.youtube.com/watch?v=L9TfZdODuFQ,"시스템 디자인 면접에서는 문제를 명확히 정의하고 범위를 좁히는 것이 중요합니다. 면접관과의 소통을 통해 요구사항을 명확히 하고, 비즈니스 목표에 맞는 비기능적 요구사항을 고려해야 합니다. 또한, 고수준의 시스템 아키텍처를 설계할 때는 기본 구성 요소를 정리하고, 이들이 어떻게 상호작용하는지를 설명하는 것이 핵심입니다.",LOGIC_DESIGN,live_coding,207
,https://www.youtube.com/watch?v=mBNrRy2_hVs,"다이나믹 프로그래밍의 핵심 패턴을 이해하는 것은 복잡한 문제를 해결하는 데 큰 도움이 됩니다. 특히 피보나치 수열과 같은 기본적인 예제를 통해 중복 계산을 피하고 효율성을 높이는 방법을 배울 수 있습니다. 면접 준비 시, 이러한 패턴을 숙지하고 관련 문제를 연습하는 것이 중요합니다.",LOGIC_DESIGN,live_coding,208
,https://www.youtube.com/watch?v=o-k7h2G3Gco,"시스템 디자인 면접에서 성공하기 위해서는 실전 연습이 필수입니다. 실제 앱과 서비스를 설계해보며 핵심 구성 요소와 상호작용을 시각적으로 정리하는 것이 중요합니다. 또한, 다양한 디자인 패턴의 장단점을 이해하고, 문제 해결 과정에서의 의사소통 능력을 강조하는 것이 면접에서의 성과를 결정짓는 핵심 요소입니다.",LOGIC_DESIGN,live_coding,209
,https://www.youtube.com/watch?v=exgYMdo8Vdk,"면접 준비 시 긍정적인 마음가짐을 가지는 것이 중요합니다. 아마존의 면접관들은 지원자가 성공하기를 바라며, 이를 통해 높은 기준의 인재를 채용하고자 합니다. 또한, 행동 질문에 대한 STAR 기법(상황, 과제, 행동, 결과)을 활용하여 체계적으로 대답하는 연습을 하는 것이 필요합니다.",LOGIC_DESIGN,live_coding,210
,https://www.youtube.com/watch?v=1qw5ITr3k9E,"면접에서 성공하기 위해서는 문제를 이해하고, 질문을 던지며, 솔루션을 최적화하는 능력을 보여줘야 합니다. 객체 지향 프로그래밍과 동적 프로그래밍을 활용하여 실제 문제를 해결하는 방법을 연습하는 것이 중요합니다. 또한, 코드 작성 시에는 실시간으로 결과를 확인할 수 있는 도구를 사용해 보며, 디자인과 알고리즘 문제를 시간 내에 해결하는 능력을 키우는 것이 좋습니다.",LOGIC_DESIGN,live_coding,211
,https://www.youtube.com/watch?v=0K_eZGS5NsU,"면접에서 파이썬을 사용할 때 유용한 팁은 다음과 같습니다. 첫째, 파이썬은 동적 타이핑 언어로, 변수의 타입을 명시할 필요 없이 자유롭게 재할당할 수 있습니다. 둘째, 조건문과 반복문을 사용할 때는 괄호 대신 들여쓰기를 이용해 블록을 구분하기 때문에 코드가 간결해집니다. 마지막으로, 면접 준비를 위해 neatcode.io와 같은 자원을 활용해 다양한 문제 풀이를 연습하는 것이 좋습니다.",LOGIC_DESIGN,live_coding,212
,https://www.youtube.com/watch?v=Z_c4byLrNBU,"면접 준비에 있어 배열과 문자열의 효율적 활용이 중요합니다. 배열은 인덱스 접근이 빠르지만 중간 삽입이나 삭제 시 성능이 저하되므로, 문제 해결 시 이러한 특성을 잘 이해하고 활용해야 합니다. 문자열은 불변성을 가지므로, 반복문에서 문자열을 연결할 때는 리스트를 사용해 최종적으로 합치는 방식이 더 효율적입니다.",LOGIC_DESIGN,live_coding,213
,https://www.youtube.com/watch?v=CtmBGH8MkX4,"시스템 설계 면접에서의 꿀팁은 다음과 같습니다. 첫째, 세부 사항에 너무 일찍 들어가지 마세요. 면접관과의 소통을 통해 피드백을 받고, 필요한 정보에 대해서만 상세히 설명하는 것이 중요합니다. 둘째, 고정된 아키텍처를 고집하지 말고, 요구 사항에 맞춰 유연하게 설계를 조정해야 합니다. 마지막으로, 간단함을 유지하세요. 복잡한 세부 사항에 얽매이지 않고 명확하고 간결한 접근 방식을 취하는 것이 좋습니다.",LOGIC_DESIGN,live_coding,214
,https://www.youtube.com/watch?v=paNwoBzpYto,"실전 면접 꿀팁: LLD(저수준 설계) 면접에서는 질문의 유형에 따라 요구사항 수집과 코딩 시간을 적절히 조절하는 것이 중요합니다. 좁은 범위의 질문은 코딩에 더 많은 시간을 할애하고, 넓은 범위의 질문은 요구사항을 깊게 탐구해야 합니다. 또한, 면접관의 기대를 파악하고 그에 맞춰 UML 다이어그램 및 코드 작성에 집중하는 커뮤니케이션 능력이 필수적입니다.",LOGIC_DESIGN,live_coding,215
,https://www.youtube.com/watch?v=SgWb6tWx3S8,"면접에서 레이트 리미터를 설계할 때, 사용자 요청을 특정 시간 내에 제한해 서비스 거부 공격을 방지하는 것이 중요합니다. 고유 식별자(예: IP 주소)를 기반으로 사용자를 차단하고, 차단 시 HTTP 429 상태 코드를 통해 사용자에게 알리는 것이 필요합니다. 레이트 리미팅 알고리즘으로는 토큰 버킷 방식이나 고정 시간 창 방식이 있으며, 각각의 장단점을 이해하고 상황에 맞게 조정하는 것이 중요합니다.",LOGIC_DESIGN,live_coding,216
,https://www.youtube.com/watch?v=GPIuPRqDGG8,"면접 준비 시, 문제를 단순히 푸는 것보다 다양한 해법을 학습하는 데 더 많은 시간을 투자하는 것이 중요합니다. 초기에 기초적인 문제를 해결하며 패턴을 인식하고, 면접 중에는 자신의 사고 과정을 잘 표현하여 면접관과의 소통을 유지해야 합니다. 또한, 다양한 플랫폼에서 실제 면접과 유사한 환경에서 연습하여 경험을 쌓는 것이 필수적입니다.",LOGIC_DESIGN,live_coding,217
,https://www.youtube.com/watch?v=OhCp6ppX6bg,"실전 면접에서 저수준 설계(LLD) 준비는 필수입니다. LLD는 시스템 디자인과 다르게 구현 세부 사항에 집중하며, 객체 지향 프로그래밍에 대한 이해가 필요합니다. UML 다이어그램을 활용해 클래스와 객체 간의 관계를 시각적으로 표현하는 것도 중요하니, 관련 자료를 활용해 철저히 준비하세요.",LOGIC_DESIGN,live_coding,218
,https://www.youtube.com/watch?v=FS_M3s2BL8M,"아키텍처 다이어그램을 그릴 때, 먼저 전달하고자 하는 메시지를 명확히 해야 합니다. 청중의 이해도를 고려하여 정보를 적절히 조절하고, 한 번의 다이어그램으로 모든 것을 설명하려 하지 말고 필요한 경우 여러 개의 다이어그램을 사용해 단계적으로 설명하세요. 이렇게 하면 더 효과적으로 이야기를 전달하고 질문에 대답할 수 있는 기반이 마련됩니다.",LOGIC_DESIGN,live_coding,219
,https://www.youtube.com/watch?v=2qlcY9LkFik,"소프트웨어 개발에서 성공하기 위해서는 명확한 소통, 철저한 계획, 그리고 문서화가 필수적입니다. 애자일 방식론에 따라, 계획은 실행과 테스트와 함께 진행되어야 하며, 문서는 아이디어가 구체화되는 첫 단계입니다. 따라서 기능 요구사항과 비기능 요구사항을 명확히 정의하여 제품의 목표를 달성하는 것이 중요합니다.",LOGIC_DESIGN,live_coding,220
,https://www.youtube.com/watch?v=d7Rxw6_zbIc,"면접에서 중요한 점은 문제 해결 능력을 보여주는 것입니다. 실시간 스트리밍과 관련된 문제를 해결하는 과정에서, 코드와 관련된 다양한 도구 및 기술 스택을 활용하는 것이 중요합니다. 또한, 팀 내에서의 협업과 문서화는 엔터프라이즈 환경에서의 효율성을 높이는 핵심 요소입니다.",LOGIC_DESIGN,live_coding,221
,https://www.youtube.com/watch?v=8AefOzR3Ryk,"면접에서 C4 모델링 기법을 활용하여 시스템 아키텍처를 명확하게 설명하는 것이 중요합니다. 실제로 현대 웹 애플리케이션의 구조를 시각화하는 데 강력한 도구임을 강조하며, 적절한 다이어그램 사용이 면접관에게 좋은 인상을 줄 수 있습니다. 또한, 스트리밍 중 발생할 수 있는 기술적 문제를 미리 대비하여 원활한 진행을 도모하는 것이 필요합니다.",LOGIC_DESIGN,live_coding,222
,https://www.youtube.com/watch?v=i7twT3x5yv8,"면접에서 효과적인 시스템 디자인을 위해 구조적인 접근이 필요합니다. 문제를 명확히 이해하고, 우선순위에 따라 기능을 정리한 후, 비기능적 요구사항도 함께 고려해야 합니다. 각 단계에 따른 시간 배분을 통해 인터뷰 중 집중력을 유지하고, 면접관과의 합의점을 찾아가는 것이 중요합니다.",LOGIC_DESIGN,live_coding,223
,https://www.youtube.com/watch?v=ft0owvS5tQA,"개발자 면접에서 가장 자주 등장하는 주제 중 여섯 가지를 집중적으로 학습하는 것이 중요합니다. 특히, 동적 프로그래밍은 자주 출제되지 않으므로 시간을 더 효율적으로 투자할 수 있습니다. 또한, 힙(Heap)과 슬라이딩 윈도우(Sliding Window) 같은 데이터 구조와 알고리즘을 이해하고 활용하는 능력이 면접에서 큰 도움이 될 것입니다.",LOGIC_DESIGN,live_coding,224
,https://www.youtube.com/watch?v=m8Icp_Cid5o,"시스템 디자인 과정에서는 대규모 분산 시스템을 구축하기 위한 기본 엔지니어링 디자인 패턴을 배울 수 있습니다. 면접 준비 시, 이러한 디자인 패턴을 이해하고 이를 실제 문제 해결에 적용하는 능력을 강조하는 것이 중요합니다. 특히, 퍼블리셔-구독자 모델과 같은 일반적인 솔루션을 알고 있으면 복잡한 요구사항을 효과적으로 기술적 해결책으로 전환할 수 있습니다.",LOGIC_DESIGN,live_coding,225
,https://www.youtube.com/watch?v=QHdJscEpxaU,"프로그래밍은 복잡한 문제를 단순한 기본 요소로 나누어 해결하는 '첫 번째 원칙 사고'가 필요합니다. 면접 준비 시, 빠른 사고를 지양하고 느리게 깊이 생각하는 연습을 통해 더 나은 문제 해결 능력을 기르는 것이 중요합니다. 또한, 코딩에서 수학적 사고를 활용하는 것을 두려워하지 말고, 문제를 처음부터 끝까지 직접 풀어보는 연습을 통해 자신감을 키우세요.",THINK_ALOUD,live_coding,226
,https://www.youtube.com/watch?v=iETEhotVPt4,"면접에서 코딩 문제를 해결할 때는 먼저 문제를 이해하고 알고리즘을 구상하는 것이 중요합니다. 코드 작성에 바로 들어가기보다는, 각 문자를 반복하여 처리하는 방식을 생각해보는 것이 좋습니다. 문제를 해결하는 과정에서 시행착오를 겪더라도, 이를 통해 더 나은 솔루션을 찾을 수 있다는 점을 기억하세요.",THINK_ALOUD,live_coding,227
,https://www.youtube.com/watch?v=0siE31sqz0Q,"면접에서 좋은 인상을 남기기 위해서는 자신에 대한 이야기를 준비하는 것이 중요합니다. 특히 '자기소개'와 같은 기본 질문에 대한 답변을 미리 생각해 두면 면접관과의 신뢰를 쌓는 데 도움이 됩니다. 또한, 자신의 경험과 감정을 담은 이야기를 통해 지원하는 직무와 연결짓는 것이 효과적입니다.",THINK_ALOUD,live_coding,228
,https://www.youtube.com/watch?v=JXYZCk0BauM,"면접에서 문제를 처음 접할 때는 문제를 잘 이해하고 접근 방식을 명확히 하는 것이 중요합니다. 그래프 문제를 다룰 때는 복잡한 알고리즘을 사용하기보다는 간단한 접근법을 통해 해결할 수 있는지 고민해보세요. 또한, 해시맵을 활용하여 도시의 경로를 기록하는 것이 효율적인 방법이 될 수 있습니다.",THINK_ALOUD,live_coding,229
,https://www.youtube.com/watch?v=1m7qNm23auA,"면접에서 코딩 문제를 다룰 때, 문제를 명확히 이해하고 핵심 정보를 정리하는 것이 중요합니다. 예를 들어, 주어진 전화번호 문자열에서 공백과 대시를 제거한 후, 숫자를 적절한 블록으로 그룹화하는 방법을 고민해야 합니다. 또한, 단순한 해결책(브루트 포스)을 먼저 적용해 보고, 이후에 최적화된 접근 방식을 탐구하는 것이 효과적입니다.",THINK_ALOUD,live_coding,230
,https://www.youtube.com/watch?v=HlWW4tq34i8,"면접에서 성공적인 코딩 문제 해결을 위해서는 다음과 같은 꿀팁을 기억하세요. 먼저, 문제를 이해하고 접근 방식을 세우기 전에 시간을 정해두고 시작하는 것이 도움이 됩니다. 또한, 코드 작성 시에는 서두르지 말고 각 단계를 차근차근 검토하며, 필요할 경우 이전 접근 방식을 돌아보는 것도 중요합니다.",THINK_ALOUD,live_coding,231
,https://www.youtube.com/watch?v=nAX4hW4fl0w,"면접에서는 문제를 처음 접했을 때의 접근 방식이 중요합니다. BFS(너비 우선 탐색)를 활용하여 최단 경로를 찾는 것이 효과적이며, 문제를 해결하기 위해 각 상태(발견, 처리 등)를 명확히 추적해야 합니다. 또한, 경로를 찾지 못한 경우 -1을 반환해야 한다는 점을 잊지 말아야 합니다.",THINK_ALOUD,live_coding,232
,https://www.youtube.com/watch?v=AclFRChBF8Y,"면접에서 효과적으로 문제를 해결하기 위해서는, 문제를 먼저 이해하고 접근하는 과정을 명확히 정리하는 것이 중요합니다. 예를 들어, N-퀸 문제와 같은 복잡한 문제에서는 가능한 모든 배치를 고려하고, 제한 조건을 잘 파악해야 합니다. 또한, 주석을 활용하여 코드의 흐름을 쉽게 이해할 수 있도록 하는 것이 좋은 습관입니다.",THINK_ALOUD,live_coding,233
,https://www.youtube.com/watch?v=JLmECcpR2Yo,"면접에서 코딩 문제를 해결할 때는 문제를 처음 접했을 때의 접근 방식을 기록하는 것이 중요합니다. 최적의 솔루션을 찾지 못하더라도, 자신의 실수를 분석하고 학습하는 과정에서 많은 것을 배울 수 있습니다. 또한, 문제를 해결할 때는 작은 예제부터 시작하고, 각 턴의 점수를 계산하는 로직을 명확히 하여 쉽게 구현할 수 있도록 해야 합니다.",THINK_ALOUD,live_coding,234
,https://www.youtube.com/watch?v=7A4mNAr6c68,"면접에서 잘못된 신호를 인지하는 것이 중요합니다. 질문이 점점 쉬워지거나 면접이 일찍 끝나면 관심이 낮다는 신호일 수 있으며, 후속 질문이 많으면 기대 이하의 답변을 한 걸 의미할 수 있습니다. 면접 후 1~2일 내에 연락이 없으면 긍정적인 반응이 아니라는 뜻일 수 있으니, 이를 바탕으로 다음 면접을 준비하며 개선점을 찾는 것이 좋습니다.",THINK_ALOUD,live_coding,235
,https://www.youtube.com/watch?v=eza-l-kBK40,"면접에서 성공하기 위해서는 개인적인 정보나 지나치게 긴 답변을 피하는 것이 중요합니다. 특히, 면접관에게 너무 많은 개인적인 이야기를 나누면 감정적 지능이 부족하다는 인상을 줄 수 있으며, 이는 직무 수행 능력과 연결될 수 있습니다. 또한, 현재 직장을 떠나는 이유에 대해서도 솔직하게 말하되, 부정적인 인상이나 편견을 주지 않도록 주의해야 합니다.",THINK_ALOUD,live_coding,236
,https://www.youtube.com/watch?v=rrdqCiXdQrg,"면접 불안 극복을 위해 다음 세 가지 팁을 기억하세요. 첫째, 불안의 원인을 정리하고 통제 가능한 부분을 파악하세요. 둘째, 면접을 '미팅'으로 생각하여 긴장을 줄이세요. 마지막으로, 면접 중에는 천천히 말하며 긴장을 완화하는 것이 중요합니다.",THINK_ALOUD,live_coding,237
,https://www.youtube.com/watch?v=rfkylmWK8G8,"면접에서 문제 해결 질문에 잘 답하기 위해 STAR 기법(Situation, Task, Action, Result)을 활용하세요. 이 기법은 상황을 명확히 설명하고, 수행해야 할 작업을 정의한 후, 자신이 취한 행동과 그 결과를 체계적으로 전달하는 데 도움이 됩니다. 또한, 실제 경험을 바탕으로 구체적인 사례를 들어 답변하면 면접관에게 신뢰를 줄 수 있습니다.",THINK_ALOUD,live_coding,238
,https://www.youtube.com/watch?v=USGud2cinco,"케이스 인터뷰는 실제 컨설턴트가 직면하는 문제 해결 과정을 시뮬레이션한 면접 형식으로, 문제 해결 능력, 커뮤니케이션, 분석적 사고 등을 평가하는 데 적합합니다. 면접 준비를 위해 실제 사례를 분석하고, 문제의 맥락을 이해하며, 데이터나 그래프를 활용하여 적절한 솔루션을 제시하는 연습이 중요합니다. 특히, 수익성, 시장 진입, 인수합병, 가격 책정 등의 다양한 문제 유형을 준비하면, 면접에서 차별화된 성과를 낼 수 있습니다.",THINK_ALOUD,live_coding,239
,https://www.youtube.com/watch?v=dNtks5NfUwc,"면접에서 성공하기 위한 몇 가지 팁은 다음과 같습니다. 첫째, 질문을 듣고 중요한 포인트를 메모하면서 적극적으로 경청하세요. 둘째, 답변하기 전에 명확한 질문을 던져 면접관의 기대를 파악하고, 셋째, 답변하기 전에 잠시 멈추고 생각하는 시간을 가지세요. 이러한 준비 과정은 더 명확하고 구조적인 답변을 제공하는 데 도움이 됩니다.",THINK_ALOUD,live_coding,240
,https://www.youtube.com/watch?v=U_fOHHBLv8k,"면접에서 협업과 문제 해결 능력을 평가받는 것은 매우 중요합니다. 특히, 다른 사람과의 협력이 요구되는 과제가 어려움을 주는 경우가 많으니, 파트너와의 소통에 집중하고 각자의 화면 상태를 이해하며 협업하는 연습이 필요합니다. 마지막으로, 21세기 직무에 필요한 비판적 사고와 의사결정 능력을 키우기 위한 다양한 프로젝트와 경험이 중요하다는 점을 잊지 마세요.",THINK_ALOUD,live_coding,241
,https://www.youtube.com/watch?v=uQnCZTjOrjg,"실전 면접에서의 핵심 포인트는 갈등이 있는 제품 요구사항을 해결하는 방법입니다. 팀 간의 목표가 다를 때, 경험과 성장을 조화롭게 고려하고, 문제를 명확히 전달하여 상위 레벨에서 결정을 내리도록 하는 것이 중요합니다. 이러한 에스컬레이션 과정을 통해 최종적으로 제품의 품질을 높이고 사용자 경험을 개선할 수 있습니다.",THINK_ALOUD,live_coding,242
,https://www.youtube.com/watch?v=0siE31sqz0Q,"면접에서 성공하기 위해서는 철저한 준비가 필수입니다. 가장 일반적인 질문인 '자기소개'에 대해 미리 준비하고, 자신의 이야기를 통해 면접관과의 유대감을 형성하는 것이 중요합니다. 또한, 기술적 능력뿐만 아니라 인성적인 면을 드러낼 수 있는 경험담을 공유하면 더 긍정적인 인상을 줄 수 있습니다.",THINK_ALOUD,live_coding,243
,https://www.youtube.com/watch?v=NA5_WyR6xYM,"면접에서 자신감을 가지는 것이 중요합니다. 면접 전에 긍정적인 자기 대화를 통해 자신을 지지하고, 성공적인 경험을 떠올려 마음을 다스리는 것이 필요합니다. 또한, 전문가로서의 시각을 가지고, 요구사항에 부합하는 자신만의 가치를 어필하는 것이 면접 성공의 열쇠입니다.",THINK_ALOUD,live_coding,244
,https://www.youtube.com/watch?v=PzGwYzVHp-0,"패널 면접에서 인상 깊은 모습을 보이기 위해서는 준비가 중요합니다. 면접관과의 첫 만남에서 각 면접관과 악수하고, 각자에게 이력서를 제공하는 것이 자신감을 높이는 데 도움이 됩니다. 또한 '자기소개', '왜 우리 회사에 지원했는지', '왜 당신을 채용해야 하는지'와 같은 질문에 대한 답변을 미리 준비하여 자신감 있게 대답하는 것이 필수적입니다.",THINK_ALOUD,live_coding,245
,https://www.youtube.com/watch?v=9bYtcbTmL-0,"면접 준비에서 완벽한 답변을 외우는 것만으로는 성공할 수 없습니다. 인터뷰 과정의 구조를 이해하고 주도적으로 접근해야 하며, 지원서 작성 시 채용 담당자에게 직접 메시지를 보내는 등의 5-10%의 추가 노력이 차별화된 결과를 가져올 수 있습니다. 면접관의 바쁜 일정을 고려하여 자신이 평균 이상의 후보자임을 효과적으로 보여주는 것이 중요합니다.",THINK_ALOUD,live_coding,246
,https://www.youtube.com/watch?v=ZMByWenSRdI,"면접에서 성공 확률을 높이기 위한 10가지 효과적인 발언을 준비하는 것이 중요합니다. 첫째, 면접 시작 시 감사 인사를 통해 좋은 인상을 남기고, 둘째, 회사에 대한 열정과 장기 근무 의지를 강조하세요. 셋째, 직무 설명서를 읽고 요구하는 기술과 경험이 있음을 언급하면 채용 담당자에게 긍정적인 영향을 미칠 수 있습니다.",THINK_ALOUD,live_coding,247
,https://www.youtube.com/watch?v=0Is871FysC8,"최종 면접은 단순한 형식이 아니며, 철저한 준비가 필요합니다. 면접 전에 회사에 대한 깊이 있는 연구를 통해 지원 동기를 명확히 하고, 이력서 및 추천서를 준비하여 전문성을 강조하세요. 또한, 최종 면접에서도 프로페셔널한 복장과 태도를 유지하는 것이 중요합니다.",THINK_ALOUD,live_coding,248
,https://www.youtube.com/watch?v=PpbhaVjV2QI,"온라인 면접 준비 시, 면접 소프트웨어를 최소 24시간 전에 다운로드하고 테스트하여 익숙해지는 것이 중요합니다. 또한, 면접 시작 10분 전에는 미리 로그인하여 마음을 가다듬는 시간을 가지세요. 면접 장소는 강력한 인터넷 연결이 가능한 조용한 곳을 선택하고, 조명이 본인 앞쪽에서 비추도록 설정하여 면접관이 잘 볼 수 있도록 해야 합니다. 면접에서는 전문적인 복장을 착용하고, 카메라를 바라보며 대화하는 연습을 통해 면접관과의 신뢰를 구축하는 것이 필요합니다.",THINK_ALOUD,live_coding,249
,https://www.youtube.com/watch?v=P3l0zFqCSIc,"면접을 성공적으로 진행하기 위해서는 세 가지 주요 단계를 기억하세요. 첫째, 지원자에게 적합한 질문을 통해 그들의 능력과 인성을 파악해야 합니다. 둘째, 지원자에게 회사와 직무의 매력을 잘 전달하여 그들이 관심을 가질 수 있도록 해야 하며, 마지막으로 지원자가 궁금한 점을 물어볼 수 있는 시간을 충분히 제공하여 면접을 쌍방향으로 진행하세요.",THINK_ALOUD,live_coding,250
,https://www.youtube.com/watch?v=u8vDZZa-88Y,"구글 GCA 면접은 지원자의 미래 잠재력을 평가하는 데 중점을 둡니다. 면접에서는 복잡한 문제를 단순화하고, 가정할 수 있는 능력, 그리고 정보를 종합하여 합리적인 해결책을 제시하는 것이 중요합니다. 따라서, 면접 준비 시에는 창의적이고 큰 사고를 통해 문제를 해결할 수 있는 능력을 강조하는 것이 좋습니다.",THINK_ALOUD,live_coding,251
,https://www.youtube.com/watch?v=fYHR0KgnGHU,"면접에서 성공하기 위해서는 질문에 대해 깊이 들어가기 전에 명확히 파악하는 것이 중요합니다. 질문이 모호할 경우, 자신의 경험을 간단히 요약하고 나서 면접관에게 구체적으로 어떤 정보를 원하는지 물어보세요. 이렇게 하면 면접관이 기대하는 답변을 제공할 수 있으며, 대화의 흐름을 자연스럽게 이끌어갈 수 있습니다.",THINK_ALOUD,live_coding,252
,https://www.youtube.com/watch?v=0siE31sqz0Q,"면접에서 성공하기 위한 핵심은 사전 준비와 인맥 형성이다. 흔히 나오는 질문들, 예를 들어 ""자기소개를 해 주세요""와 같은 질문에 대한 답변을 미리 준비하는 것이 중요하다. 개인적인 이야기를 통해 면접관과의 관계를 구축하면 더 좋은 인상을 남길 수 있다.",THINK_ALOUD,live_coding,253
,https://www.youtube.com/watch?v=ZU9x1vFx5lI,"면접 준비의 첫 번째 팁은 철저한 사전 조사입니다. 지원하는 회사와 직무에 대한 정보를 충분히 수집하고, 면접관과의 개인적 연관성을 찾아보는 것이 중요합니다. 다음으로, 자신의 강점을 이야기할 수 있는 compelling story를 준비하여, 면접에서 자연스럽게 자신의 경험과 가치를 전달하세요.",THINK_ALOUD,live_coding,254
,https://www.youtube.com/watch?v=R_dxlajqA4s,"면접에서 자신을 소개할 때는 단순히 이력서를 반복하기보다는, 자신의 이야기를 통해 지원자로서의 정체성을 잘 드러내는 것이 중요합니다. 또한, 약점을 이야기할 때는 진솔하면서도 직무에 해가 되지 않는 내용을 선택하고, 이를 어떻게 극복하는지를 설명하는 3단계 접근 방식을 따르는 것이 좋습니다. 마지막으로, 구체적인 성취 사례를 제시하여 자신의 성장 과정을 보여주는 것이 면접관에게 긍정적인 인상을 줄 수 있습니다.",THINK_ALOUD,live_coding,255
,https://www.youtube.com/watch?v=-JNjsOX0N0c,"면접에서 성공하기 위해서는 작은 대화로 분위기를 부드럽게 만들고, 면접관의 질문에 간결하게 대답하는 것이 중요합니다. 특히 '자기소개' 질문에서는 학력과 경력에 집중해 자신의 경험을 효과적으로 전달하는 연습을 해야 합니다. 면접 준비 시에는 자신의 대답을 녹화해보고, 개선할 부분을 찾아 반복 연습하는 것이 큰 도움이 됩니다.",THINK_ALOUD,live_coding,256
,https://www.youtube.com/watch?v=P1fnGEgu-_Y,"면접 준비에서 가장 중요한 것은 실제 상황을 가정한 모의 면접을 통해 연습하는 것입니다. 다양한 질문 유형에 익숙해지고, 피드백을 통해 자신의 약점을 파악하는 것이 필수적입니다. 또한, 온라인 자원과 프로그램을 활용하여 지속적으로 준비하고, 필요한 경우 전문가의 도움을 받는 것을 추천합니다.",THINK_ALOUD,live_coding,257
,https://www.youtube.com/watch?v=MUj-UaHrHS8,"면접 준비 시, 자신의 전공 분야를 잘 이해하고 관련된 흥미로운 주제를 자연스럽게 이야기하는 것이 중요합니다. 또한, 일상적인 루틴을 유지하며 자신에게 맞는 방법으로 하루를 시작하는 것이 면접에서 좋은 인상을 줄 수 있습니다. 마지막으로, 자신이 추천하고 싶은 장소나 활동에 대해 구체적이고 생생하게 설명하면 면접관의 관심을 끌기 좋습니다.",THINK_ALOUD,live_coding,258
,https://www.youtube.com/watch?v=1t1_a1BZ04o,"면접에서 긴장감을 줄이고 문제를 효과적으로 해결하는 방법은 다음과 같습니다. 먼저, 복잡한 문제를 단순화하여 조건을 명확히 하고, 필요시 흐름도를 사용하거나 의사 코드로 접근하세요. 마지막으로, 코드를 작성하기 전 문제를 충분히 이해하고 질문을 통해 면접관과 소통하는 것이 중요합니다.",THINK_ALOUD,live_coding,259
,https://www.youtube.com/watch?v=tgSe27eoBG0,"면접에서 성공하기 위한 핵심 팁은 실전 경험을 바탕으로 준비하는 것입니다. 시스템 디자인 인터뷰는 사용자 중심의 제품 설계와 인프라 설계 질문으로 나뉘며, 중급 개발자는 주로 제품 설계 질문을 받을 가능성이 높습니다. 따라서 자주 출제되는 주제에 대해 미리 연구하고 준비하는 것이 중요합니다.",THINK_ALOUD,live_coding,260
,https://www.youtube.com/watch?v=tZY_y4XUj1A,"면접에서 자신감을 가지고 소통하는 것이 중요합니다. 긴장감을 극복하기 위해 면접관에게 감사를 표하며 시작하는 것이 좋습니다. 또한, 자신의 경험과 강점을 명확하게 전달하고, 상대방의 관심을 끌 수 있는 흥미로운 이야기나 활동을 준비하는 것이 도움이 됩니다.",THINK_ALOUD,live_coding,261
,https://www.youtube.com/watch?v=WLBcmyNaeKc,"코딩 면접에서 막힐 경우, 자신의 사고 과정을 면접관에게 소리 내어 반복하는 것이 큰 도움이 됩니다. 문제의 요구사항, 엣지 케이스, 고려했던 접근 방법 등을 자세히 설명하면 새로운 통찰을 얻을 수 있습니다. 준비가 되어 있더라도 막힐 수 있으니, 자신감을 잃지 말고 적극적으로 대화하세요.",CRISIS_MGMT,live_coding,262
,https://www.youtube.com/watch?v=b6sgd9kUIos,"면접에서의 긴장감으로 인한 '브레인 프리즈'를 극복하는 것이 중요합니다. 과도한 스트레스는 인지능력을 저하시켜 면접 성과에 부정적인 영향을 미치므로, 이를 관리하는 방법을 익혀야 합니다. 심호흡이나 간단한 준비 운동 등으로 긴장을 완화하는 연습을 통해 좋은 성과를 낼 수 있는 환경을 조성하세요.",CRISIS_MGMT,live_coding,263
,https://www.youtube.com/watch?v=QSVrjXLyOVI,"면접 준비 시, 급박한 질문에 휘둘리지 않고 잠시 멈춰서 깊게 생각한 후 대답하는 것이 중요합니다. 또한, 면접관과의 대화에서 자신의 의견을 존중받기 위해 적절한 반론을 준비하는 것도 필요합니다. 마지막으로, 충분한 수면과 에너지 관리를 통해 면접 당일 최상의 컨디션을 유지하는 것이 성공적인 면접에 큰 도움이 됩니다.",CRISIS_MGMT,live_coding,264
,https://www.youtube.com/watch?v=8wysIxzqgPI,"면접 준비를 위해서는 기초적인 데이터 구조와 알고리즘을 충분히 이해하고, 문제를 푸는 순서를 신중하게 정하는 것이 중요합니다. 매일 한두 개의 문제를 꾸준히 푸는 것이 단기 집중보다 더 효과적이며, 자신이 해결할 수 있는 시간을 정해놓고 연습하는 것이 필요합니다. 또한, 문제를 해결하는 과정에서 언어 선택이 중요하며, Python과 같은 간결한 언어가 유리할 수 있습니다.",CRISIS_MGMT,live_coding,265
,https://www.youtube.com/watch?v=nac0ekXBqcg,"면접은 긴장감을 유발할 수 있는 경험입니다. 첫 번째 팁은 각 질문에 대해 마치 그 질문이 유일한 질문인 것처럼 철저하게 대답하는 것입니다. 이렇게 하면 긴장을 줄이고 답변의 구체성을 높일 수 있습니다. 또한, 불필요한 세부사항에 빠지지 않도록 주의하면서 핵심 정보를 전달하는 것이 중요합니다.",CRISIS_MGMT,live_coding,266
,https://www.youtube.com/watch?v=0w6cK9Wjx90,"면접에서 ""어려운 상황을 어떻게 처리했나요?""라는 질문은 매우 자주 나옵니다. 이 질문에 답할 때는 STAR 기법(상황, 임무, 행동, 결과)을 활용하여 구체적인 사례를 통해 문제 해결 능력을 보여주는 것이 중요합니다. 또한, 긍정적인 결과를 강조하여 면접관에게 자신이 신뢰할 수 있는 직원임을 어필하는 것이 좋습니다.",CRISIS_MGMT,live_coding,267
,https://www.youtube.com/watch?v=ngaNPNytv0E,"팀원 중 성과가 저조한 구성원을 다루는 것은 관리자가 직면하는 큰 도전 중 하나입니다. 문제를 무시하지 않고 조기에 대화하여 성과 저조의 원인을 파악하는 것이 중요하며, 구체적인 사례를 통해 피드백을 제공해야 합니다. 이러한 대화를 통해 문제를 이해하고, 직원이 발전할 수 있도록 지원하는 것이 팀 전체에 긍정적인 영향을 미칠 것입니다.",CRISIS_MGMT,live_coding,268
,https://www.youtube.com/watch?v=HM7nbwSNZpc,"면접에서 성공을 위한 강력한 팁은 면접이 끝날 무렵 ""저에게 이 일 주세요""라는 다섯 마디를 직접 요청하는 것입니다. 대부분의 지원자들이 이 요청을 하지 않지만, 면접관들은 지원자가 그 직무를 간절히 원한다는 신호로 받아들여 긍정적인 반응을 보일 수 있습니다. 단, 이 요청은 면접관과의 rapport(상호 신뢰 관계)를 형성한 후에 해야 하며, 자신의 가치를 충분히 보여줘야 효과적입니다.",CRISIS_MGMT,live_coding,269
,https://www.youtube.com/watch?v=qMiepo_sM3Y,"내부 면접을 준비하면서 다음의 세 가지 팁을 기억하세요. 첫째, 면접 전에 팀과의 사전 대화를 통해 관계를 구축하고 정보를 얻는 것이 중요합니다. 둘째, 내부 지원자라고 해서 준비를 소홀히 하지 말고, 외부 면접처럼 철저히 준비하세요. 셋째, 자신의 경험을 구체적으로 설명해 다른 지원자들에게 자신을 효과적으로 어필해야 합니다.",CRISIS_MGMT,live_coding,270
,https://www.youtube.com/watch?v=JkHOvJa4_hc,"면접에서 STAR 기법을 활용하는 것은 매우 중요한 전략입니다. STAR는 상황(Situation), 업무(Task), 행동(Action), 결과(Result)를 포함한 답변 방식으로, 면접관이 원하는 구체적인 사례를 제시하는 데 유용합니다. 면접 시에는 가상의 상황이 아닌 실제 경험을 바탕으로 답변해야 하며, 이를 통해 더 기억에 남는 대답을 만들어낼 수 있습니다.",CRISIS_MGMT,live_coding,271
,https://www.youtube.com/watch?v=PzGwYzVHp-0,"패널 면접에서 인상 깊은 모습을 보이려면, 먼저 면접관들과의 신체 접촉을 통해 자신감을 보여주는 것이 중요합니다. 자기소개나 ""왜 우리 회사에서 일하고 싶은가?""와 같은 질문에 대한 답변을 명확하고 자신감 있게 준비하세요. 마지막으로, 면접관의 이름을 미리 알아두고, 질문이 있을 때는 항상 적극적으로 대답하는 태도를 유지하는 것이 좋습니다.",CRISIS_MGMT,live_coding,272
,https://www.youtube.com/watch?v=fKDnamEANs8,"면접 후 연락하는 방법에 대한 팁을 강조합니다. 면접 후 5일이 지나도 소식이 없다면, 정중하고 문법적으로 정확한 이메일을 보내는 것이 중요합니다. 이메일 제목은 ""면접에 대한 감사""로 시작하고, 면접 날짜와 함께 감사의 뜻을 전하며, 추가 정보 제공을 제안하는 내용을 포함해야 합니다.",CRISIS_MGMT,live_coding,273
,https://www.youtube.com/watch?v=JJkWemM03Lg,"면접에서 알고리즘과 데이터 구조의 중요성을 강조하세요. 기업들은 이 두 가지를 통해 문제 해결 능력을 평가하므로, 이에 대한 깊은 이해가 필요합니다. 또한, 알고리즘을 배우는 과정에서 흥미를 느끼는 것이 학습의 가장 큰 동기부여가 될 수 있습니다.",CRISIS_MGMT,live_coding,274
,https://www.youtube.com/watch?v=1t1_a1BZ04o,"개발자 면접에서 중요한 점은 문제를 단순화하고 명확하게 접근하는 것입니다. 복잡한 코드 작성에 대한 두려움을 버리고, 먼저 문제를 이해하고 조건을 정리한 후에 이를 기반으로 코드를 작성하는 것이 효과적입니다. 또한, 면접관에게 질문을 하며 소통하는 것이 자신감을 높이고 긍정적인 인상을 줄 수 있습니다.",CRISIS_MGMT,live_coding,275
,https://www.youtube.com/watch?v=ajI9R-6saEk,"면접에서 성공하기 위해서는 코딩 스킬뿐만 아니라 소통 능력도 중요하다는 점을 명심해야 합니다. 문제를 명확히 이해하고, 각 단계에서 자신의 생각을 잘 설명하며, 테스트와 복잡도 분석을 통해 면접관에게 신뢰를 줄 필요가 있습니다. 기본적인 자료구조와 알고리즘 이해는 필수이며, 비코딩 요소를 잘 활용하면 면접에서 더 좋은 성과를 낼 수 있습니다.",CRISIS_MGMT,live_coding,276
,https://www.youtube.com/watch?v=Q4C3ZRJLnac,"코딩 면접에서 성공하기 위한 중요한 팁은 다음과 같습니다. 첫째, 문제를 반복해서 명확히 이해하고, 이를 통해 생각할 시간을 벌어야 합니다. 둘째, 가정이나 의문점을 명확히 하여 면접관과의 소통을 원활히 하고, 문제 해결에 필요한 도구를 파악하는 것이 중요합니다. 이러한 과정을 통해 문제를 다르게 바라보고 해결책을 찾는 데 도움이 됩니다.",CRISIS_MGMT,live_coding,277
,https://www.youtube.com/watch?v=roanIWKtGMY,"면접에서 복잡한 문제에 직면했을 때는 너무 오랜 시간 고민하기보다는 솔루션을 참고하는 것도 괜찮다는 점을 기억하세요. 문제를 해결하는 방법을 이해하는 것뿐만 아니라, 그 해결책의 동기를 파악하는 것이 중요합니다. 결국, 알고리즘을 아는 것도 필요하지만, 그 이상으로 왜 그런 접근을 해야 하는지를 고민하는 것이 실력을 향상시키는 데 도움이 됩니다.",CRISIS_MGMT,live_coding,278
,https://www.youtube.com/watch?v=r4TgqWbKRtA,"프로그래밍 면접에서 가장 중요한 것은 문제 해결 능력입니다. 복잡한 문제를 작은 단위로 나누어 접근하고, 효과적으로 해결책을 제시하는 것이 면접관에게 큰 인상을 줄 수 있습니다. 또한, Algo Expert와 같은 플랫폼을 활용해 다양한 문제를 연습하고, 인터페이스를 통해 코드를 작성하고 테스트하는 것이 실력을 향상시키는 데 도움이 됩니다.",CRISIS_MGMT,live_coding,279
,https://www.youtube.com/watch?v=GPIuPRqDGG8,"코딩 인터뷰 준비를 위해서는 문제를 푸는 것보다 먼저 해답을 학습하여 주제에 대한 직관을 기르는 것이 중요합니다. 인터뷰에서는 자신의 생각 과정을 공유하고 면접관과 소통하며 문제를 해결하는 것처럼 행동하는 것이 필요합니다. 또한, 기초적인 문제를 충분히 연습한 후, 실제 인터뷰와 유사한 환경에서 문제를 풀어보는 것이 효과적입니다.",CRISIS_MGMT,live_coding,280
,https://www.youtube.com/watch?v=OTNe0eV8418,"면접에서 성공하기 위해서는 리드코드 문제를 단순히 많이 푸는 것보다 체계적인 접근 방식이 중요합니다. 문제를 단순화하고 입력과 출력을 명확히 이해한 후, 엣지 케이스에 대한 질문을 통해 문제를 깊이 파악하세요. 마지막으로, 알고리즘과 자료구조에 대한 이해를 바탕으로 패턴을 인식하고, 가장 간단한 솔루션부터 설명하는 연습을 통해 더 나은 해결책을 찾는 것이 핵심입니다.",CRISIS_MGMT,live_coding,281
,https://www.youtube.com/watch?v=urrv-iq42WM,"코딩 면접에서 성공하려면 알고리즘 지식보다 문제 해결 과정과 의사소통 능력을 강조해야 합니다. 지원자는 명확한 질문을 통해 문제를 분석하고, 자신의 생각을 잘 설명하며, 코드 구조를 깔끔하게 유지하는 것이 중요합니다. 면접은 단순한 코딩 테스트가 아닌, 협업적 문제 해결 과정으로 접근해야 하며, 심리적 압박을 관리하는 것도 큰 도움이 됩니다.",CRISIS_MGMT,live_coding,282
,https://www.youtube.com/watch?v=Xr6v0lI517A,"면접 준비 시, 문제를 푸는 과정에서의 고난이 진정한 학습이 이루어지는 지점임을 명심하세요. 45분 간의 집중적인 노력을 통해 스스로 고민하고 다양한 접근 방식을 시도한 후, 필요할 경우 힌트를 참고하되, 솔루션 전체를 보지 않도록 하세요. 문제를 해결한 후에는 반드시 반성의 시간을 가져, 어떤 개념이 문제를 어렵게 했는지, 유사한 문제를 미래에 어떻게 인식할지를 고민하는 것이 중요합니다.",CRISIS_MGMT,live_coding,283
,https://www.youtube.com/watch?v=DIR_rxusO8Q,"면접에서 기술적인 질문을 잘 풀어내기 위한 핵심은 'ReactO 접근법'을 활용하는 것입니다. 첫 번째 단계로 질문을 반복하여 확실히 이해하고, 두 번째로 다양한 예시를 들어 문제의 입력과 출력을 명확히 하는 것이 중요합니다. 마지막으로, 자신의 접근 방식을 설명하면서 면접관에게 논리적 사고를 보여주는 것이 면접 성공의 열쇠입니다.",CRISIS_MGMT,live_coding,284
,https://www.youtube.com/watch?v=BgLTDT03QtU,"코딩 면접을 준비할 때, 알고리즘의 시간 복잡도인 빅오 표기법을 이해하는 것이 중요합니다. 특히, O(1) 시간 복잡도는 입력 크기에 관계없이 항상 일정한 시간 내에 작업을 수행할 수 있어 가장 효율적입니다. 반면, O(n) 시간 복잡도는 입력 크기에 따라 실행 시간이 비례적으로 증가하므로, 알고리즘의 성능을 고려할 때 이 두 가지를 명확히 구분하는 것이 필요합니다.",CODE_VERIFICATION,live_coding,285
,https://www.youtube.com/watch?v=rv_ZacJYRFA,"빅 오 표기는 면접에서 중요한 개념으로, 알고리즘의 효율성을 평가하는 데 필수적입니다. 입력 크기가 커질수록 알고리즘의 실행 시간도 증가하므로, 시간 복잡도를 이해하고 이를 기반으로 문제를 해결하는 것이 중요합니다. 또한, AI 도구인 Warp를 활용하면 코드 디버깅과 최적화를 도와줄 수 있어 면접 준비에 큰 도움이 될 수 있습니다.",CODE_VERIFICATION,live_coding,286
,https://www.youtube.com/watch?v=CB8JPjg_3cM,"면접에서 성공하기 위한 핵심은 코드를 작성하는 것뿐 아니라, 코드의 효율성을 평가할 수 있는 능력입니다. 특히, 시간 복잡성을 정확히 이해하고 설명하는 것이 중요하며, 이는 면접에서 떨어지는 원인이 될 수 있습니다. 따라서 다양한 코드를 반복해서 분석하고, 알고리즘의 성능을 평가하는 연습을 통해 자신감을 키우는 것이 필요합니다.",CODE_VERIFICATION,live_coding,287
,https://www.youtube.com/watch?v=oJ5s2hs_cKk,"프로그래밍 면접을 준비할 때는 알고리즘의 기본 개념과 효율성을 이해하는 것이 필수입니다. 특히, 빅오(Big O) 개념을 정확히 이해하고 문제 해결 과정에서 이론을 설명하는 능력을 길러야 합니다. 단순히 암기하는 것이 아니라, 문제를 해결하며 시간과 공간 복잡도를 분석하는 연습을 통해 면접에서 높은 점수를 받을 수 있습니다.",CODE_VERIFICATION,live_coding,288
,https://www.youtube.com/watch?v=ft0owvS5tQA,"코딩 면접에서 자주 등장하는 개념들을 이해하는 것이 중요합니다. 특히, 동적 프로그래밍은 실제 면접에서는 흔히 나오지 않으니, 다른 더 보편적인 자료구조와 알고리즘에 집중하는 것이 좋습니다. 예를 들어, 힙(Heap)과 슬라이딩 윈도우(Sliding Window) 기법은 면접에서 자주 사용되므로, 이들에 대한 깊은 이해를 가지는 것이 필수적입니다.",CODE_VERIFICATION,live_coding,289
,https://www.youtube.com/watch?v=CQ12FXH-tfg,"알고리즘적 사고에서 문제를 해결하는 최적의 방법을 단계별로 찾는 것이 중요합니다. 이를 위해 '빅 오 표기법'을 사용해 알고리즘의 실행 시간을 분석하고, 입력 크기에 따른 성능 변화를 이해해야 합니다. 면접에서는 알고리즘의 복잡도를 계산할 때 상수를 무시하고, 입력 크기(n)에 따라 시간 복잡도를 표현하는 것이 핵심입니다.",CODE_VERIFICATION,live_coding,290
,https://www.youtube.com/watch?v=ai60wnHCap0,"면접에서 알고리즘 문제를 다룰 때, 기본 사례와 재귀 호출을 잘 이해하는 것이 중요합니다. 균형 이진 탐색 트리의 경우, 노드를 모두 방문해야 하므로 시간 복잡도는 O(n)이며, 단순히 log(n)으로 생각하면 안 됩니다. 면접 중에는 알고리즘의 작동 방식을 면밀히 분석하고, 긴장을 풀고 문제를 차근차근 해결하는 태도가 필요합니다.",CODE_VERIFICATION,live_coding,291
,https://www.youtube.com/watch?v=ayQ9PNgLXyo,"면접에서 빅 오 표기법(Big O Notation)을 다룰 때, 입력 값의 크기에 따른 시간 복잡성을 반드시 이해해야 합니다. 중첩 루프가 있는 경우, 각 루프의 입력 배열 크기를 고려하여 n과 m으로 표현하는 것이 중요하며, 단순한 연산은 무시할 수 있습니다. 또한, 알고리즘의 성능을 제대로 평가하기 위해서는 두 배열의 크기가 독립적일 수 있음을 기억해야 합니다.",CODE_VERIFICATION,live_coding,292
,https://www.youtube.com/watch?v=USGud2cinco,"실전 면접 꿀팁으로, 케이스 면접은 문제 해결 능력을 평가하는 중요한 과정으로, 컨설팅뿐 아니라 기술 스타트업에서도 널리 활용됩니다. 다양한 문제를 다루게 되며, 수익성, 시장 진입, 인수합병, 가격 책정 등 여러 카테고리로 나뉘어 진행됩니다. 면접 준비 시, 실제 사례를 바탕으로 분석하고 추천을 제시하는 연습이 필요합니다.",CODE_VERIFICATION,live_coding,293
,https://www.youtube.com/watch?v=fQW6-2yfsBY,"구글 소프트웨어 엔지니어 면접은 1%의 후보자만 통과할 정도로 매우 어렵습니다. 면접 준비 시 문제를 명확히 하고, 간단한 해결책부터 접근하는 것이 중요합니다. 복잡한 알고리즘에 집착하기보다는 기본적인 개념을 확실히 하고, 면접 중에는 자신의 생각을 잘 전달하는 것이 핵심입니다.",CODE_VERIFICATION,live_coding,294
,https://www.youtube.com/watch?v=TD4fUVzDCgA,"면접 준비 시, 주어진 문제를 명확히 이해하고 상황을 정리하는 것이 중요합니다. 또한, 시장 규모, 재무적 영향, 위험 요소 등 세 가지 핵심 요소를 분석하여 결정을 내리는 접근 방식을 보여줄 필요가 있습니다. 마지막으로, 경쟁사 분석과 고객의 수요를 고려하여 가격 전략을 세우는 것이 효과적인 제품 출시를 위한 중요한 단계입니다.",CODE_VERIFICATION,live_coding,295
,https://www.youtube.com/watch?v=1t1_a1BZ04o,"면접에서 성공하기 위한 핵심 팁은, 문제를 단순하게 나누고 접근하는 방식입니다. 먼저, 문제를 이해하고 조건을 정리한 뒤, 복잡한 문법에 신경 쓰지 말고 의사코드를 작성해보세요. 긴장감을 줄이는 가장 좋은 방법은 질문을 하고 대화를 나누는 것이니, 면접관과 적극적으로 소통하는 것이 중요합니다.",CODE_VERIFICATION,live_coding,296
,https://www.youtube.com/watch?v=fuys5fWCxJM,"면접에서 성공하기 위해서는 기업의 비즈니스 모델과 시장 반응 속도를 이해하는 것이 중요합니다. 특히, 고객 피드백을 바탕으로 신속히 생산과 재고를 조정하는 능력은 큰 강점으로 작용할 수 있습니다. 또한, 인수합병 전략을 고민할 때는 해당 기업의 성장 가능성과 지속 가능한 수익 창출 능력을 면밀히 분석해야 합니다.",CODE_VERIFICATION,live_coding,297
,https://www.youtube.com/watch?v=akdsoi71R6U,"실전 면접에서 성공하기 위해서는 케이스 인터뷰의 구조를 이해하는 것이 중요합니다. 문제 해결 과정에서 명확한 질문을 하고, 체계적으로 사고하며, 마지막에는 논리적 근거를 바탕으로 추천안을 제시해야 합니다. 또한, 노트 작성 시 정보를 효과적으로 정리하는 방법을 활용해 면접관과의 소통을 원활하게 하는 것도 필수적입니다.",CODE_VERIFICATION,live_coding,298
,https://www.youtube.com/watch?v=OUyjQOj83Uw,"실전 면접에서 성공적으로 답변하기 위해서는 문제를 명확히 이해하고 정의하는 것이 중요합니다. 또한, 사용자의 세분화와 그들의 문제점을 파악한 후, 우선순위를 정해 해결책을 제시해야 합니다. 마지막으로 다양한 아이디어를 브레인스토밍하며 창의적인 접근법을 탐색하는 것이 좋은 결과로 이어질 수 있습니다.",CODE_VERIFICATION,live_coding,299
,https://www.youtube.com/watch?v=PzGwYzVHp-0,"패널 인터뷰에서 인상 깊게 보이기 위해서는 면접관들과의 첫 인사에서 자신감을 보여주는 것이 중요하며, 각 면접관에게 이력서를 제공하는 것이 좋습니다. 자기소개, 회사에 대한 관심, 그리고 자신이 왜 채용되어야 하는지에 대한 질문에 대해 명확하고 자신감 있게 준비하는 것이 필수적입니다. 마지막으로, 면접관의 이름을 미리 확인해 두는 것도 면접 진행에 큰 도움이 될 수 있습니다.",CODE_VERIFICATION,live_coding,300
,https://www.youtube.com/watch?v=r6m-fjXRt2M,"면접에서 효과적인 문제 해결을 위해 충분한 테스트 케이스를 만드는 것이 중요합니다. 특히 면접 시간 내에 최소한의 케이스로 코드의 완성도를 입증할 수 있도록 하세요. 효율적인 테스트 방법을 익히면, 문제 해결에 필요한 시간을 크게 줄일 수 있습니다.",CODE_VERIFICATION,live_coding,301
,https://www.youtube.com/watch?v=8BgVtn7Lo9U,"LBO 모델 면접 준비를 위해, 기본적인 수학 원리를 이해하고 설명할 수 있어야 합니다. 면접에서는 LBO 후보의 이상적인 조건, 수익률(IRR) 계산 및 다양한 시나리오에 대한 질문이 이어질 수 있으므로, 이를 체계적으로 연습하는 것이 중요합니다. 복잡한 사례 연구에 대한 두려움을 버리고, 간단하고 빠른 수치 문제에 익숙해지는 것이 실전에서 더 많이 도움이 됩니다.",CODE_VERIFICATION,live_coding,302
,https://www.youtube.com/watch?v=tJGrie7k97c,코드를 손으로 추적하는 것은 면접과 시험에서 중요한 기술입니다. 변수의 변화를 표로 정리하며 코드의 흐름을 이해하는 연습을 통해 문제 해결 능력을 향상시킬 수 있습니다. 반복문과 메서드 호출 시 변수의 값이 어떻게 변하는지 시각적으로 나타내는 방법을 익히는 것이 중요합니다.,CODE_VERIFICATION,live_coding,303
,https://www.youtube.com/watch?v=zvWMzZysW5w,"이 비디오에서 파이썬 코드의 재귀 함수의 출력을 추적하는 방법을 설명합니다. 면접 준비 시, 재귀 함수의 구조를 잘 이해하고 단계별로 문제를 해결하는 것이 중요하며, 각 조건문과 반복문에서 어떤 값이 어떻게 변하는지를 명확히 파악해야 합니다. 또한, 면접 중에는 코드의 흐름을 설명하며 논리적으로 접근하는 방식이 큰 도움이 됩니다.",CODE_VERIFICATION,live_coding,304
,https://www.youtube.com/watch?v=Z4HL5JF4kp8,"면접에서 반복(iteration)과 재귀(recursion)를 이해하는 것은 매우 중요합니다. 학생들에게 코드의 동작을 손으로 추적해보는 방법을 가르치는 것은 이 개념을 확실히 이해하는 데 도움이 됩니다. 또한, 다양한 프로그래밍 언어를 지원하는 플랫폼을 활용하면 실습 환경을 유연하게 구성할 수 있어 유익합니다.",CODE_VERIFICATION,live_coding,305
,https://www.youtube.com/watch?v=N-oyB_UYZ74,"프로그래밍 면접에서 중요한 것은 코드의 실행 과정을 단계별로 추적하는 것입니다. 이를 통해 컴퓨터가 각 명령을 어떻게 처리하는지 이해하고, 코드 작성 시 예측력을 키울 수 있습니다. 또한, 컴퓨터는 각 명령을 독립적으로 해석하므로, 명확하고 간결한 코드를 작성하는 것이 중요합니다.",CODE_VERIFICATION,live_coding,306
,https://www.youtube.com/watch?v=tK7aDr-HgPA,"면접에서 효과적으로 자신의 기술적 이해도를 보여주려면, 복잡한 개념을 간단하게 설명하는 능력이 중요합니다. 예를 들어, 오류 수정 코드와 같은 기술적 요소를 물리학의 법칙과 연결 지어 설명하면 면접관에게 깊은 인상을 줄 수 있습니다. 또한, IT와 과학의 융합에 대한 통찰력을 갖추는 것이 필요한 시대인 만큼, 최신 기술 동향을 이해하고 대화할 수 있는 준비가 필요합니다.",CODE_VERIFICATION,live_coding,307
,https://www.youtube.com/watch?v=6NkFemtrRZs,"면접에서 중요한 점은 이론적 지식과 실제 코딩 능력을 동시에 보여주는 것입니다. 특히, 복잡한 개념을 명확하게 설명할 수 있는 능력이 필요하며, 이는 면접관에게 깊이 있는 이해도를 전달합니다. 또한, 실험과 예측의 중요성을 인식하고, 자신의 이론이 실제로 검증될 수 있도록 준비하는 자세가 중요합니다.",CODE_VERIFICATION,live_coding,308
,https://www.youtube.com/watch?v=wexzvClUcUk,"면접에서 좋은 인상을 남기는 첫 단추는 시간 약속을 지키고, 전문적인 복장으로 등장하는 것입니다. 면접 시작 전에 미리 준비한 자기소개를 읽고, 직무 설명서를 다시 확인하면 긴장을 줄이고 자신감을 높일 수 있습니다. 자기소개 시에는 본인의 관련 기술, 경험, 주요 성과, 그리고 역할에 대한 포부를 포함하는 것이 중요합니다.",CODE_VERIFICATION,live_coding,309
,https://www.youtube.com/watch?v=NSpSjSJPf1A,"면접에서는 엣지 케이스(특수 상황)의 중요성을 강조해야 합니다. 일반적인 경우와 달리, 빈 리스트나 잘못된 입력과 같은 엣지 케이스를 고려하여 예외 처리를 철저히 준비하는 것이 필요합니다. 테스트 커버리지를 높이기 위해 다양한 입력을 통해 코드가 모든 상황에서 올바르게 작동하는지 확인해야 합니다.",CODE_VERIFICATION,live_coding,310
,https://www.youtube.com/watch?v=vLzS25TIlQw,"경계점 분석은 소프트웨어 테스트에서 매우 중요한 기법으로, 극단적인 입력값을 통해 애플리케이션의 반응을 검증하는 과정입니다. 경계값을 설정하고, 그 근처의 극단적인 값들을 테스트하여 소프트웨어의 강점과 약점을 파악하는 것이 핵심입니다. 이러한 기법을 마스터하면 숨겨진 버그를 찾아내고 소프트웨어의 품질을 높이는 데 큰 도움이 됩니다.",CODE_VERIFICATION,live_coding,311
,https://www.youtube.com/watch?v=2KIZq4c4spc,"면접에서 AI와 자동화의 활용 방안을 설명하는 것이 중요합니다. 특히 소프트웨어 품질을 유지하면서 비용과 속도를 동시에 고려해야 하며, 복잡한 시스템에서의 트레이스 가능성과 설명 가능성 문제를 해결하는 것이 핵심입니다. 또한, 혁신이 가져오는 위험 요소를 인식하고 이를 관리하기 위한 접근 방식이 필요합니다.",CODE_VERIFICATION,live_coding,312
,https://www.youtube.com/watch?v=zUdaJufz5ho,"코드를 작성할 때는 항상 테스트를 고려해야 합니다. 프로그래머로서 실수를 하는 것은 자연스러운 일이며, 테스트와 디버깅은 프로그래밍 과정의 중요한 부분이라는 점을 명심해야 합니다. 따라서 코드를 작성하기 전에 테스트 전략을 세우는 것이 필수적이며, 이를 통해 프로그램이 기대한 대로 작동하는지 확인할 수 있습니다.",CODE_VERIFICATION,live_coding,313
,https://www.youtube.com/watch?v=-K3adLEojHA,"소프트웨어 개발은 창의성과 논리가 결합된 복잡한 과정으로, 품질 보증을 위한 소프트웨어 테스트가 핵심이다. 최근에는 AI 기반의 자동화 테스트 도구가 등장해 테스트 효율성과 정확성을 높이고 있지만, 알고리즘의 편향성과 같은 새로운 도전 과제가 존재한다. 따라서 AI를 활용한 테스트를 도입할 때는 장단점을 균형 있게 고려하여 소프트웨어 품질을 책임감 있게 향상시켜야 한다.",CODE_VERIFICATION,live_coding,314
,https://www.youtube.com/watch?v=BSjRmiYP7vg,"소프트웨어 테스트에서 테스트 케이스 설계 기법은 결함을 찾기 위한 필수적인 도구로, 다양한 접근 방식을 통해 테스트 범위를 넓힐 수 있습니다. 특히, 오류 추정(Error Guessing) 기법은 테스트 엔지니어의 분석적 사고에 의존하여 부정확한 데이터를 입력함으로써 결함을 발견하는 방식입니다. 면접 준비 시, 이러한 기법들을 이해하고 적용하는 능력을 강조하면 좋은 인상을 남길 수 있습니다.",CODE_VERIFICATION,live_coding,315
,https://www.youtube.com/watch?v=wdifOXeVEtw,"실전 면접 꿀팁은 **엣지 케이스를 고려한 테스트 작성**입니다. 일반적인 예시 기반 테스트는 버그를 놓칠 수 있으므로, **속성 기반 테스트를 활용해 다양한 입력 상황을 시뮬레이션**하는 것이 중요합니다. 이를 통해 프로그램의 신뢰성을 높이고, 향후 발생할 수 있는 문제를 미리 방지할 수 있습니다.",CODE_VERIFICATION,live_coding,316
