category,code_lang,url,video_id
BFS,python,https://www.youtube.com/watch?v=BsYbdUnKZ-Y,BsYbdUnKZ-Y
BFS,python,https://www.youtube.com/watch?v=bTMV-VeaTws,bTMV-VeaTws
BFS,python,https://www.youtube.com/watch?v=9aHVA7mJcqQ,9aHVA7mJcqQ
BFS,python,https://www.youtube.com/watch?v=naZB_PZ1lb0,naZB_PZ1lb0
BFS,python,https://www.youtube.com/watch?v=Cm3-AxNsQWg,Cm3-AxNsQWg
BFS,python,https://www.youtube.com/watch?v=uLs62knf8MI,uLs62knf8MI
BFS,python,https://www.youtube.com/watch?v=D_ZuvwIkinQ,D_ZuvwIkinQ
BFS,python,https://www.youtube.com/watch?v=sN8IVvzF3zI,sN8IVvzF3zI
BFS,python,https://www.youtube.com/watch?v=ygdfQDKLTD4,ygdfQDKLTD4
BFS,python,https://www.youtube.com/watch?v=zFL29ydL9D8,zFL29ydL9D8
BFS,python,https://www.youtube.com/watch?v=K1A7Zj_hoew,K1A7Zj_hoew
BFS,python,https://www.youtube.com/watch?v=d3R1s_OmwAk,d3R1s_OmwAk
BFS,python,https://www.youtube.com/watch?v=qs2cgkXHZXs,qs2cgkXHZXs
BFS,python,https://www.youtube.com/watch?v=ShXeNmIHtB0,ShXeNmIHtB0
BFS,python,https://www.youtube.com/watch?v=cJ9xdW_hqR4,cJ9xdW_hqR4
BFS,python,https://www.youtube.com/watch?v=fPmMPqusEq8,fPmMPqusEq8
BFS,python,https://www.youtube.com/watch?v=vGkQ6hB4GeI,vGkQ6hB4GeI
BFS,python,https://www.youtube.com/watch?v=S2JDw9oNNDk,S2JDw9oNNDk
BFS,python,https://www.youtube.com/watch?v=qpBUjNSzGX8,qpBUjNSzGX8
BFS,python,https://www.youtube.com/watch?v=PFVsoxhztJc,PFVsoxhztJc
BFS,python,https://www.youtube.com/watch?v=gl5RhtU2mF8,gl5RhtU2mF8
BFS,python,https://www.youtube.com/watch?v=3M4yiLbmPAU,3M4yiLbmPAU
BFS,python,https://www.youtube.com/watch?v=3qjxqbC5CYk,3qjxqbC5CYk
BFS,python,https://www.youtube.com/watch?v=mDYEhcKpiz0,mDYEhcKpiz0
BFS,python,https://www.youtube.com/watch?v=-uR7BSfNJko,-uR7BSfNJko
BFS,python,https://www.youtube.com/watch?v=nZJBR5m9bGM,nZJBR5m9bGM
BFS,python,https://www.youtube.com/watch?v=CnECo0rUbzo,CnECo0rUbzo
BFS,python,https://www.youtube.com/watch?v=lyVRSBFVQQM,lyVRSBFVQQM
BFS,python,https://www.youtube.com/watch?v=yN6iRgv09mc,yN6iRgv09mc
BFS,python,https://www.youtube.com/watch?v=tswq532WVF4,tswq532WVF4
BFS,python,https://www.youtube.com/watch?v=224ZyGSxfMo,224ZyGSxfMo
BFS,python,https://www.youtube.com/watch?v=46VmSgebZP4,46VmSgebZP4
BFS,python,https://www.youtube.com/watch?v=e0RBEHvAI_4,e0RBEHvAI_4
BFS,python,https://www.youtube.com/watch?v=U5-bRX2AHNY,U5-bRX2AHNY
BFS,python,https://www.youtube.com/watch?v=6T90pTJ03YY,6T90pTJ03YY
BFS,python,https://www.youtube.com/watch?v=oTH9wKi2Rac,oTH9wKi2Rac
BFS,python,https://www.youtube.com/watch?v=GroMLA3arYs,GroMLA3arYs
BFS,python,https://www.youtube.com/watch?v=3piXbPdLRGQ,3piXbPdLRGQ
BFS,python,https://www.youtube.com/watch?v=YtD2KGRdn3s,YtD2KGRdn3s
BFS,python,https://www.youtube.com/watch?v=Z4plqYyalBQ,Z4plqYyalBQ
BFS,python,https://www.youtube.com/watch?v=PQhMkmhYZjQ,PQhMkmhYZjQ
BFS,java,https://www.youtube.com/watch?v=02qvSxd-yL8,02qvSxd-yL8
BFS,java,https://www.youtube.com/watch?v=Cs8DaupoSPM,Cs8DaupoSPM
BFS,java,https://www.youtube.com/watch?v=09IFRI93gs4,09IFRI93gs4
BFS,java,https://www.youtube.com/watch?v=w419jCHXeEI,w419jCHXeEI
BFS,java,https://www.youtube.com/watch?v=s14vkkAvLRI,s14vkkAvLRI
BFS,java,https://www.youtube.com/watch?v=i2C4hW-c0m4,i2C4hW-c0m4
BFS,java,https://www.youtube.com/watch?v=7OSsRByEwZs,7OSsRByEwZs
BFS,java,https://www.youtube.com/watch?v=GAtyPIM9TP8,GAtyPIM9TP8
BFS,java,https://www.youtube.com/watch?v=7C9RgOcvkvo,7C9RgOcvkvo
BFS,java,https://www.youtube.com/watch?v=x8Zwup81DlA,x8Zwup81DlA
BFS,java,https://www.youtube.com/watch?v=EWZ5Hfjq6TY,EWZ5Hfjq6TY
BFS,java,https://www.youtube.com/watch?v=r3iW552f-kk,r3iW552f-kk
BFS,java,https://www.youtube.com/watch?v=ftOmGdm95XI,ftOmGdm95XI
BFS,java,https://www.youtube.com/watch?v=lq85zEW1S_s,lq85zEW1S_s
BFS,java,https://www.youtube.com/watch?v=WooOuXIiRjE,WooOuXIiRjE
BFS,java,https://www.youtube.com/watch?v=qAfhviRuDfs,qAfhviRuDfs
BFS,java,https://www.youtube.com/watch?v=P70dOq-tU-Y,P70dOq-tU-Y
BFS,java,https://www.youtube.com/watch?v=pbPX0EGi3TQ,pbPX0EGi3TQ
BFS,java,https://www.youtube.com/watch?v=BStHJOq_mnY,BStHJOq_mnY
BFS,java,https://www.youtube.com/watch?v=y4dWsmd7Gqg,y4dWsmd7Gqg
BFS,java,https://www.youtube.com/watch?v=kkDwvvzTAa8,kkDwvvzTAa8
BFS,java,https://www.youtube.com/watch?v=rTk9dewULy8,rTk9dewULy8
BFS,java,https://www.youtube.com/watch?v=7Cox-J7onXw,7Cox-J7onXw
BFS,java,https://www.youtube.com/watch?v=H10hcLFmPQc,H10hcLFmPQc
BFS,java,https://www.youtube.com/watch?v=9Oev6UgLhiI,9Oev6UgLhiI
BFS,java,https://www.youtube.com/watch?v=FvVk49PhQzo,FvVk49PhQzo
BFS,java,https://www.youtube.com/watch?v=KoX1arfQA0Y,KoX1arfQA0Y
BFS,java,https://www.youtube.com/watch?v=Jg60Lvy_Gu8,Jg60Lvy_Gu8
BFS,java,https://www.youtube.com/watch?v=_I401xw0irg,_I401xw0irg
BFS,java,https://www.youtube.com/watch?v=rP37E4EF8uo,rP37E4EF8uo
BFS,java,https://www.youtube.com/watch?v=dCvnjapI6ik,dCvnjapI6ik
BFS,java,https://www.youtube.com/watch?v=kmBJ7IJR_pQ,kmBJ7IJR_pQ
BFS,java,https://www.youtube.com/watch?v=IWc2NU1yrik,IWc2NU1yrik
BFS,c,https://www.youtube.com/watch?v=l0Rsu7dziws,l0Rsu7dziws
BFS,c,https://www.youtube.com/watch?v=Z27rnUEO1R0,Z27rnUEO1R0
BFS,c,https://www.youtube.com/watch?v=RNU2j-l6mCM,RNU2j-l6mCM
BFS,c,https://www.youtube.com/watch?v=9aas7w8d6ek,9aas7w8d6ek
BFS,c,https://www.youtube.com/watch?v=gSpEep-c2mo,gSpEep-c2mo
BFS,c,https://www.youtube.com/watch?v=gK8ap1-5Eio,gK8ap1-5Eio
BFS,c,https://www.youtube.com/watch?v=_G3zzPOz61A,_G3zzPOz61A
BFS,c,https://www.youtube.com/watch?v=-B76_z-WWNg,-B76_z-WWNg
BFS,c,https://www.youtube.com/watch?v=cDS5ZTeANZM,cDS5ZTeANZM
BFS,c,https://www.youtube.com/watch?v=aFpHhmMl9hg,aFpHhmMl9hg
BFS,c,https://www.youtube.com/watch?v=oDqjPvD54Ss,oDqjPvD54Ss
BFS,c,https://www.youtube.com/watch?v=pLIuk-74Yg0,pLIuk-74Yg0
BFS,c,https://www.youtube.com/watch?v=wNOwQmIlSXI,wNOwQmIlSXI
BFS,c,https://www.youtube.com/watch?v=8MrwToiZLbk,8MrwToiZLbk
BFS,c,https://www.youtube.com/watch?v=-2CI8oUbjO8,-2CI8oUbjO8
BFS,c,https://www.youtube.com/watch?v=iYz-pG1CPIM,iYz-pG1CPIM
BFS,c,https://www.youtube.com/watch?v=llVuUGySRwg,llVuUGySRwg
BFS,c,https://www.youtube.com/watch?v=wABnJrTps34,wABnJrTps34
BFS,cpp,https://www.youtube.com/watch?v=9hdhpMVPSwM,9hdhpMVPSwM
BFS,cpp,https://www.youtube.com/watch?v=tC9CBWSzEBk,tC9CBWSzEBk
BFS,cpp,https://www.youtube.com/watch?v=5BVmv7ucrBo,5BVmv7ucrBo
BFS,cpp,https://www.youtube.com/watch?v=jHM3DvmkXA0,jHM3DvmkXA0
BFS,cpp,https://www.youtube.com/watch?v=v78tWnjklio,v78tWnjklio
BFS,cpp,https://www.youtube.com/watch?v=geOBaNYYInc,geOBaNYYInc
BFS,cpp,https://www.youtube.com/watch?v=-tgVpUgsQ5k,-tgVpUgsQ5k
BFS,cpp,https://www.youtube.com/watch?v=KiCBXu4P-2Y,KiCBXu4P-2Y
BFS,cpp,https://www.youtube.com/watch?v=b5kij1Akf9I,b5kij1Akf9I
BFS,cpp,https://www.youtube.com/watch?v=6J50_2SD0C8,6J50_2SD0C8
BFS,cpp,https://www.youtube.com/watch?v=-roXotLkUOw,-roXotLkUOw
BFS,cpp,https://www.youtube.com/watch?v=SA8XKAnBWvQ,SA8XKAnBWvQ
BFS,cpp,https://www.youtube.com/watch?v=J06Y4XKPQD8,J06Y4XKPQD8
BFS,cpp,https://www.youtube.com/watch?v=rmPm2SbKJ5E,rmPm2SbKJ5E
BFS,cpp,https://www.youtube.com/watch?v=nEj2ROx5v_E,nEj2ROx5v_E
BFS,cpp,https://www.youtube.com/watch?v=G32BB0P9vSo,G32BB0P9vSo
BFS,cpp,https://www.youtube.com/watch?v=8mCHHludkjg,8mCHHludkjg
BFS,cpp,https://www.youtube.com/watch?v=5WnfXh0YQcQ,5WnfXh0YQcQ
BFS,cpp,https://www.youtube.com/watch?v=P8XuTz804Lc,P8XuTz804Lc
BFS,cpp,https://www.youtube.com/watch?v=vZKhxZkM1jg,vZKhxZkM1jg
BFS,cpp,https://www.youtube.com/watch?v=vf-cxgUXcMk,vf-cxgUXcMk
BFS,cpp,https://www.youtube.com/watch?v=Ykv33EpJVCU,Ykv33EpJVCU
DFS,python,https://www.youtube.com/watch?v=BLc3wzvycH8,BLc3wzvycH8
DFS,python,https://www.youtube.com/watch?v=dcTbmpvHf7g,dcTbmpvHf7g
DFS,python,https://www.youtube.com/watch?v=i_0NWOg4sRQ,i_0NWOg4sRQ
DFS,python,https://www.youtube.com/watch?v=0bqfTzpWySY,0bqfTzpWySY
DFS,python,https://www.youtube.com/watch?v=P4p_vVnP1hA,P4p_vVnP1hA
DFS,python,https://www.youtube.com/watch?v=3_eVkTkBbJE,3_eVkTkBbJE
DFS,python,https://www.youtube.com/watch?v=5GB9eIeQVrw,5GB9eIeQVrw
DFS,python,https://www.youtube.com/watch?v=QVcsSaGeSH0,QVcsSaGeSH0
DFS,python,https://www.youtube.com/watch?v=tNVU9HSyVxE,tNVU9HSyVxE
DFS,python,https://www.youtube.com/watch?v=NWSs7nDqRSo,NWSs7nDqRSo
DFS,python,https://www.youtube.com/watch?v=Z-Qdp1_JWdI,Z-Qdp1_JWdI
DFS,python,https://www.youtube.com/watch?v=sKk6VwFHnXI,sKk6VwFHnXI
DFS,python,https://www.youtube.com/watch?v=ynZdirmZre4,ynZdirmZre4
DFS,python,https://www.youtube.com/watch?v=e65Pg0USbBA,e65Pg0USbBA
DFS,python,https://www.youtube.com/watch?v=msAB1NivnhI,msAB1NivnhI
DFS,python,https://www.youtube.com/watch?v=8cIqeTvGshk,8cIqeTvGshk
DFS,python,https://www.youtube.com/watch?v=0Zsabo7ires,0Zsabo7ires
DFS,python,https://www.youtube.com/watch?v=pBasV9jlQ0w,pBasV9jlQ0w
DFS,python,https://www.youtube.com/watch?v=vnjjMVcO-R4,vnjjMVcO-R4
DFS,python,https://www.youtube.com/watch?v=dqnZShCbQiI,dqnZShCbQiI
DFS,python,https://www.youtube.com/watch?v=Sbciimd09h4,Sbciimd09h4
DFS,python,https://www.youtube.com/watch?v=QUlkiLgFdHU,QUlkiLgFdHU
DFS,python,https://www.youtube.com/watch?v=X378u6fEfQU,X378u6fEfQU
DFS,python,https://www.youtube.com/watch?v=tgZfurW8w1g,tgZfurW8w1g
DFS,python,https://www.youtube.com/watch?v=U6UkRe3JHEk,U6UkRe3JHEk
DFS,python,https://www.youtube.com/watch?v=NNFm4WRzAAg,NNFm4WRzAAg
DFS,python,https://www.youtube.com/watch?v=Y-I9b3rOo3Q,Y-I9b3rOo3Q
DFS,java,https://www.youtube.com/watch?v=o0bM23DTXBw,o0bM23DTXBw
DFS,java,https://www.youtube.com/watch?v=8upKVJc1tgo,8upKVJc1tgo
DFS,java,https://www.youtube.com/watch?v=Jb34jY91450,Jb34jY91450
DFS,java,https://www.youtube.com/watch?v=ZJYTuDlGyf0,ZJYTuDlGyf0
DFS,java,https://www.youtube.com/watch?v=5OrortYfwcM,5OrortYfwcM
DFS,java,https://www.youtube.com/watch?v=soLVcb0MLS0,soLVcb0MLS0
DFS,java,https://www.youtube.com/watch?v=5C0IxOYVrhg,5C0IxOYVrhg
DFS,java,https://www.youtube.com/watch?v=TAX8jdWWSU0,TAX8jdWWSU0
DFS,java,https://www.youtube.com/watch?v=xkdphZK5Pcw,xkdphZK5Pcw
DFS,java,https://www.youtube.com/watch?v=z1ijEwTdq0w,z1ijEwTdq0w
DFS,java,https://www.youtube.com/watch?v=-Pq2XfQjLCA,-Pq2XfQjLCA
DFS,java,https://www.youtube.com/watch?v=x6iO0ZH9h7Q,x6iO0ZH9h7Q
DFS,java,https://www.youtube.com/watch?v=nsM8_Zpvc8c,nsM8_Zpvc8c
DFS,java,https://www.youtube.com/watch?v=_Dr38nGgpBk,_Dr38nGgpBk
DFS,java,https://www.youtube.com/watch?v=FGswVJHx5Hk,FGswVJHx5Hk
DFS,java,https://www.youtube.com/watch?v=Kfm00t4YKow,Kfm00t4YKow
DFS,java,https://www.youtube.com/watch?v=3oQMeGivmp0,3oQMeGivmp0
DFS,java,https://www.youtube.com/watch?v=0ql7lZS2qt0,0ql7lZS2qt0
DFS,java,https://www.youtube.com/watch?v=Qzf1a--rhp8,Qzf1a--rhp8
DFS,java,https://www.youtube.com/watch?v=bOrCi635kUw,bOrCi635kUw
DFS,java,https://www.youtube.com/watch?v=Exvy4GvTets,Exvy4GvTets
DFS,java,https://www.youtube.com/watch?v=KXv95UE5fAs,KXv95UE5fAs
DFS,java,https://www.youtube.com/watch?v=uT1p5Eiw9CE,uT1p5Eiw9CE
DFS,java,https://www.youtube.com/watch?v=Y8bOGiLkBqg,Y8bOGiLkBqg
DFS,java,https://www.youtube.com/watch?v=2DioKI5nSjA,2DioKI5nSjA
DFS,java,https://www.youtube.com/watch?v=_Fw8KaueS8s,_Fw8KaueS8s
DFS,java,https://www.youtube.com/watch?v=Oq-rvdMIycg,Oq-rvdMIycg
DFS,java,https://www.youtube.com/watch?v=cFIt_psYQXs,cFIt_psYQXs
DFS,java,https://www.youtube.com/watch?v=4M1u4-eGlxU,4M1u4-eGlxU
DFS,c,https://www.youtube.com/watch?v=ErAO-9yo_Yc,ErAO-9yo_Yc
DFS,c,https://www.youtube.com/watch?v=dUjd2BYU6zg,dUjd2BYU6zg
DFS,c,https://www.youtube.com/watch?v=S3zafJu3zmw,S3zafJu3zmw
DFS,c,https://www.youtube.com/watch?v=Kj6eooj_0Tw,Kj6eooj_0Tw
DFS,c,https://www.youtube.com/watch?v=78MHQ9s7kAc,78MHQ9s7kAc
DFS,c,https://www.youtube.com/watch?v=OdsyeXRhVIo,OdsyeXRhVIo
DFS,c,https://www.youtube.com/watch?v=jQmlXAwUvZ4,jQmlXAwUvZ4
DFS,c,https://www.youtube.com/watch?v=SZrP_scLMR4,SZrP_scLMR4
DFS,c,https://www.youtube.com/watch?v=fI6X6IBkzcw,fI6X6IBkzcw
DFS,c,https://www.youtube.com/watch?v=PMMc4VsIacU,PMMc4VsIacU
DFS,c,https://www.youtube.com/watch?v=_iUai3uXD68,_iUai3uXD68
DFS,c,https://www.youtube.com/watch?v=ILGOBTmGqrU,ILGOBTmGqrU
DFS,c,https://www.youtube.com/watch?v=eF3MElILmzA,eF3MElILmzA
DFS,c,https://www.youtube.com/watch?v=Urx87-NMm6c,Urx87-NMm6c
DFS,c,https://www.youtube.com/watch?v=f7xa3T5PaBI,f7xa3T5PaBI
DFS,c,https://www.youtube.com/watch?v=JM_Ni1roq7k,JM_Ni1roq7k
DFS,c,https://www.youtube.com/watch?v=ocYYK6gYX8Q,ocYYK6gYX8Q
DFS,c,https://www.youtube.com/watch?v=12Nzy4zkARo,12Nzy4zkARo
DFS,c,https://www.youtube.com/watch?v=BCYB7z7nQhg,BCYB7z7nQhg
DFS,c,https://www.youtube.com/watch?v=k9cUUsB8_GE,k9cUUsB8_GE
DFS,c,https://www.youtube.com/watch?v=9_ftWKch6vI,9_ftWKch6vI
DFS,c,https://www.youtube.com/watch?v=ODoT-Em2WsM,ODoT-Em2WsM
DFS,c,https://www.youtube.com/watch?v=pLhPA96QVbw,pLhPA96QVbw
DFS,c,https://www.youtube.com/watch?v=oO1857MQlcs,oO1857MQlcs
DFS,c,https://www.youtube.com/watch?v=ZSjUwAIf62I,ZSjUwAIf62I
DFS,c,https://www.youtube.com/watch?v=xkLrCAyJCMk,xkLrCAyJCMk
DFS,c,https://www.youtube.com/watch?v=o8-6K3r92Dg,o8-6K3r92Dg
DFS,c,https://www.youtube.com/watch?v=75QahOSlHGM,75QahOSlHGM
DFS,c,https://www.youtube.com/watch?v=zalhUp4ms6c,zalhUp4ms6c
DFS,c,https://www.youtube.com/watch?v=SuiYUV69XC8,SuiYUV69XC8
DFS,cpp,https://www.youtube.com/watch?v=KoizAhORc1U,KoizAhORc1U
DFS,cpp,https://www.youtube.com/watch?v=mQZjx31C6aA,mQZjx31C6aA
DFS,cpp,https://www.youtube.com/watch?v=GmZNp9_-imM,GmZNp9_-imM
DFS,cpp,https://www.youtube.com/watch?v=XQUjGwaKTmE,XQUjGwaKTmE
DFS,cpp,https://www.youtube.com/watch?v=TOwcZYkJ2ys,TOwcZYkJ2ys
DFS,cpp,https://www.youtube.com/watch?v=oOHrSzA8Nwg,oOHrSzA8Nwg
DFS,cpp,https://www.youtube.com/watch?v=fftNveah5EU,fftNveah5EU
DFS,cpp,https://www.youtube.com/watch?v=bUY_gvLiRow,bUY_gvLiRow
DFS,cpp,https://www.youtube.com/watch?v=H9Elnbpbeyc,H9Elnbpbeyc
DFS,cpp,https://www.youtube.com/watch?v=W9F8fDQj7Ok,W9F8fDQj7Ok
DFS,cpp,https://www.youtube.com/watch?v=_IhTp8q0Mm0,_IhTp8q0Mm0
DFS,cpp,https://www.youtube.com/watch?v=rFNd6rckDWY,rFNd6rckDWY
DFS,cpp,https://www.youtube.com/watch?v=IfZmA-74-zk,IfZmA-74-zk
DFS,cpp,https://www.youtube.com/watch?v=xwlRWdAHMBg,xwlRWdAHMBg
DFS,cpp,https://www.youtube.com/watch?v=6kNTHW7oR5Y,6kNTHW7oR5Y
DFS,cpp,https://www.youtube.com/watch?v=6m1wf7UDB6I,6m1wf7UDB6I
DFS,cpp,https://www.youtube.com/watch?v=L1nUh6Wqr0k,L1nUh6Wqr0k
DFS,cpp,https://www.youtube.com/watch?v=epXFq3KIvOA,epXFq3KIvOA
DFS,cpp,https://www.youtube.com/watch?v=iZpnU7zQWo0,iZpnU7zQWo0
DFS,cpp,https://www.youtube.com/watch?v=kMS5Fxjrd6E,kMS5Fxjrd6E
DP,python,https://www.youtube.com/watch?v=JO9MvGGFTEs,JO9MvGGFTEs
DP,python,https://www.youtube.com/watch?v=3baRvzep-EE,3baRvzep-EE
DP,python,https://www.youtube.com/watch?v=6QkmRvHMfqs,6QkmRvHMfqs
DP,python,https://www.youtube.com/watch?v=bepntLy33gA,bepntLy33gA
DP,python,https://www.youtube.com/watch?v=VejF6OXUPvQ,VejF6OXUPvQ
DP,python,https://www.youtube.com/watch?v=orf9ailzXvI,orf9ailzXvI
DP,python,https://www.youtube.com/watch?v=A8nOpWRXQrs,A8nOpWRXQrs
DP,python,https://www.youtube.com/watch?v=zX76zhUL7ks,zX76zhUL7ks
DP,python,https://www.youtube.com/watch?v=qAIK8NPybv8,qAIK8NPybv8
DP,python,https://www.youtube.com/watch?v=yhwOQflQehk,yhwOQflQehk
DP,python,https://www.youtube.com/watch?v=grwnXeq3rOU,grwnXeq3rOU
DP,python,https://www.youtube.com/watch?v=vOmpp2TxYwg,vOmpp2TxYwg
DP,python,https://www.youtube.com/watch?v=hw-SvAR3Zqg,hw-SvAR3Zqg
DP,python,https://www.youtube.com/watch?v=cwqPJkr1AfE,cwqPJkr1AfE
DP,python,https://www.youtube.com/watch?v=BqqjWGPXNaQ,BqqjWGPXNaQ
DP,python,https://www.youtube.com/watch?v=t02hG4lgp8A,t02hG4lgp8A
DP,python,https://www.youtube.com/watch?v=vYquumk4nWw,vYquumk4nWw
DP,python,https://www.youtube.com/watch?v=M6wUzNmmHD0,M6wUzNmmHD0
DP,python,https://www.youtube.com/watch?v=_i4Yxeh5ceQ,_i4Yxeh5ceQ
DP,python,https://www.youtube.com/watch?v=qMky6D6YtXU,qMky6D6YtXU
DP,python,https://www.youtube.com/watch?v=S-9NmIj2fdQ,S-9NmIj2fdQ
DP,python,https://www.youtube.com/watch?v=VnTlW572Sc4,VnTlW572Sc4
DP,python,https://www.youtube.com/watch?v=ne9eZ4ezg0Y,ne9eZ4ezg0Y
DP,python,https://www.youtube.com/watch?v=yHARPtgbAqM,yHARPtgbAqM
DP,python,https://www.youtube.com/watch?v=RlugupBiC6w,RlugupBiC6w
DP,python,https://www.youtube.com/watch?v=aAkFtRxeP7c,aAkFtRxeP7c
DP,python,https://www.youtube.com/watch?v=e0CAbRVYAWg,e0CAbRVYAWg
DP,python,https://www.youtube.com/watch?v=xOlhR_2QCXY,xOlhR_2QCXY
DP,python,https://www.youtube.com/watch?v=1hSt4sUH_gs,1hSt4sUH_gs
DP,python,https://www.youtube.com/watch?v=OP_dtaicnps,OP_dtaicnps
DP,python,https://www.youtube.com/watch?v=ZRO62QlYrZk,ZRO62QlYrZk
DP,python,https://www.youtube.com/watch?v=_fk32BMETXo,_fk32BMETXo
DP,python,https://www.youtube.com/watch?v=bCPsBxEyQgc,bCPsBxEyQgc
DP,python,https://www.youtube.com/watch?v=vvVb4RcaCBs,vvVb4RcaCBs
DP,python,https://www.youtube.com/watch?v=rgGq6sELoZc,rgGq6sELoZc
DP,python,https://www.youtube.com/watch?v=UXN6VNPEWzA,UXN6VNPEWzA
DP,python,https://www.youtube.com/watch?v=izU-B1gfhws,izU-B1gfhws
DP,python,https://www.youtube.com/watch?v=8-C922QyKLY,8-C922QyKLY
DP,python,https://www.youtube.com/watch?v=txjeAk1p_-w,txjeAk1p_-w
DP,python,https://www.youtube.com/watch?v=piAlsJySUGE,piAlsJySUGE
DP,python,https://www.youtube.com/watch?v=WbwP4w6TpCk,WbwP4w6TpCk
DP,python,https://www.youtube.com/watch?v=BL5oy2l0aP8,BL5oy2l0aP8
DP,python,https://www.youtube.com/watch?v=H0tcRpbWdJI,H0tcRpbWdJI
DP,python,https://www.youtube.com/watch?v=bWHb8sCPacc,bWHb8sCPacc
DP,python,https://www.youtube.com/watch?v=sCecRPSQg6Y,sCecRPSQg6Y
DP,python,https://www.youtube.com/watch?v=mBNrRy2_hVs,mBNrRy2_hVs
DP,java,https://www.youtube.com/watch?v=nW5y7PFLR3M,nW5y7PFLR3M
DP,java,https://www.youtube.com/watch?v=ZsVVTEfZee8,ZsVVTEfZee8
DP,java,https://www.youtube.com/watch?v=rl9IBRq_F2k,rl9IBRq_F2k
DP,java,https://www.youtube.com/watch?v=GtqHli8HIqk,GtqHli8HIqk
DP,java,https://www.youtube.com/watch?v=U22u6E2udUI,U22u6E2udUI
DP,java,https://www.youtube.com/watch?v=aZTU7gy5E6s,aZTU7gy5E6s
DP,java,https://www.youtube.com/watch?v=sYh62pujaH8,sYh62pujaH8
DP,java,https://www.youtube.com/watch?v=N54jYB7gs4U,N54jYB7gs4U
DP,java,https://www.youtube.com/watch?v=OZzKsCijg4o,OZzKsCijg4o
DP,java,https://www.youtube.com/watch?v=FzsEE7WN-fc,FzsEE7WN-fc
DP,java,https://www.youtube.com/watch?v=JrEsW4VcZgM,JrEsW4VcZgM
DP,java,https://www.youtube.com/watch?v=tOHARIf3gpw,tOHARIf3gpw
DP,java,https://www.youtube.com/watch?v=jC9l0_NClrY,jC9l0_NClrY
DP,java,https://www.youtube.com/watch?v=ZVPpl_sV97U,ZVPpl_sV97U
DP,java,https://www.youtube.com/watch?v=N_hKcToR2ig,N_hKcToR2ig
DP,java,https://www.youtube.com/watch?v=hagBB17_hvg,hagBB17_hvg
DP,java,https://www.youtube.com/watch?v=6EjIsamFroM,6EjIsamFroM
DP,java,https://www.youtube.com/watch?v=oFkDldu3C_4,oFkDldu3C_4
DP,java,https://www.youtube.com/watch?v=X_bgcl3H4YE,X_bgcl3H4YE
DP,java,https://www.youtube.com/watch?v=nqowUJzG-iM,nqowUJzG-iM
DP,java,https://www.youtube.com/watch?v=-NTaXJ7BBXs,-NTaXJ7BBXs
DP,java,https://www.youtube.com/watch?v=xZKqH7ZcS_Y,xZKqH7ZcS_Y
DP,java,https://www.youtube.com/watch?v=oBt53YbR9Kk,oBt53YbR9Kk
DP,java,https://www.youtube.com/watch?v=HBON-ooIygo,HBON-ooIygo
DP,java,https://www.youtube.com/watch?v=P3MFBCZCGXs,P3MFBCZCGXs
DP,java,https://www.youtube.com/watch?v=1rRC0CQG5Ms,1rRC0CQG5Ms
DP,java,https://www.youtube.com/watch?v=rGJJNBLFEqA,rGJJNBLFEqA
DP,java,https://www.youtube.com/watch?v=heUFId6Qd1A,heUFId6Qd1A
DP,java,https://www.youtube.com/watch?v=nEjvcsqqONs,nEjvcsqqONs
DP,java,https://www.youtube.com/watch?v=ojyY3jG2gBY,ojyY3jG2gBY
DP,java,https://www.youtube.com/watch?v=mvEkXit9z80,mvEkXit9z80
DP,java,https://www.youtube.com/watch?v=MWV5I3W-0JU,MWV5I3W-0JU
DP,java,https://www.youtube.com/watch?v=Z8USYkiRvZw,Z8USYkiRvZw
DP,java,https://www.youtube.com/watch?v=tyB0ztf0DNY,tyB0ztf0DNY
DP,java,https://www.youtube.com/watch?v=jzfgcxnA9v0,jzfgcxnA9v0
DP,java,https://www.youtube.com/watch?v=P8Xa2BitN3I,P8Xa2BitN3I
DP,java,https://www.youtube.com/watch?v=6sm6IgUmpaI,6sm6IgUmpaI
DP,java,https://www.youtube.com/watch?v=NqcCInnawik,NqcCInnawik
DP,c,https://www.youtube.com/watch?v=U0olltecULY,U0olltecULY
DP,c,https://www.youtube.com/watch?v=w13hyHcTyUc,w13hyHcTyUc
DP,c,https://www.youtube.com/watch?v=9nrVlAGz6KA,9nrVlAGz6KA
DP,c,https://www.youtube.com/watch?v=cnt5PG2kj9U,cnt5PG2kj9U
DP,c,https://www.youtube.com/watch?v=-YVe42yg8Vw,-YVe42yg8Vw
DP,c,https://www.youtube.com/watch?v=DlVGIneDk1M,DlVGIneDk1M
DP,c,https://www.youtube.com/watch?v=WlBXc1yqp3I,WlBXc1yqp3I
DP,c,https://www.youtube.com/watch?v=rMhN_MpAlsY,rMhN_MpAlsY
DP,c,https://www.youtube.com/watch?v=9XM5HQiXKTA,9XM5HQiXKTA
DP,c,https://www.youtube.com/watch?v=MHi5Z-Oq03s,MHi5Z-Oq03s
DP,c,https://www.youtube.com/watch?v=HZ6FcY8i3Y0,HZ6FcY8i3Y0
DP,c,https://www.youtube.com/watch?v=max-3Uw_DNs,max-3Uw_DNs
DP,c,https://www.youtube.com/watch?v=3rx0rimMFN8,3rx0rimMFN8
DP,c,https://www.youtube.com/watch?v=mh09uZDQw4A,mh09uZDQw4A
DP,c,https://www.youtube.com/watch?v=sPxgOPENGiM,sPxgOPENGiM
DP,c,https://www.youtube.com/watch?v=zcYD-1Z6PGA,zcYD-1Z6PGA
DP,c,https://www.youtube.com/watch?v=yztVonqtj3Y,yztVonqtj3Y
DP,c,https://www.youtube.com/watch?v=OSRD1bs9Om8,OSRD1bs9Om8
DP,c,https://www.youtube.com/watch?v=WAH3NKEN1eA,WAH3NKEN1eA
DP,c,https://www.youtube.com/watch?v=JCoTZzjFqaw,JCoTZzjFqaw
DP,c,https://www.youtube.com/watch?v=m_qObdtatVg,m_qObdtatVg
DP,c,https://www.youtube.com/watch?v=2RwlzBDhGh4,2RwlzBDhGh4
DP,c,https://www.youtube.com/watch?v=DNMfQIrAcw8,DNMfQIrAcw8
DP,c,https://www.youtube.com/watch?v=9SDSH0IQ08I,9SDSH0IQ08I
DP,c,https://www.youtube.com/watch?v=LpMpFHcMwvQ,LpMpFHcMwvQ
DP,c,https://www.youtube.com/watch?v=C995oY8JGzs,C995oY8JGzs
DP,c,https://www.youtube.com/watch?v=yXlrFrax8oQ,yXlrFrax8oQ
DP,c,https://www.youtube.com/watch?v=NQY09vFWjJo,NQY09vFWjJo
DP,c,https://www.youtube.com/watch?v=y85o6V40S-k,y85o6V40S-k
DP,c,https://www.youtube.com/watch?v=T4WUpYsCqSU,T4WUpYsCqSU
DP,c,https://www.youtube.com/watch?v=mREY1NFBVvw,mREY1NFBVvw
DP,c,https://www.youtube.com/watch?v=c0xwsNUPaGs,c0xwsNUPaGs
DP,c,https://www.youtube.com/watch?v=KciDHojdxcE,KciDHojdxcE
DP,c,https://www.youtube.com/watch?v=q6fPjQAzll8,q6fPjQAzll8
DP,c,https://www.youtube.com/watch?v=cYYoXDpUVlw,cYYoXDpUVlw
DP,c,https://www.youtube.com/watch?v=PY9sl9QZqSs,PY9sl9QZqSs
DP,c,https://www.youtube.com/watch?v=w8mGZNEMdn8,w8mGZNEMdn8
DP,c,https://www.youtube.com/watch?v=u7DdPBAJttU,u7DdPBAJttU
DP,c,https://www.youtube.com/watch?v=pJ40_FmXAfo,pJ40_FmXAfo
DP,c,https://www.youtube.com/watch?v=Hdr64lKQ3e4,Hdr64lKQ3e4
DP,c,https://www.youtube.com/watch?v=YcwPBMJ2rdw,YcwPBMJ2rdw
DP,c,https://www.youtube.com/watch?v=3CQXzUB_iyk,3CQXzUB_iyk
DP,c,https://www.youtube.com/watch?v=odW68OcWI10,odW68OcWI10
DP,c,https://www.youtube.com/watch?v=QKMFYP__DR8,QKMFYP__DR8
DP,c,https://www.youtube.com/watch?v=OERzGIg9vF8,OERzGIg9vF8
DP,c,https://www.youtube.com/watch?v=tb_14w_-mNw,tb_14w_-mNw
DP,c,https://www.youtube.com/watch?v=6NcxomqmAf8,6NcxomqmAf8
DP,c,https://www.youtube.com/watch?v=NA7u5GTh6fw,NA7u5GTh6fw
DP,c,https://www.youtube.com/watch?v=IQTriFMF5Rg,IQTriFMF5Rg
DP,c,https://www.youtube.com/watch?v=Ci3NMtVtZu4,Ci3NMtVtZu4
DP,c,https://www.youtube.com/watch?v=_OPJaU2Xz7o,_OPJaU2Xz7o
DP,c,https://www.youtube.com/watch?v=bWk4IvSyM8A,bWk4IvSyM8A
DP,c,https://www.youtube.com/watch?v=lpzfRQdBTDg,lpzfRQdBTDg
DP,c,https://www.youtube.com/watch?v=Taa9JDeakyU,Taa9JDeakyU
DP,cpp,https://www.youtube.com/watch?v=FmXZG7D8nS4,FmXZG7D8nS4
DP,cpp,https://www.youtube.com/watch?v=45g9B3EiySY,45g9B3EiySY
DP,cpp,https://www.youtube.com/watch?v=oJ2eFMkeLuA,oJ2eFMkeLuA
DP,cpp,https://www.youtube.com/watch?v=Hu73oVatXdY,Hu73oVatXdY
DP,cpp,https://www.youtube.com/watch?v=3BgD9XkZydo,3BgD9XkZydo
DP,cpp,https://www.youtube.com/watch?v=KcrtXoaA47Q,KcrtXoaA47Q
DP,cpp,https://www.youtube.com/watch?v=Ar40zcPoKEI,Ar40zcPoKEI
DP,cpp,https://www.youtube.com/watch?v=uZR72YlayH4,uZR72YlayH4
DP,cpp,https://www.youtube.com/watch?v=u5apvngE7XY,u5apvngE7XY
DP,cpp,https://www.youtube.com/watch?v=wpk7AM6FPRc,wpk7AM6FPRc
DP,cpp,https://www.youtube.com/watch?v=TmpflqGkdBU,TmpflqGkdBU
DP,cpp,https://www.youtube.com/watch?v=PL3RzsbtIhM,PL3RzsbtIhM
DP,cpp,https://www.youtube.com/watch?v=1mtvm2ubHCY,1mtvm2ubHCY
DP,cpp,https://www.youtube.com/watch?v=JUm028gANS0,JUm028gANS0
DP,cpp,https://www.youtube.com/watch?v=cthI6e5KGgg,cthI6e5KGgg
DP,cpp,https://www.youtube.com/watch?v=uhFE8dGjjsk,uhFE8dGjjsk
DP,cpp,https://www.youtube.com/watch?v=ZcrQKaZNALI,ZcrQKaZNALI
DP,cpp,https://www.youtube.com/watch?v=_kio3U6CV2c,_kio3U6CV2c
DP,cpp,https://www.youtube.com/watch?v=o8Dt08b5k1Y,o8Dt08b5k1Y
DP,cpp,https://www.youtube.com/watch?v=ad6UqyoZ9Hk,ad6UqyoZ9Hk
DP,cpp,https://www.youtube.com/watch?v=FAQxdm0bTaw,FAQxdm0bTaw
DP,cpp,https://www.youtube.com/watch?v=ueSWbrkRBxg,ueSWbrkRBxg
DP,cpp,https://www.youtube.com/watch?v=KIRSxCBVH_A,KIRSxCBVH_A
DP,cpp,https://www.youtube.com/watch?v=udiq6hVvZ1Y,udiq6hVvZ1Y
DP,cpp,https://www.youtube.com/watch?v=7sDiQeWsrOk,7sDiQeWsrOk
DP,cpp,https://www.youtube.com/watch?v=IB2Ou_XVlJc,IB2Ou_XVlJc
DP,cpp,https://www.youtube.com/watch?v=d59iXqly5FY,d59iXqly5FY
DP,cpp,https://www.youtube.com/watch?v=aiWM7i7Lnj4,aiWM7i7Lnj4
DP,cpp,https://www.youtube.com/watch?v=t3J445uVgeA,t3J445uVgeA
DP,cpp,https://www.youtube.com/watch?v=YkBch12jNE0,YkBch12jNE0
DP,cpp,https://www.youtube.com/watch?v=xat9eClOFOo,xat9eClOFOo
DP,cpp,https://www.youtube.com/watch?v=sn0DWI-JdNA,sn0DWI-JdNA
DP,cpp,https://www.youtube.com/watch?v=PGsgv6nXhLw,PGsgv6nXhLw
DP,cpp,https://www.youtube.com/watch?v=zlJegWQBb40,zlJegWQBb40
Greedy,python,https://www.youtube.com/watch?v=2zjoKjt97vQ,2zjoKjt97vQ
Greedy,python,https://www.youtube.com/watch?v=8UVDnahV1eg,8UVDnahV1eg
Greedy,python,https://www.youtube.com/watch?v=cswJ1h-How0,cswJ1h-How0
Greedy,python,https://www.youtube.com/watch?v=sG8EDSI1KF0,sG8EDSI1KF0
Greedy,python,https://www.youtube.com/watch?v=RCV8tBUDAhU,RCV8tBUDAhU
Greedy,python,https://www.youtube.com/watch?v=sb-S9F5vucM,sb-S9F5vucM
Greedy,python,https://www.youtube.com/watch?v=PNPIk3hc6ic,PNPIk3hc6ic
Greedy,python,https://www.youtube.com/watch?v=Vck0unrXGiY,Vck0unrXGiY
Greedy,python,https://www.youtube.com/watch?v=plA08fqRRhg,plA08fqRRhg
Greedy,python,https://www.youtube.com/watch?v=_IZuE7NIeW4,_IZuE7NIeW4
Greedy,python,https://www.youtube.com/watch?v=AjCZ8jfLHmc,AjCZ8jfLHmc
Greedy,python,https://www.youtube.com/watch?v=hWKZ2G_OQwQ,hWKZ2G_OQwQ
Greedy,python,https://www.youtube.com/watch?v=8V2zw6Qxarc,8V2zw6Qxarc
Greedy,python,https://www.youtube.com/watch?v=CxBYY7XTQvI,CxBYY7XTQvI
Greedy,python,https://www.youtube.com/watch?v=QTMCbUWfzxE,QTMCbUWfzxE
Greedy,python,https://www.youtube.com/watch?v=PMTQNEkYNa0,PMTQNEkYNa0
Greedy,python,https://www.youtube.com/watch?v=3yAR1jFbOf8,3yAR1jFbOf8
Greedy,python,https://www.youtube.com/watch?v=QvSIAB27Vdk,QvSIAB27Vdk
Greedy,python,https://www.youtube.com/watch?v=Tu1HaeXPoIY,Tu1HaeXPoIY
Greedy,python,https://www.youtube.com/watch?v=LnwNndJqn_M,LnwNndJqn_M
Greedy,python,https://www.youtube.com/watch?v=rqVi5coCt5E,rqVi5coCt5E
Greedy,python,https://www.youtube.com/watch?v=et22UbU-dSM,et22UbU-dSM
Greedy,python,https://www.youtube.com/watch?v=P_lADX6fbIE,P_lADX6fbIE
Greedy,python,https://www.youtube.com/watch?v=9qpTghPLMhg,9qpTghPLMhg
Greedy,python,https://www.youtube.com/watch?v=-UraW58KMS4,-UraW58KMS4
Greedy,python,https://www.youtube.com/watch?v=vFiBKa4VbtU,vFiBKa4VbtU
Greedy,python,https://www.youtube.com/watch?v=dJ7sWiOoK7g,dJ7sWiOoK7g
Greedy,python,https://www.youtube.com/watch?v=bC7o8P_Ste4,bC7o8P_Ste4
Greedy,python,https://www.youtube.com/watch?v=Ir7LDPU1G9I,Ir7LDPU1G9I
Greedy,python,https://www.youtube.com/watch?v=uMdAUdlyZfQ,uMdAUdlyZfQ
Greedy,python,https://www.youtube.com/watch?v=lfQvPHGtu6Q,lfQvPHGtu6Q
Greedy,python,https://www.youtube.com/watch?v=M_9ei5TFZ8U,M_9ei5TFZ8U
Greedy,python,https://www.youtube.com/watch?v=yztuKn18MM8,yztuKn18MM8
Greedy,python,https://www.youtube.com/watch?v=FHzqn6rSV7Q,FHzqn6rSV7Q
Greedy,python,https://www.youtube.com/watch?v=UEx6t2Fd63U,UEx6t2Fd63U
Greedy,python,https://www.youtube.com/watch?v=WDBaOFz5ROY,WDBaOFz5ROY
Greedy,python,https://www.youtube.com/watch?v=cIYpbGgvtHQ,cIYpbGgvtHQ
Greedy,python,https://www.youtube.com/watch?v=UoRLg-rfb2U,UoRLg-rfb2U
Greedy,python,https://www.youtube.com/watch?v=sfOkJ8n5Qjs,sfOkJ8n5Qjs
Greedy,python,https://www.youtube.com/watch?v=JkrHQzYPMME,JkrHQzYPMME
Greedy,java,https://www.youtube.com/watch?v=LD4AKF9tjro,LD4AKF9tjro
Greedy,java,https://www.youtube.com/watch?v=xcnNShLYQ3A,xcnNShLYQ3A
Greedy,java,https://www.youtube.com/watch?v=jxSeupUBX8c,jxSeupUBX8c
Greedy,java,https://www.youtube.com/watch?v=UcjK_k5PLHI,UcjK_k5PLHI
Greedy,java,https://www.youtube.com/watch?v=tzn0QTQyVFE,tzn0QTQyVFE
Greedy,java,https://www.youtube.com/watch?v=zAQoARYOa6g,zAQoARYOa6g
Greedy,java,https://www.youtube.com/watch?v=ETKRulCNHW4,ETKRulCNHW4
Greedy,java,https://www.youtube.com/watch?v=6O0BNT2nhzY,6O0BNT2nhzY
Greedy,java,https://www.youtube.com/watch?v=5a5jlvarYGM,5a5jlvarYGM
Greedy,java,https://www.youtube.com/watch?v=b7Snx1rOOzA,b7Snx1rOOzA
Greedy,java,https://www.youtube.com/watch?v=quKXMvK9zf4,quKXMvK9zf4
Greedy,java,https://www.youtube.com/watch?v=UgkL-S4-dVo,UgkL-S4-dVo
Greedy,java,https://www.youtube.com/watch?v=ofaNk7NerW8,ofaNk7NerW8
Greedy,java,https://www.youtube.com/watch?v=t6IysFr31BE,t6IysFr31BE
Greedy,java,https://www.youtube.com/watch?v=ilYwrsP7zzk,ilYwrsP7zzk
Greedy,java,https://www.youtube.com/watch?v=baqFjMIHqtg,baqFjMIHqtg
Greedy,java,https://www.youtube.com/watch?v=SbrX-fmg_b8,SbrX-fmg_b8
Greedy,java,https://www.youtube.com/watch?v=bm_Qszi7I2c,bm_Qszi7I2c
Greedy,java,https://www.youtube.com/watch?v=oKwtewdPAjk,oKwtewdPAjk
Greedy,java,https://www.youtube.com/watch?v=cwQa3hK_d9w,cwQa3hK_d9w
Greedy,java,https://www.youtube.com/watch?v=d_IwJK44jUM,d_IwJK44jUM
Greedy,c,https://www.youtube.com/watch?v=ihy4UZbTJxs,ihy4UZbTJxs
Greedy,c,https://www.youtube.com/watch?v=YFIusM9mALg,YFIusM9mALg
Greedy,c,https://www.youtube.com/watch?v=G5FlkU9w72A,G5FlkU9w72A
Greedy,c,https://www.youtube.com/watch?v=PoSX5iZ07C0,PoSX5iZ07C0
Greedy,c,https://www.youtube.com/watch?v=PBpED-PBh60,PBpED-PBh60
Greedy,c,https://www.youtube.com/watch?v=Px3oO-kH-I0,Px3oO-kH-I0
Greedy,c,https://www.youtube.com/watch?v=w2sDt45Fo1Y,w2sDt45Fo1Y
Greedy,c,https://www.youtube.com/watch?v=SJNJMYbdsRM,SJNJMYbdsRM
Greedy,c,https://www.youtube.com/watch?v=0beemqrO8BU,0beemqrO8BU
Greedy,c,https://www.youtube.com/watch?v=OOKJZDziSUM,OOKJZDziSUM
Greedy,c,https://www.youtube.com/watch?v=LLd7Qe6IU6M,LLd7Qe6IU6M
Greedy,c,https://www.youtube.com/watch?v=cYNAgnDwQlg,cYNAgnDwQlg
Greedy,c,https://www.youtube.com/watch?v=vOYDh_st-K8,vOYDh_st-K8
Greedy,c,https://www.youtube.com/watch?v=EovUYy2fpLc,EovUYy2fpLc
Greedy,c,https://www.youtube.com/watch?v=E1zsp1ZzXNo,E1zsp1ZzXNo
Greedy,c,https://www.youtube.com/watch?v=x86DWJu7zoc,x86DWJu7zoc
Greedy,c,https://www.youtube.com/watch?v=-WTslqPbj7I,-WTslqPbj7I
Greedy,c,https://www.youtube.com/watch?v=DmVBTvH7J9U,DmVBTvH7J9U
Greedy,c,https://www.youtube.com/watch?v=HzeK7g8cD0Y,HzeK7g8cD0Y
Greedy,cpp,https://www.youtube.com/watch?v=CmJtr5TAdHs,CmJtr5TAdHs
Greedy,cpp,https://www.youtube.com/watch?v=De0Qg-2O80c,De0Qg-2O80c
Greedy,cpp,https://www.youtube.com/watch?v=V0ZrLuIVzaY,V0ZrLuIVzaY
Greedy,cpp,https://www.youtube.com/watch?v=GdQQ6pgUgo8,GdQQ6pgUgo8
Greedy,cpp,https://www.youtube.com/watch?v=NafaEFwk9eQ,NafaEFwk9eQ
Greedy,cpp,https://www.youtube.com/watch?v=QBTsPE91Nvw,QBTsPE91Nvw
Greedy,cpp,https://www.youtube.com/watch?v=HZOUwKCKF5o,HZOUwKCKF5o
Greedy,cpp,https://www.youtube.com/watch?v=bDPtZO_Skyc,bDPtZO_Skyc
Greedy,cpp,https://www.youtube.com/watch?v=zPtI8q9gvX8,zPtI8q9gvX8
Greedy,cpp,https://www.youtube.com/watch?v=fQ-9Z-Lf8uo,fQ-9Z-Lf8uo
Greedy,cpp,https://www.youtube.com/watch?v=YfnDKFm6GHM,YfnDKFm6GHM
Greedy,cpp,https://www.youtube.com/watch?v=qUZEbESL8o8,qUZEbESL8o8
Greedy,cpp,https://www.youtube.com/watch?v=K1X1skQrS2Q,K1X1skQrS2Q
Greedy,cpp,https://www.youtube.com/watch?v=NPccLyAHD6Y,NPccLyAHD6Y
Greedy,cpp,https://www.youtube.com/watch?v=HYpzjP7ytnw,HYpzjP7ytnw
Greedy,cpp,https://www.youtube.com/watch?v=Cg42hMKtgy8,Cg42hMKtgy8
Greedy,cpp,https://www.youtube.com/watch?v=TchdGK1eBi4,TchdGK1eBi4
Greedy,cpp,https://www.youtube.com/watch?v=XLfgeaYHinM,XLfgeaYHinM
Greedy,cpp,https://www.youtube.com/watch?v=1RJOc3AQV9E,1RJOc3AQV9E
Greedy,cpp,https://www.youtube.com/watch?v=rLdvERpR1UU,rLdvERpR1UU
Greedy,cpp,https://www.youtube.com/watch?v=DHr-Mn_vzs0,DHr-Mn_vzs0
Greedy,cpp,https://www.youtube.com/watch?v=XB4MIexjvY0,XB4MIexjvY0
Greedy,cpp,https://www.youtube.com/watch?v=4ZlRH0eK-qQ,4ZlRH0eK-qQ
Greedy,cpp,https://www.youtube.com/watch?v=mhaXVXFjsgI,mhaXVXFjsgI
Greedy,cpp,https://www.youtube.com/watch?v=2i5pclQprGk,2i5pclQprGk
Greedy,cpp,https://www.youtube.com/watch?v=Qz6D7mrxaJM,Qz6D7mrxaJM
Greedy,cpp,https://www.youtube.com/watch?v=l0l9EweEJ6s,l0l9EweEJ6s
Binary Search,python,https://www.youtube.com/watch?v=nhzSddjh9sY,nhzSddjh9sY
Binary Search,python,https://www.youtube.com/watch?v=-Gx0T92-7h8,-Gx0T92-7h8
Binary Search,python,https://www.youtube.com/watch?v=Q8uUOMY5Hec,Q8uUOMY5Hec
Binary Search,python,https://www.youtube.com/watch?v=NKHusHljO-k,NKHusHljO-k
Binary Search,python,https://www.youtube.com/watch?v=CZVeyQrAe8w,CZVeyQrAe8w
Binary Search,python,https://www.youtube.com/watch?v=XJ62IHwJ3uw,XJ62IHwJ3uw
Binary Search,python,https://www.youtube.com/watch?v=KAjMr8Dp_iI,KAjMr8Dp_iI
Binary Search,python,https://www.youtube.com/watch?v=0FT0vNlB6Dc,0FT0vNlB6Dc
Binary Search,python,https://www.youtube.com/watch?v=0vZacSpS3XY,0vZacSpS3XY
Binary Search,python,https://www.youtube.com/watch?v=5sIrz4d1-EM,5sIrz4d1-EM
Binary Search,python,https://www.youtube.com/watch?v=_MjGCuwFDuw,_MjGCuwFDuw
Binary Search,python,https://www.youtube.com/watch?v=IcK2Qyk3cUs,IcK2Qyk3cUs
Binary Search,python,https://www.youtube.com/watch?v=qw9NjM14oq4,qw9NjM14oq4
Binary Search,python,https://www.youtube.com/watch?v=4Q36e9EOxLU,4Q36e9EOxLU
Binary Search,python,https://www.youtube.com/watch?v=44a4rY270Ds,44a4rY270Ds
Binary Search,python,https://www.youtube.com/watch?v=4WCLLmr0RUk,4WCLLmr0RUk
Binary Search,python,https://www.youtube.com/watch?v=VD-sj4IwZPE,VD-sj4IwZPE
Binary Search,python,https://www.youtube.com/watch?v=bWF_9aHdRRY,bWF_9aHdRRY
Binary Search,python,https://www.youtube.com/watch?v=WBff69BscnM,WBff69BscnM
Binary Search,python,https://www.youtube.com/watch?v=IttKXKVgd-8,IttKXKVgd-8
Binary Search,python,https://www.youtube.com/watch?v=7nbatZEehyo,7nbatZEehyo
Binary Search,python,https://www.youtube.com/watch?v=2_nnx-jZnOI,2_nnx-jZnOI
Binary Search,python,https://www.youtube.com/watch?v=tgVSkMA8joQ,tgVSkMA8joQ
Binary Search,python,https://www.youtube.com/watch?v=mdOjs4Bukn0,mdOjs4Bukn0
Binary Search,python,https://www.youtube.com/watch?v=c9GLc40FXvg,c9GLc40FXvg
Binary Search,python,https://www.youtube.com/watch?v=Je224_lLSsY,Je224_lLSsY
Binary Search,python,https://www.youtube.com/watch?v=TbbSJrY5GqQ,TbbSJrY5GqQ
Binary Search,python,https://www.youtube.com/watch?v=__yT9ymiTZ0,__yT9ymiTZ0
Binary Search,python,https://www.youtube.com/watch?v=qvjTqEMq8_8,qvjTqEMq8_8
Binary Search,java,https://www.youtube.com/watch?v=1vZijMmhGNw,1vZijMmhGNw
Binary Search,java,https://www.youtube.com/watch?v=F6lKjRDlOpk,F6lKjRDlOpk
Binary Search,java,https://www.youtube.com/watch?v=jjOmN2_lmdk,jjOmN2_lmdk
Binary Search,java,https://www.youtube.com/watch?v=UEQp7kgIZQI,UEQp7kgIZQI
Binary Search,java,https://www.youtube.com/watch?v=z8LAZ4DXiN4,z8LAZ4DXiN4
Binary Search,java,https://www.youtube.com/watch?v=hKI93hOfeIk,hKI93hOfeIk
Binary Search,java,https://www.youtube.com/watch?v=NFhOrxtXXcM,NFhOrxtXXcM
Binary Search,java,https://www.youtube.com/watch?v=d-nh-xBHsgM,d-nh-xBHsgM
Binary Search,java,https://www.youtube.com/watch?v=qzw08eyQ3sE,qzw08eyQ3sE
Binary Search,java,https://www.youtube.com/watch?v=L6NJzdtaaLA,L6NJzdtaaLA
Binary Search,java,https://www.youtube.com/watch?v=eV9v7RVfVJQ,eV9v7RVfVJQ
Binary Search,java,https://www.youtube.com/watch?v=cXxFuKHtcYU,cXxFuKHtcYU
Binary Search,java,https://www.youtube.com/watch?v=dE4lGRWwlvw,dE4lGRWwlvw
Binary Search,java,https://www.youtube.com/watch?v=9q0k3OyCKPY,9q0k3OyCKPY
Binary Search,java,https://www.youtube.com/watch?v=WKbJn7TjhUA,WKbJn7TjhUA
Binary Search,java,https://www.youtube.com/watch?v=xqz8X6VgZDw,xqz8X6VgZDw
Binary Search,java,https://www.youtube.com/watch?v=aqNfDfS1URw,aqNfDfS1URw
Binary Search,java,https://www.youtube.com/watch?v=Fs2hFtX32eA,Fs2hFtX32eA
Binary Search,java,https://www.youtube.com/watch?v=uHcMaeZ351w,uHcMaeZ351w
Binary Search,java,https://www.youtube.com/watch?v=nt_MbjUMF5w,nt_MbjUMF5w
Binary Search,java,https://www.youtube.com/watch?v=s0YB-ulPAv0,s0YB-ulPAv0
Binary Search,java,https://www.youtube.com/watch?v=Kw-m1SJr-Ps,Kw-m1SJr-Ps
Binary Search,java,https://www.youtube.com/watch?v=bqraplP_Kqk,bqraplP_Kqk
Binary Search,c,https://www.youtube.com/watch?v=Smmz7MT4oxM,Smmz7MT4oxM
Binary Search,c,https://www.youtube.com/watch?v=HJGH67dT_Jw,HJGH67dT_Jw
Binary Search,c,https://www.youtube.com/watch?v=72rHvVdK75w,72rHvVdK75w
Binary Search,c,https://www.youtube.com/watch?v=fgJw3T1Bpmw,fgJw3T1Bpmw
Binary Search,c,https://www.youtube.com/watch?v=P8gbyzHZgfY,P8gbyzHZgfY
Binary Search,c,https://www.youtube.com/watch?v=-v2XK2-AyYs,-v2XK2-AyYs
Binary Search,c,https://www.youtube.com/watch?v=ybDA6LeLZWo,ybDA6LeLZWo
Binary Search,c,https://www.youtube.com/watch?v=GcZDwzTuit0,GcZDwzTuit0
Binary Search,c,https://www.youtube.com/watch?v=NSonAgxIfuc,NSonAgxIfuc
Binary Search,c,https://www.youtube.com/watch?v=wbkb2fhm4kU,wbkb2fhm4kU
Binary Search,c,https://www.youtube.com/watch?v=P98Ov7qx7fg,P98Ov7qx7fg
Binary Search,c,https://www.youtube.com/watch?v=1q5lrOVy_J0,1q5lrOVy_J0
Binary Search,c,https://www.youtube.com/watch?v=xrMppTpoqdw,xrMppTpoqdw
Binary Search,c,https://www.youtube.com/watch?v=OAZc1zwjERU,OAZc1zwjERU
Binary Search,c,https://www.youtube.com/watch?v=P3YID7liBug,P3YID7liBug
Binary Search,c,https://www.youtube.com/watch?v=ygYbSGTMEFs,ygYbSGTMEFs
Binary Search,c,https://www.youtube.com/watch?v=GU7DpgHINWQ,GU7DpgHINWQ
Binary Search,c,https://www.youtube.com/watch?v=y-PeR_oCbrE,y-PeR_oCbrE
Binary Search,c,https://www.youtube.com/watch?v=0Hwpzd-bSck,0Hwpzd-bSck
Binary Search,c,https://www.youtube.com/watch?v=3M0hoQv3gic,3M0hoQv3gic
Binary Search,c,https://www.youtube.com/watch?v=TwkGIO5boCQ,TwkGIO5boCQ
Binary Search,c,https://www.youtube.com/watch?v=ebtQXraJiQg,ebtQXraJiQg
Binary Search,c,https://www.youtube.com/watch?v=kfVc310aGD4,kfVc310aGD4
Binary Search,c,https://www.youtube.com/watch?v=EmMwM3ouaPo,EmMwM3ouaPo
Binary Search,c,https://www.youtube.com/watch?v=YOuzdvOcvgg,YOuzdvOcvgg
Binary Search,cpp,https://www.youtube.com/watch?v=yeMflmP901A,yeMflmP901A
Binary Search,cpp,https://www.youtube.com/watch?v=ur0IbNSD0SM,ur0IbNSD0SM
Binary Search,cpp,https://www.youtube.com/watch?v=ucXtMk5RXas,ucXtMk5RXas
Binary Search,cpp,https://www.youtube.com/watch?v=ADr6gGGOV4A,ADr6gGGOV4A
Binary Search,cpp,https://www.youtube.com/watch?v=A6sUupg8ylE,A6sUupg8ylE
Binary Search,cpp,https://www.youtube.com/watch?v=mTZFkEvwJuI,mTZFkEvwJuI
Binary Search,cpp,https://www.youtube.com/watch?v=rFuTnl5HCA0,rFuTnl5HCA0
Binary Search,cpp,https://www.youtube.com/watch?v=_NT69eLpqks,_NT69eLpqks
Binary Search,cpp,https://www.youtube.com/watch?v=vohuRrwbTT4,vohuRrwbTT4
Binary Search,cpp,https://www.youtube.com/watch?v=6LRCIPFgwKM,6LRCIPFgwKM
Binary Search,cpp,https://www.youtube.com/watch?v=a4sIFjj0B3E,a4sIFjj0B3E
Binary Search,cpp,https://www.youtube.com/watch?v=3oLUIE9VtGw,3oLUIE9VtGw
Binary Search,cpp,https://www.youtube.com/watch?v=5xZSTCrxIpY,5xZSTCrxIpY
Binary Search,cpp,https://www.youtube.com/watch?v=_DYQbkXvrcM,_DYQbkXvrcM
Binary Search,cpp,https://www.youtube.com/watch?v=0oBFmtT3QPI,0oBFmtT3QPI
Binary Search,cpp,https://www.youtube.com/watch?v=3TkaOKHxHnI,3TkaOKHxHnI
Binary Search,cpp,https://www.youtube.com/watch?v=pcXe4FomyRg,pcXe4FomyRg
Binary Search,cpp,https://www.youtube.com/watch?v=bgt9plOjh0I,bgt9plOjh0I
Binary Search,cpp,https://www.youtube.com/watch?v=ekunE70KF7U,ekunE70KF7U
Two Pointers,python,https://www.youtube.com/watch?v=iSjvuixMPmQ,iSjvuixMPmQ
Two Pointers,python,https://www.youtube.com/watch?v=ciPrKYoOQkI,ciPrKYoOQkI
Two Pointers,python,https://www.youtube.com/watch?v=4YKBwKnTnlM,4YKBwKnTnlM
Two Pointers,python,https://www.youtube.com/watch?v=4EDiy-jbPaE,4EDiy-jbPaE
Two Pointers,python,https://www.youtube.com/watch?v=SrMk-EdWRUE,SrMk-EdWRUE
Two Pointers,python,https://www.youtube.com/watch?v=uH9VJRIpIDY,uH9VJRIpIDY
Two Pointers,python,https://www.youtube.com/watch?v=yRm5dUEFJkk,yRm5dUEFJkk
Two Pointers,python,https://www.youtube.com/watch?v=pMnGp0bHNCk,pMnGp0bHNCk
Two Pointers,python,https://www.youtube.com/watch?v=syTs9_w-pwA,syTs9_w-pwA
Two Pointers,python,https://www.youtube.com/watch?v=at7ZaVx3m14,at7ZaVx3m14
Two Pointers,python,https://www.youtube.com/watch?v=QzZ7nmouLTI,QzZ7nmouLTI
Two Pointers,python,https://www.youtube.com/watch?v=Ptd2H1xbMwA,Ptd2H1xbMwA
Two Pointers,python,https://www.youtube.com/watch?v=JycANhXZzyE,JycANhXZzyE
Two Pointers,python,https://www.youtube.com/watch?v=S3aYrs0Vdek,S3aYrs0Vdek
Two Pointers,python,https://www.youtube.com/watch?v=_4JNQQeg-7Y,_4JNQQeg-7Y
Two Pointers,python,https://www.youtube.com/watch?v=KsPNqiQurn4,KsPNqiQurn4
Two Pointers,python,https://www.youtube.com/watch?v=PJbTMt-j_Os,PJbTMt-j_Os
Two Pointers,python,https://www.youtube.com/watch?v=_mZgP-Gwkm8,_mZgP-Gwkm8
Two Pointers,python,https://www.youtube.com/watch?v=iztiSAVdev0,iztiSAVdev0
Two Pointers,python,https://www.youtube.com/watch?v=IEgp1aRqQ7w,IEgp1aRqQ7w
Two Pointers,python,https://www.youtube.com/watch?v=On03HWe2tZM,On03HWe2tZM
Two Pointers,python,https://www.youtube.com/watch?v=KLzd-uOrTIA,KLzd-uOrTIA
Two Pointers,python,https://www.youtube.com/watch?v=InJUcijv3Uo,InJUcijv3Uo
Two Pointers,python,https://www.youtube.com/watch?v=xm16otSJDII,xm16otSJDII
Two Pointers,python,https://www.youtube.com/watch?v=l6wQ0eeASWw,l6wQ0eeASWw
Two Pointers,python,https://www.youtube.com/watch?v=Flz-V7R-ufU,Flz-V7R-ufU
Two Pointers,python,https://www.youtube.com/watch?v=tk38CTSAYsg,tk38CTSAYsg
Two Pointers,java,https://www.youtube.com/watch?v=sB8uGRKpwNg,sB8uGRKpwNg
Two Pointers,java,https://www.youtube.com/watch?v=QwN-weNSrAg,QwN-weNSrAg
Two Pointers,java,https://www.youtube.com/watch?v=VpPbwSGQOlY,VpPbwSGQOlY
Two Pointers,java,https://www.youtube.com/watch?v=72l49hHTuRo,72l49hHTuRo
Two Pointers,java,https://www.youtube.com/watch?v=8zBzUAQH5y8,8zBzUAQH5y8
Two Pointers,java,https://www.youtube.com/watch?v=VEPCm3BCtik,VEPCm3BCtik
Two Pointers,java,https://www.youtube.com/watch?v=r_mVgmc89_U,r_mVgmc89_U
Two Pointers,java,https://www.youtube.com/watch?v=FlQUhPRT-fU,FlQUhPRT-fU
Two Pointers,java,https://www.youtube.com/watch?v=2wVjt3yhGwg,2wVjt3yhGwg
Two Pointers,java,https://www.youtube.com/watch?v=maQSd2fVFtQ,maQSd2fVFtQ
Two Pointers,java,https://www.youtube.com/watch?v=b139yf7Ik-E,b139yf7Ik-E
Two Pointers,java,https://www.youtube.com/watch?v=s-zDm2YhxBk,s-zDm2YhxBk
Two Pointers,java,https://www.youtube.com/watch?v=CgVAHAImPzU,CgVAHAImPzU
Two Pointers,java,https://www.youtube.com/watch?v=p_rQNssPkzk,p_rQNssPkzk
Two Pointers,java,https://www.youtube.com/watch?v=a4_VtP__mOs,a4_VtP__mOs
Two Pointers,java,https://www.youtube.com/watch?v=e3bs0uA1NhQ,e3bs0uA1NhQ
Two Pointers,java,https://www.youtube.com/watch?v=8XHE3nzjIOA,8XHE3nzjIOA
Two Pointers,java,https://www.youtube.com/watch?v=z3FwE40Vc-M,z3FwE40Vc-M
Two Pointers,java,https://www.youtube.com/watch?v=cWmy0dYIcqw,cWmy0dYIcqw
Two Pointers,java,https://www.youtube.com/watch?v=cInX4fbiaBM,cInX4fbiaBM
Two Pointers,c,https://www.youtube.com/watch?v=E15LMqlMDGY,E15LMqlMDGY
Two Pointers,c,https://www.youtube.com/watch?v=ompyV23AXl4,ompyV23AXl4
Two Pointers,c,https://www.youtube.com/watch?v=BkgIOBMtlMo,BkgIOBMtlMo
Two Pointers,c,https://www.youtube.com/watch?v=E7Yh3BltRa0,E7Yh3BltRa0
Two Pointers,c,https://www.youtube.com/watch?v=IdTuOmYQ__U,IdTuOmYQ__U
Two Pointers,c,https://www.youtube.com/watch?v=m8g1dRs6kbY,m8g1dRs6kbY
Two Pointers,c,https://www.youtube.com/watch?v=EvUjlL5Dudk,EvUjlL5Dudk
Two Pointers,c,https://www.youtube.com/watch?v=8qB-1LNZiU8,8qB-1LNZiU8
Two Pointers,c,https://www.youtube.com/watch?v=hgJBHOfu0VA,hgJBHOfu0VA
Two Pointers,c,https://www.youtube.com/watch?v=P2B1FT8okyc,P2B1FT8okyc
Two Pointers,c,https://www.youtube.com/watch?v=oODmPKjczg0,oODmPKjczg0
Two Pointers,c,https://www.youtube.com/watch?v=ktNYCbBMPF0,ktNYCbBMPF0
Two Pointers,c,https://www.youtube.com/watch?v=fSc14SuLqwo,fSc14SuLqwo
Two Pointers,c,https://www.youtube.com/watch?v=56BVIlPt4og,56BVIlPt4og
Two Pointers,c,https://www.youtube.com/watch?v=8jZvyawuRoQ,8jZvyawuRoQ
Two Pointers,c,https://www.youtube.com/watch?v=tTLqB84-z10,tTLqB84-z10
Two Pointers,c,https://www.youtube.com/watch?v=G5cC3WbUQ7E,G5cC3WbUQ7E
Two Pointers,c,https://www.youtube.com/watch?v=-gjxg6Pln50,-gjxg6Pln50
Two Pointers,c,https://www.youtube.com/watch?v=gbAmMcfEtaM,gbAmMcfEtaM
Two Pointers,c,https://www.youtube.com/watch?v=s2pVeMxVPzQ,s2pVeMxVPzQ
Two Pointers,c,https://www.youtube.com/watch?v=9kdHxplyl5I,9kdHxplyl5I
Two Pointers,c,https://www.youtube.com/watch?v=_uA-1qRQ6kc,_uA-1qRQ6kc
Two Pointers,c,https://www.youtube.com/watch?v=WJaij9ffOIY,WJaij9ffOIY
Two Pointers,c,https://www.youtube.com/watch?v=Abdq3lNRocc,Abdq3lNRocc
Two Pointers,cpp,https://www.youtube.com/watch?v=BCLfxQja9dI,BCLfxQja9dI
Two Pointers,cpp,https://www.youtube.com/watch?v=loHvjz4PXFc,loHvjz4PXFc
Two Pointers,cpp,https://www.youtube.com/watch?v=bz63_WWtKc4,bz63_WWtKc4
Two Pointers,cpp,https://www.youtube.com/watch?v=UsEkhNs0k4E,UsEkhNs0k4E
Two Pointers,cpp,https://www.youtube.com/watch?v=ho9x_C2akHg,ho9x_C2akHg
Two Pointers,cpp,https://www.youtube.com/watch?v=TKBScOrESyo,TKBScOrESyo
Two Pointers,cpp,https://www.youtube.com/watch?v=OMwxyl1iToI,OMwxyl1iToI
Two Pointers,cpp,https://www.youtube.com/watch?v=xGtGIzu7cME,xGtGIzu7cME
Two Pointers,cpp,https://www.youtube.com/watch?v=rjP83yyzwRY,rjP83yyzwRY
Two Pointers,cpp,https://www.youtube.com/watch?v=k6ESk9zafHM,k6ESk9zafHM
Two Pointers,cpp,https://www.youtube.com/watch?v=ZMDYsr9scGo,ZMDYsr9scGo
Two Pointers,cpp,https://www.youtube.com/watch?v=-CYxi-L7W8Y,-CYxi-L7W8Y
Two Pointers,cpp,https://www.youtube.com/watch?v=9Wi_au8bkWc,9Wi_au8bkWc
Two Pointers,cpp,https://www.youtube.com/watch?v=9aqdsVWuWf8,9aqdsVWuWf8
Two Pointers,cpp,https://www.youtube.com/watch?v=ubSqGpj3o_s,ubSqGpj3o_s
Two Pointers,cpp,https://www.youtube.com/watch?v=2HzEQK110BU,2HzEQK110BU
Two Pointers,cpp,https://www.youtube.com/watch?v=zXVjA6wtA1A,zXVjA6wtA1A
Two Pointers,cpp,https://www.youtube.com/watch?v=bv649U5jjnw,bv649U5jjnw
Two Pointers,cpp,https://www.youtube.com/watch?v=_GOQjfzyc-I,_GOQjfzyc-I
Two Pointers,cpp,https://www.youtube.com/watch?v=qS8c1e5QmEc,qS8c1e5QmEc
Two Pointers,cpp,https://www.youtube.com/watch?v=FjlPyEHZ8e8,FjlPyEHZ8e8
Two Pointers,cpp,https://www.youtube.com/watch?v=ZZelc0y9ryI,ZZelc0y9ryI
Two Pointers,cpp,https://www.youtube.com/watch?v=PBZ_YSC1YSA,PBZ_YSC1YSA
Two Pointers,cpp,https://www.youtube.com/watch?v=ljJJcYql6Bc,ljJJcYql6Bc
Sliding Window,python,https://www.youtube.com/watch?v=HGnHfU3cHc8,HGnHfU3cHc8
Sliding Window,python,https://www.youtube.com/watch?v=ot5mnp_hTqo,ot5mnp_hTqo
Sliding Window,python,https://www.youtube.com/watch?v=duCipJo48F8,duCipJo48F8
Sliding Window,python,https://www.youtube.com/watch?v=QaOeON30txU,QaOeON30txU
Sliding Window,python,https://www.youtube.com/watch?v=EEUO4l7_ayc,EEUO4l7_ayc
Sliding Window,python,https://www.youtube.com/watch?v=GaXwHThEgGk,GaXwHThEgGk
Sliding Window,python,https://www.youtube.com/watch?v=nf5fzUHoZ_k,nf5fzUHoZ_k
Sliding Window,python,https://www.youtube.com/watch?v=jNvHDTYh4cE,jNvHDTYh4cE
Sliding Window,python,https://www.youtube.com/watch?v=NxnchwoTC3A,NxnchwoTC3A
Sliding Window,python,https://www.youtube.com/watch?v=yWzvDhdkh_I,yWzvDhdkh_I
Sliding Window,python,https://www.youtube.com/watch?v=A9UECnOVI1Y,A9UECnOVI1Y
Sliding Window,python,https://www.youtube.com/watch?v=r3qIIKOXJ0o,r3qIIKOXJ0o
Sliding Window,python,https://www.youtube.com/watch?v=aEZiE5l1WT8,aEZiE5l1WT8
Sliding Window,python,https://www.youtube.com/watch?v=0nuMHYF4xXk,0nuMHYF4xXk
Sliding Window,python,https://www.youtube.com/watch?v=Asi4olhV7WE,Asi4olhV7WE
Sliding Window,python,https://www.youtube.com/watch?v=xN0_ybfYYvI,xN0_ybfYYvI
Sliding Window,python,https://www.youtube.com/watch?v=W1M1OSDqHxM,W1M1OSDqHxM
Sliding Window,python,https://www.youtube.com/watch?v=jhW7VwP2Djw,jhW7VwP2Djw
Sliding Window,python,https://www.youtube.com/watch?v=P3I1W36kueo,P3I1W36kueo
Sliding Window,python,https://www.youtube.com/watch?v=yDYpQRtDVGI,yDYpQRtDVGI
Sliding Window,python,https://www.youtube.com/watch?v=rLOFyQ3FW20,rLOFyQ3FW20
Sliding Window,python,https://www.youtube.com/watch?v=RG17VCQOFpg,RG17VCQOFpg
Sliding Window,python,https://www.youtube.com/watch?v=dOonV4byDEg,dOonV4byDEg
Sliding Window,python,https://www.youtube.com/watch?v=AABSVjwGKxM,AABSVjwGKxM
Sliding Window,python,https://www.youtube.com/watch?v=lMiDCfDswnI,lMiDCfDswnI
Sliding Window,java,https://www.youtube.com/watch?v=LKdGVsPPXQU,LKdGVsPPXQU
Sliding Window,java,https://www.youtube.com/watch?v=TF9g5Mo-ems,TF9g5Mo-ems
Sliding Window,java,https://www.youtube.com/watch?v=309QScKprHU,309QScKprHU
Sliding Window,java,https://www.youtube.com/watch?v=0L2ukvSW-pE,0L2ukvSW-pE
Sliding Window,java,https://www.youtube.com/watch?v=SdxYPh8YWVY,SdxYPh8YWVY
Sliding Window,java,https://www.youtube.com/watch?v=vfA-0mf2FOo,vfA-0mf2FOo
Sliding Window,java,https://www.youtube.com/watch?v=NQq0dOoEPUM,NQq0dOoEPUM
Sliding Window,java,https://www.youtube.com/watch?v=p-ss2JNynmw,p-ss2JNynmw
Sliding Window,java,https://www.youtube.com/watch?v=TGuJ7x9qkwQ,TGuJ7x9qkwQ
Sliding Window,java,https://www.youtube.com/watch?v=nCcSwjFmfMM,nCcSwjFmfMM
Sliding Window,java,https://www.youtube.com/watch?v=MK-NZ4hN7rs,MK-NZ4hN7rs
Sliding Window,java,https://www.youtube.com/watch?v=Wvm_u0IR69M,Wvm_u0IR69M
Sliding Window,java,https://www.youtube.com/watch?v=-rji0auUztU,-rji0auUztU
Sliding Window,java,https://www.youtube.com/watch?v=wlcioUsBcOA,wlcioUsBcOA
Sliding Window,java,https://www.youtube.com/watch?v=Z6GXrVGQ0zs,Z6GXrVGQ0zs
Sliding Window,java,https://www.youtube.com/watch?v=HihXfX24GO4,HihXfX24GO4
Sliding Window,java,https://www.youtube.com/watch?v=lNgPj099E-w,lNgPj099E-w
Sliding Window,java,https://www.youtube.com/watch?v=56TxHMG0qhQ,56TxHMG0qhQ
Sliding Window,java,https://www.youtube.com/watch?v=rkTgFeKvnpU,rkTgFeKvnpU
Sliding Window,java,https://www.youtube.com/watch?v=yEwaCe6RSLM,yEwaCe6RSLM
Sliding Window,java,https://www.youtube.com/watch?v=h2nsRspX9og,h2nsRspX9og
Sliding Window,java,https://www.youtube.com/watch?v=__guhvzO540,__guhvzO540
Sliding Window,c,https://www.youtube.com/watch?v=9-UmpIQrXI4,9-UmpIQrXI4
Sliding Window,c,https://www.youtube.com/watch?v=K9WaXjBuCDc,K9WaXjBuCDc
Sliding Window,c,https://www.youtube.com/watch?v=irLF8gaAoGk,irLF8gaAoGk
Sliding Window,c,https://www.youtube.com/watch?v=kqyHnoriStk,kqyHnoriStk
Sliding Window,c,https://www.youtube.com/watch?v=ji8fy0iXGuQ,ji8fy0iXGuQ
Sliding Window,c,https://www.youtube.com/watch?v=STy0XpMmI_s,STy0XpMmI_s
Sliding Window,c,https://www.youtube.com/watch?v=YUUwv2SX2Ic,YUUwv2SX2Ic
Sliding Window,c,https://www.youtube.com/watch?v=Gw00wC0qA_E,Gw00wC0qA_E
Sliding Window,c,https://www.youtube.com/watch?v=bkNRGmO2pDQ,bkNRGmO2pDQ
Sliding Window,c,https://www.youtube.com/watch?v=kzWY9zpdPxs,kzWY9zpdPxs
Sliding Window,c,https://www.youtube.com/watch?v=y2d0VHdvfdc,y2d0VHdvfdc
Sliding Window,c,https://www.youtube.com/watch?v=H5yVZA4kn6o,H5yVZA4kn6o
Sliding Window,c,https://www.youtube.com/watch?v=VOYWKBSH2wA,VOYWKBSH2wA
Sliding Window,c,https://www.youtube.com/watch?v=QGNAVBn1_bc,QGNAVBn1_bc
Sliding Window,c,https://www.youtube.com/watch?v=TfNEnKj4r08,TfNEnKj4r08
Sliding Window,c,https://www.youtube.com/watch?v=EIrgQ4FUWpo,EIrgQ4FUWpo
Sliding Window,c,https://www.youtube.com/watch?v=CZQGRp93K4k,CZQGRp93K4k
Sliding Window,c,https://www.youtube.com/watch?v=mKtuSVEdJUk,mKtuSVEdJUk
Sliding Window,c,https://www.youtube.com/watch?v=JWHjqjk9ZYc,JWHjqjk9ZYc
Sliding Window,c,https://www.youtube.com/watch?v=4JstGzs6Q9I,4JstGzs6Q9I
Sliding Window,cpp,https://www.youtube.com/watch?v=C-zHdZFsdZA,C-zHdZFsdZA
Sliding Window,cpp,https://www.youtube.com/watch?v=XUx3iJVPdxA,XUx3iJVPdxA
Sliding Window,cpp,https://www.youtube.com/watch?v=sedb1nbAFNw,sedb1nbAFNw
Sliding Window,cpp,https://www.youtube.com/watch?v=ua6qu8AvMQQ,ua6qu8AvMQQ
Sliding Window,cpp,https://www.youtube.com/watch?v=jM2dhDPYMQM,jM2dhDPYMQM
Sliding Window,cpp,https://www.youtube.com/watch?v=CzEAkLJbxLc,CzEAkLJbxLc
Sliding Window,cpp,https://www.youtube.com/watch?v=ubTznQoeoxI,ubTznQoeoxI
Sliding Window,cpp,https://www.youtube.com/watch?v=AB2gKDE3Y9k,AB2gKDE3Y9k
Sliding Window,cpp,https://www.youtube.com/watch?v=aCdpaTk5qBM,aCdpaTk5qBM
Sliding Window,cpp,https://www.youtube.com/watch?v=oty3IUgzCa0,oty3IUgzCa0
Sliding Window,cpp,https://www.youtube.com/watch?v=lyZp-49pdzQ,lyZp-49pdzQ
Sliding Window,cpp,https://www.youtube.com/watch?v=1rtk4pny55o,1rtk4pny55o
Sliding Window,cpp,https://www.youtube.com/watch?v=wjuVvADpl8Y,wjuVvADpl8Y
Sliding Window,cpp,https://www.youtube.com/watch?v=eGn1s0ajPkQ,eGn1s0ajPkQ
Sliding Window,cpp,https://www.youtube.com/watch?v=V9Xgwx_8FcU,V9Xgwx_8FcU
Sliding Window,cpp,https://www.youtube.com/watch?v=7-h4YCHtYt4,7-h4YCHtYt4
Sliding Window,cpp,https://www.youtube.com/watch?v=Tw_h4ZN5nVo,Tw_h4ZN5nVo
Sliding Window,cpp,https://www.youtube.com/watch?v=SwsuK-rynVo,SwsuK-rynVo
Sliding Window,cpp,https://www.youtube.com/watch?v=QOFfocNsfec,QOFfocNsfec
Hashing,python,https://www.youtube.com/watch?v=oDtFiOBZPbE,oDtFiOBZPbE
Hashing,python,https://www.youtube.com/watch?v=dwLnC4SLSq0,dwLnC4SLSq0
Hashing,python,https://www.youtube.com/watch?v=68s6q0ro-jA,68s6q0ro-jA
Hashing,python,https://www.youtube.com/watch?v=sxBOpNEP9QU,sxBOpNEP9QU
Hashing,python,https://www.youtube.com/watch?v=DNS-u4cRzrU,DNS-u4cRzrU
Hashing,python,https://www.youtube.com/watch?v=Qq6RRq3XVUY,Qq6RRq3XVUY
Hashing,python,https://www.youtube.com/watch?v=xls6jEZNA7Y,xls6jEZNA7Y
Hashing,python,https://www.youtube.com/watch?v=1BKATk8hGTU,1BKATk8hGTU
Hashing,python,https://www.youtube.com/watch?v=CAMWrFyYaFM,CAMWrFyYaFM
Hashing,python,https://www.youtube.com/watch?v=PA8IMMOIo4o,PA8IMMOIo4o
Hashing,python,https://www.youtube.com/watch?v=ZBu_slSH5Sk,ZBu_slSH5Sk
Hashing,python,https://www.youtube.com/watch?v=syfYAnt6VWM,syfYAnt6VWM
Hashing,python,https://www.youtube.com/watch?v=3UL-RGxcX0c,3UL-RGxcX0c
Hashing,python,https://www.youtube.com/watch?v=i-h0CtKde6w,i-h0CtKde6w
Hashing,python,https://www.youtube.com/watch?v=Ws0fgh1y4Ek,Ws0fgh1y4Ek
Hashing,python,https://www.youtube.com/watch?v=cMdgDTgxx6o,cMdgDTgxx6o
Hashing,python,https://www.youtube.com/watch?v=fdfF8AnkG6s,fdfF8AnkG6s
Hashing,python,https://www.youtube.com/watch?v=CGvZLlaEvAE,CGvZLlaEvAE
Hashing,python,https://www.youtube.com/watch?v=ea8BRGxGmlA,ea8BRGxGmlA
Hashing,python,https://www.youtube.com/watch?v=iD4QV_OUKTg,iD4QV_OUKTg
Hashing,python,https://www.youtube.com/watch?v=hESTgiuQfoo,hESTgiuQfoo
Hashing,python,https://www.youtube.com/watch?v=_5vCAAyf3nY,_5vCAAyf3nY
Hashing,python,https://www.youtube.com/watch?v=RcZsTI5h0kg,RcZsTI5h0kg
Hashing,python,https://www.youtube.com/watch?v=vBxmYemGUWk,vBxmYemGUWk
Hashing,python,https://www.youtube.com/watch?v=qqUYkoFRW8Y,qqUYkoFRW8Y
Hashing,python,https://www.youtube.com/watch?v=_JFxGipcxdE,_JFxGipcxdE
Hashing,python,https://www.youtube.com/watch?v=9HFbhPscPU0,9HFbhPscPU0
Hashing,python,https://www.youtube.com/watch?v=t-vM3LJDfug,t-vM3LJDfug
Hashing,python,https://www.youtube.com/watch?v=KLlXCFG5TnA,KLlXCFG5TnA
Hashing,python,https://www.youtube.com/watch?v=9Ytd0N0zxmM,9Ytd0N0zxmM
Hashing,python,https://www.youtube.com/watch?v=tZmwFbRVrxw,tZmwFbRVrxw
Hashing,python,https://www.youtube.com/watch?v=dxrLtf-Fybk,dxrLtf-Fybk
Hashing,python,https://www.youtube.com/watch?v=DQpFJwMQI38,DQpFJwMQI38
Hashing,python,https://www.youtube.com/watch?v=AYcsTOeFVas,AYcsTOeFVas
Hashing,python,https://www.youtube.com/watch?v=eOXg5-FjmNw,eOXg5-FjmNw
Hashing,python,https://www.youtube.com/watch?v=JiYmHmmBq14,JiYmHmmBq14
Hashing,python,https://www.youtube.com/watch?v=a0RijpQwRWE,a0RijpQwRWE
Hashing,python,https://www.youtube.com/watch?v=ts57NYmBffg,ts57NYmBffg
Hashing,python,https://www.youtube.com/watch?v=w4WbR4D1xBE,w4WbR4D1xBE
Hashing,python,https://www.youtube.com/watch?v=RW1l743n8BU,RW1l743n8BU
Hashing,java,https://www.youtube.com/watch?v=NYpLB2vsCqo,NYpLB2vsCqo
Hashing,java,https://www.youtube.com/watch?v=N1STiR7EG1w,N1STiR7EG1w
Hashing,java,https://www.youtube.com/watch?v=a_FVswSKASI,a_FVswSKASI
Hashing,java,https://www.youtube.com/watch?v=GfYg3imRZsc,GfYg3imRZsc
Hashing,java,https://www.youtube.com/watch?v=oLH9Y8tD9Kw,oLH9Y8tD9Kw
Hashing,java,https://www.youtube.com/watch?v=gPwkuY7dly4,gPwkuY7dly4
Hashing,java,https://www.youtube.com/watch?v=cIVoWe7flH8,cIVoWe7flH8
Hashing,java,https://www.youtube.com/watch?v=cyX52mU1I7I,cyX52mU1I7I
Hashing,java,https://www.youtube.com/watch?v=dF2DL98S5PY,dF2DL98S5PY
Hashing,java,https://www.youtube.com/watch?v=B4vqVDeERhI,B4vqVDeERhI
Hashing,java,https://www.youtube.com/watch?v=coFgl7R05GA,coFgl7R05GA
Hashing,java,https://www.youtube.com/watch?v=PGTNTR1c5pA,PGTNTR1c5pA
Hashing,java,https://www.youtube.com/watch?v=QWVBu_GlUgI,QWVBu_GlUgI
Hashing,java,https://www.youtube.com/watch?v=6D5RaIGRPqA,6D5RaIGRPqA
Hashing,java,https://www.youtube.com/watch?v=xA_X1Ot9tu0,xA_X1Ot9tu0
Hashing,java,https://www.youtube.com/watch?v=Tgl47qYmmlg,Tgl47qYmmlg
Hashing,java,https://www.youtube.com/watch?v=PZcgsPyYAgM,PZcgsPyYAgM
Hashing,java,https://www.youtube.com/watch?v=0dR-YAFFg6I,0dR-YAFFg6I
Hashing,java,https://www.youtube.com/watch?v=XLbvmMz8Fr8,XLbvmMz8Fr8
Hashing,java,https://www.youtube.com/watch?v=NMHk1CGb28o,NMHk1CGb28o
Hashing,java,https://www.youtube.com/watch?v=pNg9TKKtzIQ,pNg9TKKtzIQ
Hashing,java,https://www.youtube.com/watch?v=ngCM-7cJT1s,ngCM-7cJT1s
Hashing,java,https://www.youtube.com/watch?v=eMw6ZGjSoQE,eMw6ZGjSoQE
Hashing,java,https://www.youtube.com/watch?v=bgGePSkuwds,bgGePSkuwds
Hashing,java,https://www.youtube.com/watch?v=ZRoYBkWyLD0,ZRoYBkWyLD0
Hashing,java,https://www.youtube.com/watch?v=1E1yWBa2MJo,1E1yWBa2MJo
Hashing,java,https://www.youtube.com/watch?v=Q4Ygad3HxgU,Q4Ygad3HxgU
Hashing,java,https://www.youtube.com/watch?v=kNheXzNOcm4,kNheXzNOcm4
Hashing,java,https://www.youtube.com/watch?v=zeMa9sg-VJM,zeMa9sg-VJM
Hashing,java,https://www.youtube.com/watch?v=v63nhWwde_Q,v63nhWwde_Q
Hashing,c,https://www.youtube.com/watch?v=mp8U9S57Aps,mp8U9S57Aps
Hashing,c,https://www.youtube.com/watch?v=tILXc0UTqaA,tILXc0UTqaA
Hashing,c,https://www.youtube.com/watch?v=GnvLJ3qB6lE,GnvLJ3qB6lE
Hashing,c,https://www.youtube.com/watch?v=9u4jL9hedPk,9u4jL9hedPk
Hashing,c,https://www.youtube.com/watch?v=ojRyUN79ylI,ojRyUN79ylI
Hashing,c,https://www.youtube.com/watch?v=Q2Up3PN0-nM,Q2Up3PN0-nM
Hashing,c,https://www.youtube.com/watch?v=jXuwUHxDYyk,jXuwUHxDYyk
Hashing,c,https://www.youtube.com/watch?v=xombe3kc9rw,xombe3kc9rw
Hashing,c,https://www.youtube.com/watch?v=QHh3Je9WomE,QHh3Je9WomE
Hashing,c,https://www.youtube.com/watch?v=tm5gzaadqOo,tm5gzaadqOo
Hashing,c,https://www.youtube.com/watch?v=EMvoXpd0MSU,EMvoXpd0MSU
Hashing,c,https://www.youtube.com/watch?v=HHQ2QP_upGM,HHQ2QP_upGM
Hashing,c,https://www.youtube.com/watch?v=OxBEypvXl9s,OxBEypvXl9s
Hashing,c,https://www.youtube.com/watch?v=KEs5UyBJ39g,KEs5UyBJ39g
Hashing,c,https://www.youtube.com/watch?v=BynRb63TDgY,BynRb63TDgY
Hashing,c,https://www.youtube.com/watch?v=TLk7_Ia3rzQ,TLk7_Ia3rzQ
Hashing,c,https://www.youtube.com/watch?v=M5uiGwJNg_g,M5uiGwJNg_g
Hashing,c,https://www.youtube.com/watch?v=tNQAplkVHZA,tNQAplkVHZA
Hashing,c,https://www.youtube.com/watch?v=GKtg72W_Xcg,GKtg72W_Xcg
Hashing,c,https://www.youtube.com/watch?v=7u6LStDRY0E,7u6LStDRY0E
Hashing,c,https://www.youtube.com/watch?v=tcVxwyouyiw,tcVxwyouyiw
Hashing,c,https://www.youtube.com/watch?v=lDMc4hg1lUk,lDMc4hg1lUk
Hashing,c,https://www.youtube.com/watch?v=_qEnJUPDUFU,_qEnJUPDUFU
Hashing,c,https://www.youtube.com/watch?v=Gk8N9-4KHnk,Gk8N9-4KHnk
Hashing,c,https://www.youtube.com/watch?v=hhJG1c_lUmc,hhJG1c_lUmc
Hashing,c,https://www.youtube.com/watch?v=7d3pPoCGSos,7d3pPoCGSos
Hashing,c,https://www.youtube.com/watch?v=6deoJqbsv3E,6deoJqbsv3E
Hashing,cpp,https://www.youtube.com/watch?v=2_3fR-k-LzI,2_3fR-k-LzI
Hashing,cpp,https://www.youtube.com/watch?v=K7BTtcU0n-Q,K7BTtcU0n-Q
Hashing,cpp,https://www.youtube.com/watch?v=dsuxijrK-EQ,dsuxijrK-EQ
Hashing,cpp,https://www.youtube.com/watch?v=jEdaduyLLqY,jEdaduyLLqY
Hashing,cpp,https://www.youtube.com/watch?v=9wtIwYKzT3k,9wtIwYKzT3k
Hashing,cpp,https://www.youtube.com/watch?v=-zyGrffkZCk,-zyGrffkZCk
Hashing,cpp,https://www.youtube.com/watch?v=T1TmxqA5k5o,T1TmxqA5k5o
Hashing,cpp,https://www.youtube.com/watch?v=eobMT13w0xU,eobMT13w0xU
Hashing,cpp,https://www.youtube.com/watch?v=jL69-97b9is,jL69-97b9is
Hashing,cpp,https://www.youtube.com/watch?v=LsjFAx-dG5I,LsjFAx-dG5I
Hashing,cpp,https://www.youtube.com/watch?v=7mUKGHznpfg,7mUKGHznpfg
Hashing,cpp,https://www.youtube.com/watch?v=y_xnyjs9gcc,y_xnyjs9gcc
Hashing,cpp,https://www.youtube.com/watch?v=pBvlSc2A2U4,pBvlSc2A2U4
Hashing,cpp,https://www.youtube.com/watch?v=WIutAkhQ_Y4,WIutAkhQ_Y4
Hashing,cpp,https://www.youtube.com/watch?v=6Afn1BV3iLM,6Afn1BV3iLM
Hashing,cpp,https://www.youtube.com/watch?v=oGqjEx6hrI8,oGqjEx6hrI8
Hashing,cpp,https://www.youtube.com/watch?v=WEILxTBDy0Y,WEILxTBDy0Y
Hashing,cpp,https://www.youtube.com/watch?v=_Q-eNqTOxlE,_Q-eNqTOxlE
Hashing,cpp,https://www.youtube.com/watch?v=czgiaL0nUdY,czgiaL0nUdY
Hashing,cpp,https://www.youtube.com/watch?v=sEGlluJHR3w,sEGlluJHR3w
Hashing,cpp,https://www.youtube.com/watch?v=NphGt7ZP9kY,NphGt7ZP9kY
Hashing,cpp,https://www.youtube.com/watch?v=06YgatyPvho,06YgatyPvho
Sorting,python,https://www.youtube.com/watch?v=psby1Z00gSM,psby1Z00gSM
Sorting,python,https://www.youtube.com/watch?v=lfAymcJm3DY,lfAymcJm3DY
Sorting,python,https://www.youtube.com/watch?v=DWZXj8WaHgA,DWZXj8WaHgA
Sorting,python,https://www.youtube.com/watch?v=3b6LLiRcWE0,3b6LLiRcWE0
Sorting,python,https://www.youtube.com/watch?v=FCAtxryNgq4,FCAtxryNgq4
Sorting,python,https://www.youtube.com/watch?v=IH_xi5SNniM,IH_xi5SNniM
Sorting,python,https://www.youtube.com/watch?v=EZN0Irp2aPs,EZN0Irp2aPs
Sorting,python,https://www.youtube.com/watch?v=H3TwVtOZDgg,H3TwVtOZDgg
Sorting,python,https://www.youtube.com/watch?v=IEc2fRD5d0k,IEc2fRD5d0k
Sorting,python,https://www.youtube.com/watch?v=bSEmGe6w6tk,bSEmGe6w6tk
Sorting,python,https://www.youtube.com/watch?v=i-_0ec_k7dY,i-_0ec_k7dY
Sorting,python,https://www.youtube.com/watch?v=5Lu34WIx2Us,5Lu34WIx2Us
Sorting,python,https://www.youtube.com/watch?v=34Gij4E0yXo,34Gij4E0yXo
Sorting,python,https://www.youtube.com/watch?v=8G-PB-RAzdg,8G-PB-RAzdg
Sorting,python,https://www.youtube.com/watch?v=cd-vtiO5chk,cd-vtiO5chk
Sorting,python,https://www.youtube.com/watch?v=rMTcZo6ATJQ,rMTcZo6ATJQ
Sorting,python,https://www.youtube.com/watch?v=wcRJSpgIZHQ,wcRJSpgIZHQ
Sorting,python,https://www.youtube.com/watch?v=Lvifcw7QlJo,Lvifcw7QlJo
Sorting,python,https://www.youtube.com/watch?v=jzWQCzbfpY0,jzWQCzbfpY0
Sorting,python,https://www.youtube.com/watch?v=x6WGF8zDWZA,x6WGF8zDWZA
Sorting,python,https://www.youtube.com/watch?v=fTiCQgSyL-s,fTiCQgSyL-s
Sorting,python,https://www.youtube.com/watch?v=xb3-kn5SQC4,xb3-kn5SQC4
Sorting,python,https://www.youtube.com/watch?v=KbJNtthCLWU,KbJNtthCLWU
Sorting,python,https://www.youtube.com/watch?v=hpq9FzSfB7k,hpq9FzSfB7k
Sorting,python,https://www.youtube.com/watch?v=gcRUIO-8r3U,gcRUIO-8r3U
Sorting,python,https://www.youtube.com/watch?v=KLvH6yi5YYU,KLvH6yi5YYU
Sorting,python,https://www.youtube.com/watch?v=KrciAeRRsBg,KrciAeRRsBg
Sorting,python,https://www.youtube.com/watch?v=KQTnuvz17gw,KQTnuvz17gw
Sorting,python,https://www.youtube.com/watch?v=tt4_7YyvqR4,tt4_7YyvqR4
Sorting,python,https://www.youtube.com/watch?v=Tc3aWFk-4Y8,Tc3aWFk-4Y8
Sorting,python,https://www.youtube.com/watch?v=ty9Y3RuqXHY,ty9Y3RuqXHY
Sorting,python,https://www.youtube.com/watch?v=dPRd4S1ev4A,dPRd4S1ev4A
Sorting,python,https://www.youtube.com/watch?v=qe4Bapku5K0,qe4Bapku5K0
Sorting,python,https://www.youtube.com/watch?v=bSH_2IDDBhU,bSH_2IDDBhU
Sorting,python,https://www.youtube.com/watch?v=fS71qdg5WOY,fS71qdg5WOY
Sorting,python,https://www.youtube.com/watch?v=swdeH18MIEY,swdeH18MIEY
Sorting,python,https://www.youtube.com/watch?v=9ExrsqStps4,9ExrsqStps4
Sorting,java,https://www.youtube.com/watch?v=Voio8TUigns,Voio8TUigns
Sorting,java,https://www.youtube.com/watch?v=uCUu3fF5Dws,uCUu3fF5Dws
Sorting,java,https://www.youtube.com/watch?v=IiiSkWbOp1E,IiiSkWbOp1E
Sorting,java,https://www.youtube.com/watch?v=h2_Lc8a8Ffw,h2_Lc8a8Ffw
Sorting,java,https://www.youtube.com/watch?v=Ukw1-ZLKl0s,Ukw1-ZLKl0s
Sorting,java,https://www.youtube.com/watch?v=MP9WJpngMvY,MP9WJpngMvY
Sorting,java,https://www.youtube.com/watch?v=SZVugP81J1A,SZVugP81J1A
Sorting,java,https://www.youtube.com/watch?v=AhKv4Z4lqtU,AhKv4Z4lqtU
Sorting,java,https://www.youtube.com/watch?v=jF5t8CiVNAk,jF5t8CiVNAk
Sorting,java,https://www.youtube.com/watch?v=dsqsnngsoD8,dsqsnngsoD8
Sorting,java,https://www.youtube.com/watch?v=Uq05h_jCh84,Uq05h_jCh84
Sorting,java,https://www.youtube.com/watch?v=rT9Dml2tsns,rT9Dml2tsns
Sorting,java,https://www.youtube.com/watch?v=WrOVlFrCGoI,WrOVlFrCGoI
Sorting,java,https://www.youtube.com/watch?v=ZQ8AaxHnAb0,ZQ8AaxHnAb0
Sorting,java,https://www.youtube.com/watch?v=WZnb4XrK-ao,WZnb4XrK-ao
Sorting,java,https://www.youtube.com/watch?v=JUOyKSZScW0,JUOyKSZScW0
Sorting,java,https://www.youtube.com/watch?v=YEabFTMDczQ,YEabFTMDczQ
Sorting,java,https://www.youtube.com/watch?v=2Shd3zFCAD0,2Shd3zFCAD0
Sorting,java,https://www.youtube.com/watch?v=0lOnnd50cGI,0lOnnd50cGI
Sorting,java,https://www.youtube.com/watch?v=h8eyY7dIiN4,h8eyY7dIiN4
Sorting,java,https://www.youtube.com/watch?v=d7iGniWrRng,d7iGniWrRng
Sorting,java,https://www.youtube.com/watch?v=bOk35XmHPKs,bOk35XmHPKs
Sorting,java,https://www.youtube.com/watch?v=Gw_TB6qKMqI,Gw_TB6qKMqI
Sorting,java,https://www.youtube.com/watch?v=npyVEydcNs8,npyVEydcNs8
Sorting,java,https://www.youtube.com/watch?v=nXMbL5AvUnk,nXMbL5AvUnk
Sorting,java,https://www.youtube.com/watch?v=1Tfjhn14TLU,1Tfjhn14TLU
Sorting,java,https://www.youtube.com/watch?v=YJ0e9HCcVEM,YJ0e9HCcVEM
Sorting,java,https://www.youtube.com/watch?v=_lp56o0d3TI,_lp56o0d3TI
Sorting,java,https://www.youtube.com/watch?v=WYCwpE9NZig,WYCwpE9NZig
Sorting,java,https://www.youtube.com/watch?v=WR7OXexr-g0,WR7OXexr-g0
Sorting,java,https://www.youtube.com/watch?v=LUct3iYBdSk,LUct3iYBdSk
Sorting,c,https://www.youtube.com/watch?v=4BudwetgYyU,4BudwetgYyU
Sorting,c,https://www.youtube.com/watch?v=w2whCLTW0nU,w2whCLTW0nU
Sorting,c,https://www.youtube.com/watch?v=aj3vw_KDmxc,aj3vw_KDmxc
Sorting,c,https://www.youtube.com/watch?v=cz_1D-e8q4Q,cz_1D-e8q4Q
Sorting,c,https://www.youtube.com/watch?v=iyl9bfp_8ag,iyl9bfp_8ag
Sorting,c,https://www.youtube.com/watch?v=iUxrxlHz_Hc,iUxrxlHz_Hc
Sorting,c,https://www.youtube.com/watch?v=yio6FyP1N2k,yio6FyP1N2k
Sorting,c,https://www.youtube.com/watch?v=LZNxRSoEG2M,LZNxRSoEG2M
Sorting,c,https://www.youtube.com/watch?v=X-mSc_xZXOE,X-mSc_xZXOE
Sorting,c,https://www.youtube.com/watch?v=qLVrwCvVPGo,qLVrwCvVPGo
Sorting,c,https://www.youtube.com/watch?v=5JRZ4vL021M,5JRZ4vL021M
Sorting,c,https://www.youtube.com/watch?v=p1iDSL13gag,p1iDSL13gag
Sorting,c,https://www.youtube.com/watch?v=NGwCEYb7cOQ,NGwCEYb7cOQ
Sorting,c,https://www.youtube.com/watch?v=RnE44UmTNa4,RnE44UmTNa4
Sorting,c,https://www.youtube.com/watch?v=8hkKo92l4yM,8hkKo92l4yM
Sorting,c,https://www.youtube.com/watch?v=YqzNgaFQEh8,YqzNgaFQEh8
Sorting,c,https://www.youtube.com/watch?v=ji-Rjw5goBg,ji-Rjw5goBg
Sorting,c,https://www.youtube.com/watch?v=3SeAZkN-dC0,3SeAZkN-dC0
Sorting,c,https://www.youtube.com/watch?v=Rck7JaKNi7A,Rck7JaKNi7A
Sorting,c,https://www.youtube.com/watch?v=pxFoobmkzjY,pxFoobmkzjY
Sorting,c,https://www.youtube.com/watch?v=SqUCE5h9Sfs,SqUCE5h9Sfs
Sorting,c,https://www.youtube.com/watch?v=8hly31xKli0,8hly31xKli0
Sorting,c,https://www.youtube.com/watch?v=jI1f96JSoKo,jI1f96JSoKo
Sorting,c,https://www.youtube.com/watch?v=XHDIWgQyWKs,XHDIWgQyWKs
Sorting,c,https://www.youtube.com/watch?v=jyDwDPfXgyw,jyDwDPfXgyw
Sorting,c,https://www.youtube.com/watch?v=4xapOrfLvbg,4xapOrfLvbg
Sorting,c,https://www.youtube.com/watch?v=6GOOa9xxrvU,6GOOa9xxrvU
Sorting,c,https://www.youtube.com/watch?v=Aw4ZHT3SYzc,Aw4ZHT3SYzc
Sorting,c,https://www.youtube.com/watch?v=tCjW91ysjR4,tCjW91ysjR4
Sorting,c,https://www.youtube.com/watch?v=BFiD2RsLbo8,BFiD2RsLbo8
Sorting,c,https://www.youtube.com/watch?v=YWSoD50Ejpk,YWSoD50Ejpk
Sorting,cpp,https://www.youtube.com/watch?v=qoCkkf9ECDQ,qoCkkf9ECDQ
Sorting,cpp,https://www.youtube.com/watch?v=HyhvU5SJTlQ,HyhvU5SJTlQ
Sorting,cpp,https://www.youtube.com/watch?v=CO2KU0ANBs0,CO2KU0ANBs0
Sorting,cpp,https://www.youtube.com/watch?v=SWLLKLov_qs,SWLLKLov_qs
Sorting,cpp,https://www.youtube.com/watch?v=UUB4S4FN5Zk,UUB4S4FN5Zk
Sorting,cpp,https://www.youtube.com/watch?v=_zRZJo0UxBU,_zRZJo0UxBU
Sorting,cpp,https://www.youtube.com/watch?v=3Md3kBea_wg,3Md3kBea_wg
Sorting,cpp,https://www.youtube.com/watch?v=k6sY_-1X8oo,k6sY_-1X8oo
Sorting,cpp,https://www.youtube.com/watch?v=s0_9T-SwhPs,s0_9T-SwhPs
Sorting,cpp,https://www.youtube.com/watch?v=Gz34u4O9RD0,Gz34u4O9RD0
Sorting,cpp,https://www.youtube.com/watch?v=hP7aIrTRqQw,hP7aIrTRqQw
Sorting,cpp,https://www.youtube.com/watch?v=oMGKwFn8TG8,oMGKwFn8TG8
Sorting,cpp,https://www.youtube.com/watch?v=YcQHbQ1BNnE,YcQHbQ1BNnE
Sorting,cpp,https://www.youtube.com/watch?v=iYfbtcWzReg,iYfbtcWzReg
Sorting,cpp,https://www.youtube.com/watch?v=KZt38Q04Qi8,KZt38Q04Qi8
Sorting,cpp,https://www.youtube.com/watch?v=lZ1HAbRgbz4,lZ1HAbRgbz4
Sorting,cpp,https://www.youtube.com/watch?v=ZjHGG9o3NwY,ZjHGG9o3NwY
Sorting,cpp,https://www.youtube.com/watch?v=zXyEZQY9nKY,zXyEZQY9nKY
Sorting,cpp,https://www.youtube.com/watch?v=a1MpnHPH5PM,a1MpnHPH5PM
Sorting,cpp,https://www.youtube.com/watch?v=tJar775UKjg,tJar775UKjg
Sorting,cpp,https://www.youtube.com/watch?v=oZD6zrM2Xfw,oZD6zrM2Xfw
Sorting,cpp,https://www.youtube.com/watch?v=3pvZhwp0U9w,3pvZhwp0U9w
Sorting,cpp,https://www.youtube.com/watch?v=JiMcwYYZhtc,JiMcwYYZhtc
Sorting,cpp,https://www.youtube.com/watch?v=fmHcz65-EEY,fmHcz65-EEY
Sorting,cpp,https://www.youtube.com/watch?v=1sN-NRpurs4,1sN-NRpurs4
Sorting,cpp,https://www.youtube.com/watch?v=_Rs172yezeM,_Rs172yezeM
Sorting,cpp,https://www.youtube.com/watch?v=VoEF3Q4FEMo,VoEF3Q4FEMo
Stack,python,https://www.youtube.com/watch?v=ELEoJHiqlF4,ELEoJHiqlF4
Stack,python,https://www.youtube.com/watch?v=5hjUB-pBd4g,5hjUB-pBd4g
Stack,python,https://www.youtube.com/watch?v=q3eQESRFKfc,q3eQESRFKfc
Stack,python,https://www.youtube.com/watch?v=sRVsEF8sfHo,sRVsEF8sfHo
Stack,python,https://www.youtube.com/watch?v=ZexqH7yOZFQ,ZexqH7yOZFQ
Stack,python,https://www.youtube.com/watch?v=mTouChThxzA,mTouChThxzA
Stack,python,https://www.youtube.com/watch?v=I3uVMyl7bUQ,I3uVMyl7bUQ
Stack,python,https://www.youtube.com/watch?v=tlVNezLJGGk,tlVNezLJGGk
Stack,python,https://www.youtube.com/watch?v=_5znY7JJaD4,_5znY7JJaD4
Stack,python,https://www.youtube.com/watch?v=kv2U3Ze2JqE,kv2U3Ze2JqE
Stack,python,https://www.youtube.com/watch?v=ShAG9lRjOXA,ShAG9lRjOXA
Stack,python,https://www.youtube.com/watch?v=31VltRgLjk4,31VltRgLjk4
Stack,python,https://www.youtube.com/watch?v=853BBAG3OVM,853BBAG3OVM
Stack,python,https://www.youtube.com/watch?v=2qfOczgCnPs,2qfOczgCnPs
Stack,python,https://www.youtube.com/watch?v=zwb3GmNAtFk,zwb3GmNAtFk
Stack,python,https://www.youtube.com/watch?v=NKmasqr_Xkw,NKmasqr_Xkw
Stack,python,https://www.youtube.com/watch?v=stD5O9YnM04,stD5O9YnM04
Stack,python,https://www.youtube.com/watch?v=lfNfGR3BZHM,lfNfGR3BZHM
Stack,python,https://www.youtube.com/watch?v=j-KOiaGEn2c,j-KOiaGEn2c
Stack,python,https://www.youtube.com/watch?v=LDVg4m2PpTg,LDVg4m2PpTg
Stack,python,https://www.youtube.com/watch?v=BbuE6F4h08A,BbuE6F4h08A
Stack,python,https://www.youtube.com/watch?v=d6l3XzqJlDE,d6l3XzqJlDE
Stack,python,https://www.youtube.com/watch?v=Gg2lj65aNCo,Gg2lj65aNCo
Stack,python,https://www.youtube.com/watch?v=atBxzwt4iSY,atBxzwt4iSY
Stack,python,https://www.youtube.com/watch?v=8iZuokt2sBQ,8iZuokt2sBQ
Stack,python,https://www.youtube.com/watch?v=7YsDX7nwVXA,7YsDX7nwVXA
Stack,python,https://www.youtube.com/watch?v=7HdNcWt301Q,7HdNcWt301Q
Stack,python,https://www.youtube.com/watch?v=DtJVwbbicjQ,DtJVwbbicjQ
Stack,python,https://www.youtube.com/watch?v=Dq_ObZwTY_Q,Dq_ObZwTY_Q
Stack,python,https://www.youtube.com/watch?v=l1NLqB_q_Xo,l1NLqB_q_Xo
Stack,python,https://www.youtube.com/watch?v=15OuNilu0r0,15OuNilu0r0
Stack,python,https://www.youtube.com/watch?v=sqWOFIZ9Z0U,sqWOFIZ9Z0U
Stack,python,https://www.youtube.com/watch?v=HulSbULhMDU,HulSbULhMDU
Stack,python,https://www.youtube.com/watch?v=8Kwt23v_2H0,8Kwt23v_2H0
Stack,python,https://www.youtube.com/watch?v=S_FhASOJmgk,S_FhASOJmgk
Stack,python,https://www.youtube.com/watch?v=YpOjr432Yvo,YpOjr432Yvo
Stack,python,https://www.youtube.com/watch?v=WTzjTskDFMg,WTzjTskDFMg
Stack,python,https://www.youtube.com/watch?v=mnNsoWg2IO0,mnNsoWg2IO0
Stack,python,https://www.youtube.com/watch?v=hIZ9RK2izOU,hIZ9RK2izOU
Stack,python,https://www.youtube.com/watch?v=7-_V-ufnF4c,7-_V-ufnF4c
Stack,python,https://www.youtube.com/watch?v=399b-Cca1lI,399b-Cca1lI
Stack,python,https://www.youtube.com/watch?v=CIO7KovUHF0,CIO7KovUHF0
Stack,python,https://www.youtube.com/watch?v=xQJ5mdNTnYA,xQJ5mdNTnYA
Stack,java,https://www.youtube.com/watch?v=Mfr0OHZwBws,Mfr0OHZwBws
Stack,java,https://www.youtube.com/watch?v=8xKhNxtgo4k,8xKhNxtgo4k
Stack,java,https://www.youtube.com/watch?v=W2q7W4_3gpY,W2q7W4_3gpY
Stack,java,https://www.youtube.com/watch?v=WnwGIsKedpg,WnwGIsKedpg
Stack,java,https://www.youtube.com/watch?v=Dja2THApFoY,Dja2THApFoY
Stack,java,https://www.youtube.com/watch?v=tiXcdgdekfw,tiXcdgdekfw
Stack,java,https://www.youtube.com/watch?v=DpHbJ5SUUnU,DpHbJ5SUUnU
Stack,java,https://www.youtube.com/watch?v=qvo8JqgWfHE,qvo8JqgWfHE
Stack,java,https://www.youtube.com/watch?v=MhLcEITuMZo,MhLcEITuMZo
Stack,java,https://www.youtube.com/watch?v=DFbwD-0H54U,DFbwD-0H54U
Stack,java,https://www.youtube.com/watch?v=rJtbCr9DjvQ,rJtbCr9DjvQ
Stack,java,https://www.youtube.com/watch?v=l3TXYPDfwd4,l3TXYPDfwd4
Stack,java,https://www.youtube.com/watch?v=hVD79qXNLsM,hVD79qXNLsM
Stack,java,https://www.youtube.com/watch?v=ILJgewz5Dxw,ILJgewz5Dxw
Stack,java,https://www.youtube.com/watch?v=ZL-qgkzijt0,ZL-qgkzijt0
Stack,java,https://www.youtube.com/watch?v=8TMBjfS8wY0,8TMBjfS8wY0
Stack,java,https://www.youtube.com/watch?v=-wzibcwDtQA,-wzibcwDtQA
Stack,java,https://www.youtube.com/watch?v=13uQ8dgqbno,13uQ8dgqbno
Stack,java,https://www.youtube.com/watch?v=-MU_3cRwko0,-MU_3cRwko0
Stack,java,https://www.youtube.com/watch?v=DVnP1WkaGl4,DVnP1WkaGl4
Stack,java,https://www.youtube.com/watch?v=D3KEwGiqLoU,D3KEwGiqLoU
Stack,java,https://www.youtube.com/watch?v=XmFLB3dQ_WA,XmFLB3dQ_WA
Stack,java,https://www.youtube.com/watch?v=CUbDxj5YhfQ,CUbDxj5YhfQ
Stack,java,https://www.youtube.com/watch?v=yaL_ZqTWDU8,yaL_ZqTWDU8
Stack,java,https://www.youtube.com/watch?v=dtUsuex9y8U,dtUsuex9y8U
Stack,java,https://www.youtube.com/watch?v=Zprx6JeWchs,Zprx6JeWchs
Stack,java,https://www.youtube.com/watch?v=Z3FtVBHQIj4,Z3FtVBHQIj4
Stack,java,https://www.youtube.com/watch?v=hjCFAe9aQSw,hjCFAe9aQSw
Stack,java,https://www.youtube.com/watch?v=VOLtgyjZiEg,VOLtgyjZiEg
Stack,java,https://www.youtube.com/watch?v=djSLfFXqXH8,djSLfFXqXH8
Stack,java,https://www.youtube.com/watch?v=B1tW_fGyn0k,B1tW_fGyn0k
Stack,java,https://www.youtube.com/watch?v=rWB81Oh-mE0,rWB81Oh-mE0
Stack,java,https://www.youtube.com/watch?v=wJgZlcrdO2U,wJgZlcrdO2U
Stack,java,https://www.youtube.com/watch?v=SMOkVdC2dBk,SMOkVdC2dBk
Stack,java,https://www.youtube.com/watch?v=eOYruZ-Xbd8,eOYruZ-Xbd8
Stack,java,https://www.youtube.com/watch?v=C8Ak8kfud9c,C8Ak8kfud9c
Stack,java,https://www.youtube.com/watch?v=v18FwlKYSyE,v18FwlKYSyE
Stack,c,https://www.youtube.com/watch?v=-XbHQQ8pUQY,-XbHQQ8pUQY
Stack,c,https://www.youtube.com/watch?v=YNktW_CLjLI,YNktW_CLjLI
Stack,c,https://www.youtube.com/watch?v=UDvhPu2YB1E,UDvhPu2YB1E
Stack,c,https://www.youtube.com/watch?v=nRR0ymmICBo,nRR0ymmICBo
Stack,c,https://www.youtube.com/watch?v=K1PlysPgNZY,K1PlysPgNZY
Stack,c,https://www.youtube.com/watch?v=gwEDnDy4ikQ,gwEDnDy4ikQ
Stack,c,https://www.youtube.com/watch?v=HjdfmI7ZIls,HjdfmI7ZIls
Stack,c,https://www.youtube.com/watch?v=nP7I2aTrJyk,nP7I2aTrJyk
Stack,c,https://www.youtube.com/watch?v=1PFFgRcZLAk,1PFFgRcZLAk
Stack,c,https://www.youtube.com/watch?v=w7YbwKnbc5I,w7YbwKnbc5I
Stack,c,https://www.youtube.com/watch?v=HbDFTCgQJ24,HbDFTCgQJ24
Stack,c,https://www.youtube.com/watch?v=Tu2w_aFL2Js,Tu2w_aFL2Js
Stack,c,https://www.youtube.com/watch?v=hagJuZXspuM,hagJuZXspuM
Stack,c,https://www.youtube.com/watch?v=WEwD-ZuTc1w,WEwD-ZuTc1w
Stack,c,https://www.youtube.com/watch?v=Flk5yrlx5Qo,Flk5yrlx5Qo
Stack,c,https://www.youtube.com/watch?v=hNCjXXXMLYU,hNCjXXXMLYU
Stack,c,https://www.youtube.com/watch?v=76CwB16Hjco,76CwB16Hjco
Stack,c,https://www.youtube.com/watch?v=8nix1eqoMHM,8nix1eqoMHM
Stack,c,https://www.youtube.com/watch?v=gRwfHzeS-GM,gRwfHzeS-GM
Stack,c,https://www.youtube.com/watch?v=vbEG6roSQGU,vbEG6roSQGU
Stack,c,https://www.youtube.com/watch?v=Bvfc6s_LKUU,Bvfc6s_LKUU
Stack,c,https://www.youtube.com/watch?v=ALJJcA1uWmU,ALJJcA1uWmU
Stack,c,https://www.youtube.com/watch?v=BX38sNbRaMs,BX38sNbRaMs
Stack,c,https://www.youtube.com/watch?v=_jB7_wy3CPk,_jB7_wy3CPk
Stack,c,https://www.youtube.com/watch?v=PnsYnNRpEdY,PnsYnNRpEdY
Stack,c,https://www.youtube.com/watch?v=zyMv5hoMekU,zyMv5hoMekU
Stack,c,https://www.youtube.com/watch?v=Wj_Xtj6so3U,Wj_Xtj6so3U
Stack,c,https://www.youtube.com/watch?v=QURbEGE-F_Y,QURbEGE-F_Y
Stack,c,https://www.youtube.com/watch?v=tgSow9IftX0,tgSow9IftX0
Stack,c,https://www.youtube.com/watch?v=e1EcWHb5auM,e1EcWHb5auM
Stack,c,https://www.youtube.com/watch?v=PeItw8HD7cA,PeItw8HD7cA
Stack,c,https://www.youtube.com/watch?v=NxkDyoKIyvA,NxkDyoKIyvA
Stack,cpp,https://www.youtube.com/watch?v=JszOjx3NMdo,JszOjx3NMdo
Stack,cpp,https://www.youtube.com/watch?v=E1NYXrJ59ME,E1NYXrJ59ME
Stack,cpp,https://www.youtube.com/watch?v=puIzqtLFOlQ,puIzqtLFOlQ
Stack,cpp,https://www.youtube.com/watch?v=BltWH6SrDEk,BltWH6SrDEk
Stack,cpp,https://www.youtube.com/watch?v=_EPv0_RsPQ8,_EPv0_RsPQ8
Stack,cpp,https://www.youtube.com/watch?v=p9mNUbjVhuA,p9mNUbjVhuA
Stack,cpp,https://www.youtube.com/watch?v=y5VogJkRgZw,y5VogJkRgZw
Stack,cpp,https://www.youtube.com/watch?v=ExmZOC5n9mY,ExmZOC5n9mY
Stack,cpp,https://www.youtube.com/watch?v=Cy4k7RlPgf0,Cy4k7RlPgf0
Stack,cpp,https://www.youtube.com/watch?v=cdjjk-ryPKc,cdjjk-ryPKc
Stack,cpp,https://www.youtube.com/watch?v=B_tfX0eh_BI,B_tfX0eh_BI
Stack,cpp,https://www.youtube.com/watch?v=PhXj3gWSbC8,PhXj3gWSbC8
Stack,cpp,https://www.youtube.com/watch?v=UO_KuXkZtOI,UO_KuXkZtOI
Stack,cpp,https://www.youtube.com/watch?v=6cmM_eVqmqg,6cmM_eVqmqg
Stack,cpp,https://www.youtube.com/watch?v=MxdLooQ2VmQ,MxdLooQ2VmQ
Stack,cpp,https://www.youtube.com/watch?v=l4GE2K788As,l4GE2K788As
Stack,cpp,https://www.youtube.com/watch?v=0ih1H_fBRvw,0ih1H_fBRvw
Stack,cpp,https://www.youtube.com/watch?v=FOOBHnYziaI,FOOBHnYziaI
Stack,cpp,https://www.youtube.com/watch?v=egu-IEs8wiw,egu-IEs8wiw
Stack,cpp,https://www.youtube.com/watch?v=BuNLWfUJva4,BuNLWfUJva4
Stack,cpp,https://www.youtube.com/watch?v=08QSylWv6jM,08QSylWv6jM
Stack,cpp,https://www.youtube.com/watch?v=4TaTSJsp81k,4TaTSJsp81k
Stack,cpp,https://www.youtube.com/watch?v=GBST5uQ_yos,GBST5uQ_yos
Stack,cpp,https://www.youtube.com/watch?v=3A5FHdglGjg,3A5FHdglGjg
Stack,cpp,https://www.youtube.com/watch?v=2Z6gGmVjKyA,2Z6gGmVjKyA
Stack,cpp,https://www.youtube.com/watch?v=ZkTzCPs_RRI,ZkTzCPs_RRI
Stack,cpp,https://www.youtube.com/watch?v=FNZ5o9S9prU,FNZ5o9S9prU
Stack,cpp,https://www.youtube.com/watch?v=sggt9YpAMOY,sggt9YpAMOY
Stack,cpp,https://www.youtube.com/watch?v=UVEDSDDSP-U,UVEDSDDSP-U
Stack,cpp,https://www.youtube.com/watch?v=s9fokUqJ76A,s9fokUqJ76A
Stack,cpp,https://www.youtube.com/watch?v=3_BAIugNaLw,3_BAIugNaLw
Stack,cpp,https://www.youtube.com/watch?v=tuyMeS7GlOU,tuyMeS7GlOU
Stack,cpp,https://www.youtube.com/watch?v=CDmtXvS7U_k,CDmtXvS7U_k
Stack,cpp,https://www.youtube.com/watch?v=M2Os56AF0xk,M2Os56AF0xk
Stack,cpp,https://www.youtube.com/watch?v=PLvD3pHaWHQ,PLvD3pHaWHQ
Stack,cpp,https://www.youtube.com/watch?v=hDHLg5paFpU,hDHLg5paFpU
Stack,cpp,https://www.youtube.com/watch?v=9fk5yZna2Bk,9fk5yZna2Bk
Stack,cpp,https://www.youtube.com/watch?v=pSDTrWE_ueo,pSDTrWE_ueo
Stack,cpp,https://www.youtube.com/watch?v=H3yu3Mn1IuI,H3yu3Mn1IuI
Stack,cpp,https://www.youtube.com/watch?v=NlHupEeDXzY,NlHupEeDXzY
Stack,cpp,https://www.youtube.com/watch?v=P7lDoIUI19U,P7lDoIUI19U
Stack,cpp,https://www.youtube.com/watch?v=q-JB0hYyouo,q-JB0hYyouo
Stack,cpp,https://www.youtube.com/watch?v=cSKCfNipT4M,cSKCfNipT4M
Stack,cpp,https://www.youtube.com/watch?v=xXZuAw8oVYo,xXZuAw8oVYo
Stack,cpp,https://www.youtube.com/watch?v=roYOgXXohkU,roYOgXXohkU
Queue,python,https://www.youtube.com/watch?v=cyf4HycvxXg,cyf4HycvxXg
Queue,python,https://www.youtube.com/watch?v=DEXpIZpfqiQ,DEXpIZpfqiQ
Queue,python,https://www.youtube.com/watch?v=8Toydmc_Pdo,8Toydmc_Pdo
Queue,python,https://www.youtube.com/watch?v=k5E1f4kuz_I,k5E1f4kuz_I
Queue,python,https://www.youtube.com/watch?v=AjFlp951nz0,AjFlp951nz0
Queue,python,https://www.youtube.com/watch?v=UAOtPBM8BLg,UAOtPBM8BLg
Queue,python,https://www.youtube.com/watch?v=mYU2NsEJKHI,mYU2NsEJKHI
Queue,python,https://www.youtube.com/watch?v=wLhIDbE0tIw,wLhIDbE0tIw
Queue,python,https://www.youtube.com/watch?v=v67LloZ1ieI,v67LloZ1ieI
Queue,python,https://www.youtube.com/watch?v=_8s0Qd4N4PU,_8s0Qd4N4PU
Queue,python,https://www.youtube.com/watch?v=NDbclrNFjMs,NDbclrNFjMs
Queue,python,https://www.youtube.com/watch?v=KYeSY986ZOw,KYeSY986ZOw
Queue,python,https://www.youtube.com/watch?v=VFSUWEAFmy4,VFSUWEAFmy4
Queue,python,https://www.youtube.com/watch?v=PyAH9-SgTCI,PyAH9-SgTCI
Queue,python,https://www.youtube.com/watch?v=rUUrmGKYwHw,rUUrmGKYwHw
Queue,python,https://www.youtube.com/watch?v=oHy0td7dt7s,oHy0td7dt7s
Queue,python,https://www.youtube.com/watch?v=Fpu7ZdEnTf0,Fpu7ZdEnTf0
Queue,python,https://www.youtube.com/watch?v=XLXWidXVRJk,XLXWidXVRJk
Queue,python,https://www.youtube.com/watch?v=F5jvm1Cj5iw,F5jvm1Cj5iw
Queue,python,https://www.youtube.com/watch?v=gmz2qe3X4dM,gmz2qe3X4dM
Queue,python,https://www.youtube.com/watch?v=QtGBRUtVzRM,QtGBRUtVzRM
Queue,python,https://www.youtube.com/watch?v=pWnH4Q3eMKI,pWnH4Q3eMKI
Queue,python,https://www.youtube.com/watch?v=VqjruvAXwoU,VqjruvAXwoU
Queue,python,https://www.youtube.com/watch?v=RH248nv1ayk,RH248nv1ayk
Queue,python,https://www.youtube.com/watch?v=VNgltHyw0pc,VNgltHyw0pc
Queue,python,https://www.youtube.com/watch?v=5AODKCswbx4,5AODKCswbx4
Queue,python,https://www.youtube.com/watch?v=aff5TgDMsyo,aff5TgDMsyo
Queue,python,https://www.youtube.com/watch?v=CBh3fOtePkQ,CBh3fOtePkQ
Queue,python,https://www.youtube.com/watch?v=0OQjzWthrOY,0OQjzWthrOY
Queue,python,https://www.youtube.com/watch?v=QkEOGoUar3g,QkEOGoUar3g
Queue,python,https://www.youtube.com/watch?v=oZml8YkSf5Q,oZml8YkSf5Q
Queue,java,https://www.youtube.com/watch?v=udEQK435mWM,udEQK435mWM
Queue,java,https://www.youtube.com/watch?v=IxrMbl1w4RA,IxrMbl1w4RA
Queue,java,https://www.youtube.com/watch?v=w8sEJOa7XK8,w8sEJOa7XK8
Queue,java,https://www.youtube.com/watch?v=UuZc2Gxh_1k,UuZc2Gxh_1k
Queue,java,https://www.youtube.com/watch?v=ggoKE9FQIEQ,ggoKE9FQIEQ
Queue,java,https://www.youtube.com/watch?v=9exLRU7AG8Y,9exLRU7AG8Y
Queue,java,https://www.youtube.com/watch?v=i9v-Q65d7wE,i9v-Q65d7wE
Queue,java,https://www.youtube.com/watch?v=ktvhRSRohR4,ktvhRSRohR4
Queue,java,https://www.youtube.com/watch?v=LLx0WwZ2_JM,LLx0WwZ2_JM
Queue,java,https://www.youtube.com/watch?v=91CMnJeHJVc,91CMnJeHJVc
Queue,java,https://www.youtube.com/watch?v=ZRs6dN_xUU0,ZRs6dN_xUU0
Queue,java,https://www.youtube.com/watch?v=Bc9btU2wP-c,Bc9btU2wP-c
Queue,java,https://www.youtube.com/watch?v=NCPcEVrrnRE,NCPcEVrrnRE
Queue,java,https://www.youtube.com/watch?v=bfsoc23A-cY,bfsoc23A-cY
Queue,java,https://www.youtube.com/watch?v=blIoH9IJlNY,blIoH9IJlNY
Queue,java,https://www.youtube.com/watch?v=fFaTDppw7Fk,fFaTDppw7Fk
Queue,java,https://www.youtube.com/watch?v=Gpu52H4yCMM,Gpu52H4yCMM
Queue,java,https://www.youtube.com/watch?v=jbtrZZuD4qI,jbtrZZuD4qI
Queue,java,https://www.youtube.com/watch?v=vgG6r0YEaR0,vgG6r0YEaR0
Queue,java,https://www.youtube.com/watch?v=oDzKJyBVKhI,oDzKJyBVKhI
Queue,java,https://www.youtube.com/watch?v=2_fT5XQPBfA,2_fT5XQPBfA
Queue,java,https://www.youtube.com/watch?v=FBq8VxUjhlo,FBq8VxUjhlo
Queue,java,https://www.youtube.com/watch?v=SiaA7dfO6DI,SiaA7dfO6DI
Queue,java,https://www.youtube.com/watch?v=4fnBQ5sA9mk,4fnBQ5sA9mk
Queue,java,https://www.youtube.com/watch?v=va_6RmSrKCg,va_6RmSrKCg
Queue,java,https://www.youtube.com/watch?v=whuSbnRh9xI,whuSbnRh9xI
Queue,java,https://www.youtube.com/watch?v=SdCo-mWM93k,SdCo-mWM93k
Queue,java,https://www.youtube.com/watch?v=Z4Qqch95c0g,Z4Qqch95c0g
Queue,java,https://www.youtube.com/watch?v=v-H5IU9SfoA,v-H5IU9SfoA
Queue,java,https://www.youtube.com/watch?v=HS7t2i9ldmE,HS7t2i9ldmE
Queue,java,https://www.youtube.com/watch?v=mbNy45oGp4E,mbNy45oGp4E
Queue,java,https://www.youtube.com/watch?v=54q6pgVTAxE,54q6pgVTAxE
Queue,c,https://www.youtube.com/watch?v=KyFCWwo0Jcs,KyFCWwo0Jcs
Queue,c,https://www.youtube.com/watch?v=HkOjZcvgt0M,HkOjZcvgt0M
Queue,c,https://www.youtube.com/watch?v=Na768AkhOJA,Na768AkhOJA
Queue,c,https://www.youtube.com/watch?v=GUqZn32DZ7k,GUqZn32DZ7k
Queue,c,https://www.youtube.com/watch?v=FEQZ_5eu_Eg,FEQZ_5eu_Eg
Queue,c,https://www.youtube.com/watch?v=lv5nDwH0W54,lv5nDwH0W54
Queue,c,https://www.youtube.com/watch?v=i57edCeegBU,i57edCeegBU
Queue,c,https://www.youtube.com/watch?v=gjonvmaou_k,gjonvmaou_k
Queue,c,https://www.youtube.com/watch?v=wDmnOtMF8rg,wDmnOtMF8rg
Queue,c,https://www.youtube.com/watch?v=zZi7MtDwAuk,zZi7MtDwAuk
Queue,c,https://www.youtube.com/watch?v=9s1mLvPf1z0,9s1mLvPf1z0
Queue,c,https://www.youtube.com/watch?v=EX04fDTnIuY,EX04fDTnIuY
Queue,c,https://www.youtube.com/watch?v=p-oNr0Z4PcM,p-oNr0Z4PcM
Queue,c,https://www.youtube.com/watch?v=41MZtmJAjuk,41MZtmJAjuk
Queue,c,https://www.youtube.com/watch?v=O3y6A7WLlao,O3y6A7WLlao
Queue,c,https://www.youtube.com/watch?v=FcIubL92gaI,FcIubL92gaI
Queue,c,https://www.youtube.com/watch?v=zp6pBNbUB2U,zp6pBNbUB2U
Queue,c,https://www.youtube.com/watch?v=rHQI4mrJ3cg,rHQI4mrJ3cg
Queue,c,https://www.youtube.com/watch?v=4MQwKvsGCms,4MQwKvsGCms
Queue,c,https://www.youtube.com/watch?v=juqhvOyMoeI,juqhvOyMoeI
Queue,c,https://www.youtube.com/watch?v=YoYXpU-MpcQ,YoYXpU-MpcQ
Queue,c,https://www.youtube.com/watch?v=9ufM5aY9wo0,9ufM5aY9wo0
Queue,c,https://www.youtube.com/watch?v=46Mz3YWDveY,46Mz3YWDveY
Queue,c,https://www.youtube.com/watch?v=1j2gWyY5CK4,1j2gWyY5CK4
Queue,c,https://www.youtube.com/watch?v=qCudjHAEFRo,qCudjHAEFRo
Queue,cpp,https://www.youtube.com/watch?v=Rv9gF2Snw-4,Rv9gF2Snw-4
Queue,cpp,https://www.youtube.com/watch?v=H2288e_kM8k,H2288e_kM8k
Queue,cpp,https://www.youtube.com/watch?v=V6X6yXvT9uI,V6X6yXvT9uI
Queue,cpp,https://www.youtube.com/watch?v=H7ebJyJixh8,H7ebJyJixh8
Queue,cpp,https://www.youtube.com/watch?v=ZLGcmhaoT9w,ZLGcmhaoT9w
Queue,cpp,https://www.youtube.com/watch?v=r-UU1xDy5xc,r-UU1xDy5xc
Queue,cpp,https://www.youtube.com/watch?v=YxMMG8BcZ-U,YxMMG8BcZ-U
Queue,cpp,https://www.youtube.com/watch?v=axDarbE1Hj4,axDarbE1Hj4
Queue,cpp,https://www.youtube.com/watch?v=LErRVpxu3gM,LErRVpxu3gM
Queue,cpp,https://www.youtube.com/watch?v=LIgrwkpbiMY,LIgrwkpbiMY
Queue,cpp,https://www.youtube.com/watch?v=ti5wCBfceY8,ti5wCBfceY8
Queue,cpp,https://www.youtube.com/watch?v=M73wcfBwX7Y,M73wcfBwX7Y
Queue,cpp,https://www.youtube.com/watch?v=XVNsrV2_dZo,XVNsrV2_dZo
Queue,cpp,https://www.youtube.com/watch?v=QUNVP6x8trs,QUNVP6x8trs
Queue,cpp,https://www.youtube.com/watch?v=-Wo2FF3H65g,-Wo2FF3H65g
Queue,cpp,https://www.youtube.com/watch?v=jaK4pn1jXTo,jaK4pn1jXTo
Queue,cpp,https://www.youtube.com/watch?v=rhLokD1d8wg,rhLokD1d8wg
Queue,cpp,https://www.youtube.com/watch?v=wqKdRQ9nWvs,wqKdRQ9nWvs
Queue,cpp,https://www.youtube.com/watch?v=ilccOpCl6Gs,ilccOpCl6Gs
Queue,cpp,https://www.youtube.com/watch?v=Y7wZO2tMjnY,Y7wZO2tMjnY
Queue,cpp,https://www.youtube.com/watch?v=TCmkquGrmDQ,TCmkquGrmDQ
Queue,cpp,https://www.youtube.com/watch?v=L_tPBnwiCVo,L_tPBnwiCVo
Heap,python,https://www.youtube.com/watch?v=on29BVKNc2E,on29BVKNc2E
Heap,python,https://www.youtube.com/watch?v=P-FTb1faxlo,P-FTb1faxlo
Heap,python,https://www.youtube.com/watch?v=49Rtqioh-y0,49Rtqioh-y0
Heap,python,https://www.youtube.com/watch?v=Vt8LFytg4Ls,Vt8LFytg4Ls
Heap,python,https://www.youtube.com/watch?v=3Z8QDJynDgo,3Z8QDJynDgo
Heap,python,https://www.youtube.com/watch?v=V1K7bYcAhXY,V1K7bYcAhXY
Heap,python,https://www.youtube.com/watch?v=nXp7lg2SVQo,nXp7lg2SVQo
Heap,python,https://www.youtube.com/watch?v=hkyzcLkmoBY,hkyzcLkmoBY
Heap,python,https://www.youtube.com/watch?v=B8nlglpSfRw,B8nlglpSfRw
Heap,python,https://www.youtube.com/watch?v=NCRIwhTThkk,NCRIwhTThkk
Heap,python,https://www.youtube.com/watch?v=CUuuBsNqMpw,CUuuBsNqMpw
Heap,python,https://www.youtube.com/watch?v=sRcXOFK7kBo,sRcXOFK7kBo
Heap,python,https://www.youtube.com/watch?v=GnKHVXv_rlQ,GnKHVXv_rlQ
Heap,python,https://www.youtube.com/watch?v=wGSQ486Y4sc,wGSQ486Y4sc
Heap,python,https://www.youtube.com/watch?v=58cYFs_W2_s,58cYFs_W2_s
Heap,python,https://www.youtube.com/watch?v=rrbZz23DWHI,rrbZz23DWHI
Heap,python,https://www.youtube.com/watch?v=lJQVTclVRgs,lJQVTclVRgs
Heap,python,https://www.youtube.com/watch?v=o_Uh30RfNqo,o_Uh30RfNqo
Heap,python,https://www.youtube.com/watch?v=pLIajuc31qk,pLIajuc31qk
Heap,python,https://www.youtube.com/watch?v=E2v9hBgG6gE,E2v9hBgG6gE
Heap,python,https://www.youtube.com/watch?v=XycnarZEBvQ,XycnarZEBvQ
Heap,python,https://www.youtube.com/watch?v=sff5OjHafbA,sff5OjHafbA
Heap,python,https://www.youtube.com/watch?v=HgykGry9k3Y,HgykGry9k3Y
Heap,python,https://www.youtube.com/watch?v=SKocCqn6aZU,SKocCqn6aZU
Heap,python,https://www.youtube.com/watch?v=5iBUTMWGtIQ,5iBUTMWGtIQ
Heap,python,https://www.youtube.com/watch?v=Fbs2iMUA1Ck,Fbs2iMUA1Ck
Heap,python,https://www.youtube.com/watch?v=lj005EgNOqk,lj005EgNOqk
Heap,python,https://www.youtube.com/watch?v=3zFJ4d1oDoM,3zFJ4d1oDoM
Heap,python,https://www.youtube.com/watch?v=uuot9ItgTEI,uuot9ItgTEI
Heap,python,https://www.youtube.com/watch?v=Eq0TFkdsL0c,Eq0TFkdsL0c
Heap,python,https://www.youtube.com/watch?v=KH8g1pM5ZCU,KH8g1pM5ZCU
Heap,java,https://www.youtube.com/watch?v=DsvyuEjtjF8,DsvyuEjtjF8
Heap,java,https://www.youtube.com/watch?v=624DWEXSehw,624DWEXSehw
Heap,java,https://www.youtube.com/watch?v=t2q5z4HHNfs,t2q5z4HHNfs
Heap,java,https://www.youtube.com/watch?v=2bp2ZSS3O0g,2bp2ZSS3O0g
Heap,java,https://www.youtube.com/watch?v=DyyFZZqbhgc,DyyFZZqbhgc
Heap,java,https://www.youtube.com/watch?v=SKIxk6K6434,SKIxk6K6434
Heap,java,https://www.youtube.com/watch?v=xKW4T0GhuVA,xKW4T0GhuVA
Heap,java,https://www.youtube.com/watch?v=KDSVy8faCFM,KDSVy8faCFM
Heap,java,https://www.youtube.com/watch?v=Luy2f_2yrgE,Luy2f_2yrgE
Heap,java,https://www.youtube.com/watch?v=Qf-TDPr0nYw,Qf-TDPr0nYw
Heap,java,https://www.youtube.com/watch?v=1ot_5p4eP_c,1ot_5p4eP_c
Heap,java,https://www.youtube.com/watch?v=cmMqD0nZA8E,cmMqD0nZA8E
Heap,java,https://www.youtube.com/watch?v=eFCn6udv3gQ,eFCn6udv3gQ
Heap,java,https://www.youtube.com/watch?v=i8X7cLJXsro,i8X7cLJXsro
Heap,java,https://www.youtube.com/watch?v=TEm9FaMwx0A,TEm9FaMwx0A
Heap,java,https://www.youtube.com/watch?v=sj6QqonekkY,sj6QqonekkY
Heap,java,https://www.youtube.com/watch?v=ws1gmer37Hc,ws1gmer37Hc
Heap,java,https://www.youtube.com/watch?v=LhhRbRXhB40,LhhRbRXhB40
Heap,java,https://www.youtube.com/watch?v=XN8coLadH34,XN8coLadH34
Heap,java,https://www.youtube.com/watch?v=xbnP5KFZzFc,xbnP5KFZzFc
Heap,java,https://www.youtube.com/watch?v=tyd2r6IvNd0,tyd2r6IvNd0
Heap,java,https://www.youtube.com/watch?v=LLqZ2vfkNVk,LLqZ2vfkNVk
Heap,java,https://www.youtube.com/watch?v=cnwQk4fnJ_w,cnwQk4fnJ_w
Heap,java,https://www.youtube.com/watch?v=HqPJF2L5h9U,HqPJF2L5h9U
Heap,java,https://www.youtube.com/watch?v=32rklOClFpo,32rklOClFpo
Heap,java,https://www.youtube.com/watch?v=KdLrvhxpTvs,KdLrvhxpTvs
Heap,java,https://www.youtube.com/watch?v=WAYPp8UN5eo,WAYPp8UN5eo
Heap,java,https://www.youtube.com/watch?v=dmXvrAz8knQ,dmXvrAz8knQ
Heap,java,https://www.youtube.com/watch?v=17yXfgj61jo,17yXfgj61jo
Heap,java,https://www.youtube.com/watch?v=FhKyMr3ycM4,FhKyMr3ycM4
Heap,java,https://www.youtube.com/watch?v=dPtqVlqW-lA,dPtqVlqW-lA
Heap,java,https://www.youtube.com/watch?v=WsNQuCa_-PU,WsNQuCa_-PU
Heap,java,https://www.youtube.com/watch?v=_FoifZHJyRM,_FoifZHJyRM
Heap,java,https://www.youtube.com/watch?v=EAFVWml46qs,EAFVWml46qs
Heap,java,https://www.youtube.com/watch?v=Rt4vEDmnTk0,Rt4vEDmnTk0
Heap,java,https://www.youtube.com/watch?v=YwDeSDF8Qz4,YwDeSDF8Qz4
Heap,java,https://www.youtube.com/watch?v=VEYSSANa-cw,VEYSSANa-cw
Heap,c,https://www.youtube.com/watch?v=sLNMffcxxXw,sLNMffcxxXw
Heap,c,https://www.youtube.com/watch?v=uySkLHY3wR8,uySkLHY3wR8
Heap,c,https://www.youtube.com/watch?v=dWLNI3upCag,dWLNI3upCag
Heap,c,https://www.youtube.com/watch?v=e-lWD2-8yyc,e-lWD2-8yyc
Heap,c,https://www.youtube.com/watch?v=M-OYa_TCBXY,M-OYa_TCBXY
Heap,c,https://www.youtube.com/watch?v=YWzlHQE1NrA,YWzlHQE1NrA
Heap,c,https://www.youtube.com/watch?v=koqrMAUVBQM,koqrMAUVBQM
Heap,c,https://www.youtube.com/watch?v=Buq071iqYAM,Buq071iqYAM
Heap,c,https://www.youtube.com/watch?v=kUgjTO2lBKg,kUgjTO2lBKg
Heap,c,https://www.youtube.com/watch?v=66cOLFisEE4,66cOLFisEE4
Heap,c,https://www.youtube.com/watch?v=gWppLYaCICM,gWppLYaCICM
Heap,c,https://www.youtube.com/watch?v=m5oGahPgFL0,m5oGahPgFL0
Heap,c,https://www.youtube.com/watch?v=Xa5j1SXZZvo,Xa5j1SXZZvo
Heap,c,https://www.youtube.com/watch?v=gHRPgT1EGRY,gHRPgT1EGRY
Heap,c,https://www.youtube.com/watch?v=kcGENCHENgY,kcGENCHENgY
Heap,c,https://www.youtube.com/watch?v=fVBMeUWCaDs,fVBMeUWCaDs
Heap,c,https://www.youtube.com/watch?v=gTM8pn_gKcc,gTM8pn_gKcc
Heap,c,https://www.youtube.com/watch?v=0S_QJWhwaRg,0S_QJWhwaRg
Heap,c,https://www.youtube.com/watch?v=4tEvzeUgQRI,4tEvzeUgQRI
Heap,c,https://www.youtube.com/watch?v=VFlBI2f_Kiw,VFlBI2f_Kiw
Heap,c,https://www.youtube.com/watch?v=h0kCwNr7iNw,h0kCwNr7iNw
Heap,c,https://www.youtube.com/watch?v=NEtwJASLU8Q,NEtwJASLU8Q
Heap,c,https://www.youtube.com/watch?v=FJIJrOVH_3M,FJIJrOVH_3M
Heap,c,https://www.youtube.com/watch?v=6jwj2WIRvTE,6jwj2WIRvTE
Heap,c,https://www.youtube.com/watch?v=069KRXT3B7g,069KRXT3B7g
Heap,c,https://www.youtube.com/watch?v=c1TpLRyQJ4w,c1TpLRyQJ4w
Heap,c,https://www.youtube.com/watch?v=Q_eia3jC9Ts,Q_eia3jC9Ts
Heap,c,https://www.youtube.com/watch?v=vVMuk9CsKz4,vVMuk9CsKz4
Heap,c,https://www.youtube.com/watch?v=XWEEmITavdc,XWEEmITavdc
Heap,c,https://www.youtube.com/watch?v=UTrr0B4ny9s,UTrr0B4ny9s
Heap,c,https://www.youtube.com/watch?v=5l3n3HFgljg,5l3n3HFgljg
Heap,c,https://www.youtube.com/watch?v=3cR8V8hzwQ4,3cR8V8hzwQ4
Heap,c,https://www.youtube.com/watch?v=AHyXBIxC63g,AHyXBIxC63g
Heap,c,https://www.youtube.com/watch?v=A9iBOFDfD8Q,A9iBOFDfD8Q
Heap,cpp,https://www.youtube.com/watch?v=R-beukjMOBw,R-beukjMOBw
Heap,cpp,https://www.youtube.com/watch?v=O-QyFUYvQiI,O-QyFUYvQiI
Heap,cpp,https://www.youtube.com/watch?v=fJORlbOGm9Y,fJORlbOGm9Y
Heap,cpp,https://www.youtube.com/watch?v=BtZIpzxjQf4,BtZIpzxjQf4
Heap,cpp,https://www.youtube.com/watch?v=LywyIkt9iRc,LywyIkt9iRc
Heap,cpp,https://www.youtube.com/watch?v=ydJYBye0kDo,ydJYBye0kDo
Heap,cpp,https://www.youtube.com/watch?v=NKJnHewiGdc,NKJnHewiGdc
Heap,cpp,https://www.youtube.com/watch?v=f6Tb7QF28vI,f6Tb7QF28vI
Heap,cpp,https://www.youtube.com/watch?v=1jweM-KOKms,1jweM-KOKms
Heap,cpp,https://www.youtube.com/watch?v=c3u12NDkrVM,c3u12NDkrVM
Heap,cpp,https://www.youtube.com/watch?v=WVNE9yvcRcI,WVNE9yvcRcI
Heap,cpp,https://www.youtube.com/watch?v=jnqPFZPOJ1U,jnqPFZPOJ1U
Heap,cpp,https://www.youtube.com/watch?v=q7ZM5nbM9wY,q7ZM5nbM9wY
Heap,cpp,https://www.youtube.com/watch?v=V76JTluGy-E,V76JTluGy-E
Heap,cpp,https://www.youtube.com/watch?v=sp8jZxCiTvE,sp8jZxCiTvE
Heap,cpp,https://www.youtube.com/watch?v=ilz-VZBz5Vg,ilz-VZBz5Vg
Heap,cpp,https://www.youtube.com/watch?v=ijfPvX2qYOQ,ijfPvX2qYOQ
Heap,cpp,https://www.youtube.com/watch?v=9IfRCVJ8H4E,9IfRCVJ8H4E
Heap,cpp,https://www.youtube.com/watch?v=XrY8z4e5HAk,XrY8z4e5HAk
Heap,cpp,https://www.youtube.com/watch?v=MZjkveTe1_M,MZjkveTe1_M
Heap,cpp,https://www.youtube.com/watch?v=IjPZc9zpn7Y,IjPZc9zpn7Y
Heap,cpp,https://www.youtube.com/watch?v=B3IC2pMf8U4,B3IC2pMf8U4
Backtracking,python,https://www.youtube.com/watch?v=HRwFgtiqHH0,HRwFgtiqHH0
Backtracking,python,https://www.youtube.com/watch?v=mJhlxdl09rA,mJhlxdl09rA
Backtracking,python,https://www.youtube.com/watch?v=MolDbkwapzU,MolDbkwapzU
Backtracking,python,https://www.youtube.com/watch?v=KNysNGNp5t4,KNysNGNp5t4
Backtracking,python,https://www.youtube.com/watch?v=g0SM5bhsdJU,g0SM5bhsdJU
Backtracking,python,https://www.youtube.com/watch?v=AQpFttykqPM,AQpFttykqPM
Backtracking,python,https://www.youtube.com/watch?v=fmBecqWrB-k,fmBecqWrB-k
Backtracking,python,https://www.youtube.com/watch?v=Tn_VjnTf6EQ,Tn_VjnTf6EQ
Backtracking,python,https://www.youtube.com/watch?v=eqUwSA0xI-s,eqUwSA0xI-s
Backtracking,python,https://www.youtube.com/watch?v=7TAmGm3aoqA,7TAmGm3aoqA
Backtracking,python,https://www.youtube.com/watch?v=JKyp_74pp1o,JKyp_74pp1o
Backtracking,python,https://www.youtube.com/watch?v=lK4N8E6uNr4,lK4N8E6uNr4
Backtracking,python,https://www.youtube.com/watch?v=JMMZ_Pjy_ms,JMMZ_Pjy_ms
Backtracking,python,https://www.youtube.com/watch?v=ZzD2z3NP8Cg,ZzD2z3NP8Cg
Backtracking,python,https://www.youtube.com/watch?v=L0NxT2i-LOY,L0NxT2i-LOY
Backtracking,python,https://www.youtube.com/watch?v=DKCbsiDBN6c,DKCbsiDBN6c
Backtracking,python,https://www.youtube.com/watch?v=Sx9NNgInc3A,Sx9NNgInc3A
Backtracking,python,https://www.youtube.com/watch?v=cRAbWk5hFII,cRAbWk5hFII
Backtracking,python,https://www.youtube.com/watch?v=HOvFyOJGKig,HOvFyOJGKig
Backtracking,python,https://www.youtube.com/watch?v=rctRBFE7wmg,rctRBFE7wmg
Backtracking,python,https://www.youtube.com/watch?v=51Zy1ULau1s,51Zy1ULau1s
Backtracking,python,https://www.youtube.com/watch?v=DMP2bqW6URA,DMP2bqW6URA
Backtracking,python,https://www.youtube.com/watch?v=u6MgvwO8m_8,u6MgvwO8m_8
Backtracking,python,https://www.youtube.com/watch?v=U2SozAs9RzA,U2SozAs9RzA
Backtracking,python,https://www.youtube.com/watch?v=7dLZ5nPHbkk,7dLZ5nPHbkk
Backtracking,python,https://www.youtube.com/watch?v=LoMnGkBfP08,LoMnGkBfP08
Backtracking,python,https://www.youtube.com/watch?v=teBdahPnzhA,teBdahPnzhA
Backtracking,python,https://www.youtube.com/watch?v=EjKVorA2EyU,EjKVorA2EyU
Backtracking,python,https://www.youtube.com/watch?v=UmffXktZ0n4,UmffXktZ0n4
Backtracking,python,https://www.youtube.com/watch?v=ht_Rfxgxjrs,ht_Rfxgxjrs
Backtracking,python,https://www.youtube.com/watch?v=QyuqLXPabk4,QyuqLXPabk4
Backtracking,python,https://www.youtube.com/watch?v=yY50kTdVFKM,yY50kTdVFKM
Backtracking,python,https://www.youtube.com/watch?v=27f7L8Esvg8,27f7L8Esvg8
Backtracking,python,https://www.youtube.com/watch?v=Hvgu1E4riLE,Hvgu1E4riLE
Backtracking,java,https://www.youtube.com/watch?v=xrAONvxY3L0,xrAONvxY3L0
Backtracking,java,https://www.youtube.com/watch?v=NFxdjUb46Lw,NFxdjUb46Lw
Backtracking,java,https://www.youtube.com/watch?v=UpK5qvhcl5I,UpK5qvhcl5I
Backtracking,java,https://www.youtube.com/watch?v=OU3F9GF68_M,OU3F9GF68_M
Backtracking,java,https://www.youtube.com/watch?v=CDLBg6wbhUQ,CDLBg6wbhUQ
Backtracking,java,https://www.youtube.com/watch?v=TndWiOHDFqk,TndWiOHDFqk
Backtracking,java,https://www.youtube.com/watch?v=CUI0c2fWXHU,CUI0c2fWXHU
Backtracking,java,https://www.youtube.com/watch?v=PAgvK1Oku6U,PAgvK1Oku6U
Backtracking,java,https://www.youtube.com/watch?v=bE1ut7k9Gms,bE1ut7k9Gms
Backtracking,java,https://www.youtube.com/watch?v=V8Hyeqc0afA,V8Hyeqc0afA
Backtracking,java,https://www.youtube.com/watch?v=zr5QJzOnVTw,zr5QJzOnVTw
Backtracking,java,https://www.youtube.com/watch?v=gBC_Fd8EE8A,gBC_Fd8EE8A
Backtracking,java,https://www.youtube.com/watch?v=Lnw2CRLWy5A,Lnw2CRLWy5A
Backtracking,java,https://www.youtube.com/watch?v=U_yIiQffOcI,U_yIiQffOcI
Backtracking,java,https://www.youtube.com/watch?v=qv_1Pstbm-w,qv_1Pstbm-w
Backtracking,java,https://www.youtube.com/watch?v=zg5v2rlV1tM,zg5v2rlV1tM
Backtracking,java,https://www.youtube.com/watch?v=vqnZ9RhhkmY,vqnZ9RhhkmY
Backtracking,java,https://www.youtube.com/watch?v=H232aocj7bQ,H232aocj7bQ
Backtracking,java,https://www.youtube.com/watch?v=mr4KWWYJsdQ,mr4KWWYJsdQ
Backtracking,java,https://www.youtube.com/watch?v=mZ8Qhv-6WtQ,mZ8Qhv-6WtQ
Backtracking,java,https://www.youtube.com/watch?v=bxc-XTT0q18,bxc-XTT0q18
Backtracking,java,https://www.youtube.com/watch?v=sz1qaKt0KGQ,sz1qaKt0KGQ
Backtracking,java,https://www.youtube.com/watch?v=35JK-scUhpw,35JK-scUhpw
Backtracking,java,https://www.youtube.com/watch?v=bX8F-svfZM0,bX8F-svfZM0
Backtracking,java,https://www.youtube.com/watch?v=Sx7_Dp8UrVA,Sx7_Dp8UrVA
Backtracking,java,https://www.youtube.com/watch?v=yV1d-b_NeK8,yV1d-b_NeK8
Backtracking,java,https://www.youtube.com/watch?v=Cl3A_9hokjU,Cl3A_9hokjU
Backtracking,java,https://www.youtube.com/watch?v=tWsYYeexyq8,tWsYYeexyq8
Backtracking,java,https://www.youtube.com/watch?v=MHXR4PCY8c0,MHXR4PCY8c0
Backtracking,c,https://www.youtube.com/watch?v=8vDDJm5EewM,8vDDJm5EewM
Backtracking,c,https://www.youtube.com/watch?v=1s6sRFlNtzc,1s6sRFlNtzc
Backtracking,c,https://www.youtube.com/watch?v=OL_6_u0qPFw,OL_6_u0qPFw
Backtracking,c,https://www.youtube.com/watch?v=aohtIoYSY6U,aohtIoYSY6U
Backtracking,c,https://www.youtube.com/watch?v=qyKLch7JQOM,qyKLch7JQOM
Backtracking,c,https://www.youtube.com/watch?v=nyy9uZhA60Y,nyy9uZhA60Y
Backtracking,c,https://www.youtube.com/watch?v=RR_774cLDBc,RR_774cLDBc
Backtracking,c,https://www.youtube.com/watch?v=pYjANzQofmQ,pYjANzQofmQ
Backtracking,c,https://www.youtube.com/watch?v=SlMuQqGAEhY,SlMuQqGAEhY
Backtracking,c,https://www.youtube.com/watch?v=lmr8ICvDDRU,lmr8ICvDDRU
Backtracking,c,https://www.youtube.com/watch?v=unlTisg6-6Q,unlTisg6-6Q
Backtracking,c,https://www.youtube.com/watch?v=RnlHPR0lyOE,RnlHPR0lyOE
Backtracking,c,https://www.youtube.com/watch?v=_et0UKwhozU,_et0UKwhozU
Backtracking,c,https://www.youtube.com/watch?v=NY_rh7MlnmA,NY_rh7MlnmA
Backtracking,c,https://www.youtube.com/watch?v=14Jb7aycv3c,14Jb7aycv3c
Backtracking,c,https://www.youtube.com/watch?v=swz8sRHAzYU,swz8sRHAzYU
Backtracking,c,https://www.youtube.com/watch?v=4xufJqcQRIY,4xufJqcQRIY
Backtracking,c,https://www.youtube.com/watch?v=dO1gu87iAys,dO1gu87iAys
Backtracking,c,https://www.youtube.com/watch?v=sjpePPW_P7c,sjpePPW_P7c
Backtracking,c,https://www.youtube.com/watch?v=vYMTd25R3pY,vYMTd25R3pY
Backtracking,c,https://www.youtube.com/watch?v=L0IlNhUtXU4,L0IlNhUtXU4
Backtracking,c,https://www.youtube.com/watch?v=KKHyKdPB6PQ,KKHyKdPB6PQ
Backtracking,c,https://www.youtube.com/watch?v=FJkT_dRjX94,FJkT_dRjX94
Backtracking,c,https://www.youtube.com/watch?v=Nxl_JhPMK3k,Nxl_JhPMK3k
Backtracking,c,https://www.youtube.com/watch?v=--v3RcDEsmw,--v3RcDEsmw
Backtracking,c,https://www.youtube.com/watch?v=zwtYibgnZBY,zwtYibgnZBY
Backtracking,c,https://www.youtube.com/watch?v=mPHvgpckK74,mPHvgpckK74
Backtracking,cpp,https://www.youtube.com/watch?v=l5xHO0uSJIU,l5xHO0uSJIU
Backtracking,cpp,https://www.youtube.com/watch?v=5xR5pf3-0nY,5xR5pf3-0nY
Backtracking,cpp,https://www.youtube.com/watch?v=UqCZda8DLGc,UqCZda8DLGc
Backtracking,cpp,https://www.youtube.com/watch?v=h-KxxbB2uPA,h-KxxbB2uPA
Backtracking,cpp,https://www.youtube.com/watch?v=OYqOxw2-30c,OYqOxw2-30c
Backtracking,cpp,https://www.youtube.com/watch?v=sE2V30K2BmI,sE2V30K2BmI
Backtracking,cpp,https://www.youtube.com/watch?v=Bclxkj-1CvE,Bclxkj-1CvE
Backtracking,cpp,https://www.youtube.com/watch?v=fFy7w3UpzNs,fFy7w3UpzNs
Backtracking,cpp,https://www.youtube.com/watch?v=QKkZ8qr19LY,QKkZ8qr19LY
Backtracking,cpp,https://www.youtube.com/watch?v=zkcDlGOTuiA,zkcDlGOTuiA
Backtracking,cpp,https://www.youtube.com/watch?v=ATCogNFSw-4,ATCogNFSw-4
Backtracking,cpp,https://www.youtube.com/watch?v=4BBB0mvvbGA,4BBB0mvvbGA
Backtracking,cpp,https://www.youtube.com/watch?v=VPVtlODPdPY,VPVtlODPdPY
Backtracking,cpp,https://www.youtube.com/watch?v=xt7IFXFoGe0,xt7IFXFoGe0
Backtracking,cpp,https://www.youtube.com/watch?v=DPhq-gWtWOA,DPhq-gWtWOA
Backtracking,cpp,https://www.youtube.com/watch?v=xIpKiLYN49U,xIpKiLYN49U
Backtracking,cpp,https://www.youtube.com/watch?v=yTwvZjri-RM,yTwvZjri-RM
Backtracking,cpp,https://www.youtube.com/watch?v=BYWf6-tpQ4k,BYWf6-tpQ4k
Backtracking,cpp,https://www.youtube.com/watch?v=klDO1F6dbF8,klDO1F6dbF8
Backtracking,cpp,https://www.youtube.com/watch?v=qu7hZTFPR14,qu7hZTFPR14
Backtracking,cpp,https://www.youtube.com/watch?v=BPbWiQHnRoc,BPbWiQHnRoc
Backtracking,cpp,https://www.youtube.com/watch?v=bcbMWG3Dw2o,bcbMWG3Dw2o
Backtracking,cpp,https://www.youtube.com/watch?v=AbUoq0LpW34,AbUoq0LpW34
Backtracking,cpp,https://www.youtube.com/watch?v=_40kBkXyWCc,_40kBkXyWCc
Backtracking,cpp,https://www.youtube.com/watch?v=zkCpOmNM-RQ,zkCpOmNM-RQ
Backtracking,cpp,https://www.youtube.com/watch?v=3RBNPc0_Q6g,3RBNPc0_Q6g
Backtracking,cpp,https://www.youtube.com/watch?v=w_p7kDPRTCQ,w_p7kDPRTCQ
Backtracking,cpp,https://www.youtube.com/watch?v=dr5I1-nuhTo,dr5I1-nuhTo
Backtracking,cpp,https://www.youtube.com/watch?v=WJydZSE8Xg4,WJydZSE8Xg4
Backtracking,cpp,https://www.youtube.com/watch?v=BlErrOOLcuY,BlErrOOLcuY
Backtracking,cpp,https://www.youtube.com/watch?v=nzvrCWsmgyE,nzvrCWsmgyE
Bitmask,python,https://www.youtube.com/watch?v=joWpJtxt-Is,joWpJtxt-Is
Bitmask,python,https://www.youtube.com/watch?v=xFWgZ5DTjFo,xFWgZ5DTjFo
Bitmask,python,https://www.youtube.com/watch?v=gSLf6lMi7kw,gSLf6lMi7kw
Bitmask,python,https://www.youtube.com/watch?v=rlTkd4yOQpE,rlTkd4yOQpE
Bitmask,python,https://www.youtube.com/watch?v=ffPOA7UUDAs,ffPOA7UUDAs
Bitmask,python,https://www.youtube.com/watch?v=OFQAEBowlss,OFQAEBowlss
Bitmask,python,https://www.youtube.com/watch?v=FmY-PjukO8I,FmY-PjukO8I
Bitmask,python,https://www.youtube.com/watch?v=Q2lqDMNjgac,Q2lqDMNjgac
Bitmask,python,https://www.youtube.com/watch?v=yQ20jZwDjTE,yQ20jZwDjTE
Bitmask,python,https://www.youtube.com/watch?v=RchkIRwKqHM,RchkIRwKqHM
Bitmask,python,https://www.youtube.com/watch?v=oE5njz9HQFU,oE5njz9HQFU
Bitmask,python,https://www.youtube.com/watch?v=BjkoybfgL1g,BjkoybfgL1g
Bitmask,python,https://www.youtube.com/watch?v=QXaW5lj7Rs0,QXaW5lj7Rs0
Bitmask,python,https://www.youtube.com/watch?v=XcSr6TIMl7w,XcSr6TIMl7w
Bitmask,python,https://www.youtube.com/watch?v=CZ1v-yZsZ-c,CZ1v-yZsZ-c
Bitmask,python,https://www.youtube.com/watch?v=2wx0eEaJ8xo,2wx0eEaJ8xo
Bitmask,python,https://www.youtube.com/watch?v=H2yaBzB5LtM,H2yaBzB5LtM
Bitmask,python,https://www.youtube.com/watch?v=FDa7apwsbrY,FDa7apwsbrY
Bitmask,python,https://www.youtube.com/watch?v=hyspIr4q0Kg,hyspIr4q0Kg
Bitmask,python,https://www.youtube.com/watch?v=Ew2QnDeTCCE,Ew2QnDeTCCE
Bitmask,python,https://www.youtube.com/watch?v=_cAQ5nvbRlE,_cAQ5nvbRlE
Bitmask,python,https://www.youtube.com/watch?v=h7meukyY_bQ,h7meukyY_bQ
Bitmask,python,https://www.youtube.com/watch?v=iB-samhGHCw,iB-samhGHCw
Bitmask,python,https://www.youtube.com/watch?v=kIzhNtVQ4yw,kIzhNtVQ4yw
Bitmask,python,https://www.youtube.com/watch?v=G8SI2Jrqeww,G8SI2Jrqeww
Bitmask,python,https://www.youtube.com/watch?v=PAJhiGAJRME,PAJhiGAJRME
Bitmask,python,https://www.youtube.com/watch?v=j3uBrSTy6yY,j3uBrSTy6yY
Bitmask,python,https://www.youtube.com/watch?v=UPVoGMZWQMU,UPVoGMZWQMU
Bitmask,python,https://www.youtube.com/watch?v=5J4rWJHwLSE,5J4rWJHwLSE
Bitmask,java,https://www.youtube.com/watch?v=wht0z6vN6IE,wht0z6vN6IE
Bitmask,java,https://www.youtube.com/watch?v=NzUBcR6mMz8,NzUBcR6mMz8
Bitmask,java,https://www.youtube.com/watch?v=oyPZ7Zqf26s,oyPZ7Zqf26s
Bitmask,java,https://www.youtube.com/watch?v=3J_UlbwUfc0,3J_UlbwUfc0
Bitmask,java,https://www.youtube.com/watch?v=QyvHiga33_4,QyvHiga33_4
Bitmask,java,https://www.youtube.com/watch?v=mqCdA8mcJeo,mqCdA8mcJeo
Bitmask,java,https://www.youtube.com/watch?v=rZ5Z83IhsWg,rZ5Z83IhsWg
Bitmask,java,https://www.youtube.com/watch?v=3gOqx-ty-C8,3gOqx-ty-C8
Bitmask,java,https://www.youtube.com/watch?v=v4XosebkhZA,v4XosebkhZA
Bitmask,java,https://www.youtube.com/watch?v=6sEFap7hIl4,6sEFap7hIl4
Bitmask,java,https://www.youtube.com/watch?v=2iuktVuRRYY,2iuktVuRRYY
Bitmask,java,https://www.youtube.com/watch?v=lPLhmuWMRag,lPLhmuWMRag
Bitmask,java,https://www.youtube.com/watch?v=qq64FrA2UXQ,qq64FrA2UXQ
Bitmask,java,https://www.youtube.com/watch?v=FciZr47251o,FciZr47251o
Bitmask,c,https://www.youtube.com/watch?v=yHBYeguDR0A,yHBYeguDR0A
Bitmask,c,https://www.youtube.com/watch?v=tNwKhjn6nto,tNwKhjn6nto
Bitmask,c,https://www.youtube.com/watch?v=v7sr-1Zbh6k,v7sr-1Zbh6k
Bitmask,c,https://www.youtube.com/watch?v=_HzIHU71dU8,_HzIHU71dU8
Bitmask,c,https://www.youtube.com/watch?v=Fzd5MEjXOLE,Fzd5MEjXOLE
Bitmask,c,https://www.youtube.com/watch?v=7ZaxEB3A2kg,7ZaxEB3A2kg
Bitmask,c,https://www.youtube.com/watch?v=KevgB75oxi4,KevgB75oxi4
Bitmask,c,https://www.youtube.com/watch?v=ybW5TEbHOdc,ybW5TEbHOdc
Bitmask,c,https://www.youtube.com/watch?v=G7wb5hiwtdU,G7wb5hiwtdU
Bitmask,c,https://www.youtube.com/watch?v=bAm8HciPvQQ,bAm8HciPvQQ
Bitmask,c,https://www.youtube.com/watch?v=avot35M_ETM,avot35M_ETM
Bitmask,c,https://www.youtube.com/watch?v=h4YXQxKcpwI,h4YXQxKcpwI
Bitmask,c,https://www.youtube.com/watch?v=W1RusylOKPA,W1RusylOKPA
Bitmask,c,https://www.youtube.com/watch?v=lLEKEe1dc7g,lLEKEe1dc7g
Bitmask,c,https://www.youtube.com/watch?v=nfEJsB0e9wo,nfEJsB0e9wo
Bitmask,c,https://www.youtube.com/watch?v=QLl_LGIDWLw,QLl_LGIDWLw
Bitmask,c,https://www.youtube.com/watch?v=U6Eo_EcNDic,U6Eo_EcNDic
Bitmask,c,https://www.youtube.com/watch?v=QvetVjJqCu0,QvetVjJqCu0
Bitmask,c,https://www.youtube.com/watch?v=lx96AMN80Xc,lx96AMN80Xc
Bitmask,c,https://www.youtube.com/watch?v=de751ryn8zI,de751ryn8zI
Bitmask,c,https://www.youtube.com/watch?v=gZLhh9uJNAs,gZLhh9uJNAs
Bitmask,c,https://www.youtube.com/watch?v=7LhsxYNAXvw,7LhsxYNAXvw
Bitmask,c,https://www.youtube.com/watch?v=evWmL-Qb05c,evWmL-Qb05c
Bitmask,c,https://www.youtube.com/watch?v=Pqbdgo1RjUo,Pqbdgo1RjUo
Bitmask,c,https://www.youtube.com/watch?v=c3sRgaH2zGA,c3sRgaH2zGA
Bitmask,c,https://www.youtube.com/watch?v=YhlWC5c4CH4,YhlWC5c4CH4
Bitmask,c,https://www.youtube.com/watch?v=7xu2VF07_cc,7xu2VF07_cc
Bitmask,c,https://www.youtube.com/watch?v=lUzQtTLCglk,lUzQtTLCglk
Bitmask,c,https://www.youtube.com/watch?v=refdxHi_7v0,refdxHi_7v0
Bitmask,c,https://www.youtube.com/watch?v=hinY4Uz8UXM,hinY4Uz8UXM
Bitmask,c,https://www.youtube.com/watch?v=a8ceTt-yFYo,a8ceTt-yFYo
Bitmask,cpp,https://www.youtube.com/watch?v=t3B2lyhMIp8,t3B2lyhMIp8
Bitmask,cpp,https://www.youtube.com/watch?v=V_taqJlZeeE,V_taqJlZeeE
Bitmask,cpp,https://www.youtube.com/watch?v=8P6RXhBp_sM,8P6RXhBp_sM
Bitmask,cpp,https://www.youtube.com/watch?v=C86W6UthI88,C86W6UthI88
Bitmask,cpp,https://www.youtube.com/watch?v=AXSGZDVDtdc,AXSGZDVDtdc
Bitmask,cpp,https://www.youtube.com/watch?v=lalbsju4D8k,lalbsju4D8k
Bitmask,cpp,https://www.youtube.com/watch?v=Z3RfT93-vlI,Z3RfT93-vlI
Bitmask,cpp,https://www.youtube.com/watch?v=3VkHOFR3LZ0,3VkHOFR3LZ0
Bitmask,cpp,https://www.youtube.com/watch?v=CO7d00A2Ee0,CO7d00A2Ee0
Bitmask,cpp,https://www.youtube.com/watch?v=jqJ5s077OKo,jqJ5s077OKo
Bitmask,cpp,https://www.youtube.com/watch?v=4n8ULnfIY9c,4n8ULnfIY9c
Bitmask,cpp,https://www.youtube.com/watch?v=G0tV-K8-8l0,G0tV-K8-8l0
Bitmask,cpp,https://www.youtube.com/watch?v=05DYKZMhhQs,05DYKZMhhQs
Bitmask,cpp,https://www.youtube.com/watch?v=nWixrbl07JA,nWixrbl07JA
Bitmask,cpp,https://www.youtube.com/watch?v=KXwRt7og0gI,KXwRt7og0gI
Math,python,https://www.youtube.com/watch?v=kNUmrq0kvRI,kNUmrq0kvRI
Math,python,https://www.youtube.com/watch?v=fujuhu60QT4,fujuhu60QT4
Math,python,https://www.youtube.com/watch?v=jGV_jQwjrZA,jGV_jQwjrZA
Math,python,https://www.youtube.com/watch?v=x_2zV6CH7vM,x_2zV6CH7vM
Math,python,https://www.youtube.com/watch?v=hwQNTFZeJAI,hwQNTFZeJAI
Math,python,https://www.youtube.com/watch?v=eZorLFazYW8,eZorLFazYW8
Math,python,https://www.youtube.com/watch?v=mIGgK5pgEGA,mIGgK5pgEGA
Math,python,https://www.youtube.com/watch?v=2sW6O3PEjHg,2sW6O3PEjHg
Math,python,https://www.youtube.com/watch?v=6iCspKiNzzI,6iCspKiNzzI
Math,python,https://www.youtube.com/watch?v=3vxKgHTmXF0,3vxKgHTmXF0
Math,python,https://www.youtube.com/watch?v=O2UdEHB3HYQ,O2UdEHB3HYQ
Math,python,https://www.youtube.com/watch?v=AuGWrznM9LY,AuGWrznM9LY
Math,python,https://www.youtube.com/watch?v=q0VG8ecw7u4,q0VG8ecw7u4
Math,python,https://www.youtube.com/watch?v=AWsB5-SkJXs,AWsB5-SkJXs
Math,python,https://www.youtube.com/watch?v=UqMGAJeUn9k,UqMGAJeUn9k
Math,python,https://www.youtube.com/watch?v=9AOPzeQsxLQ,9AOPzeQsxLQ
Math,python,https://www.youtube.com/watch?v=0QvZfopc5qA,0QvZfopc5qA
Math,python,https://www.youtube.com/watch?v=mDIe33k-Oi0,mDIe33k-Oi0
Math,python,https://www.youtube.com/watch?v=xdMor6957E0,xdMor6957E0
Math,python,https://www.youtube.com/watch?v=7-QX5tNshxE,7-QX5tNshxE
Math,python,https://www.youtube.com/watch?v=q3ft5XD1chA,q3ft5XD1chA
Math,python,https://www.youtube.com/watch?v=YEvbL6Xcdck,YEvbL6Xcdck
Math,python,https://www.youtube.com/watch?v=u9mP3uJClbQ,u9mP3uJClbQ
Math,python,https://www.youtube.com/watch?v=JTW43OZFsZU,JTW43OZFsZU
Math,python,https://www.youtube.com/watch?v=BvgPM9-krOY,BvgPM9-krOY
Math,python,https://www.youtube.com/watch?v=zwfqtqBPg68,zwfqtqBPg68
Math,python,https://www.youtube.com/watch?v=g91ZGVyWC9A,g91ZGVyWC9A
Math,python,https://www.youtube.com/watch?v=3vFooETQfvE,3vFooETQfvE
Math,python,https://www.youtube.com/watch?v=XM0CtrJYM2A,XM0CtrJYM2A
Math,python,https://www.youtube.com/watch?v=gktjNyV0xks,gktjNyV0xks
Math,python,https://www.youtube.com/watch?v=tfXIlI-5n8k,tfXIlI-5n8k
Math,python,https://www.youtube.com/watch?v=Rek-LtGmiWM,Rek-LtGmiWM
Math,python,https://www.youtube.com/watch?v=jc7TBgMS_kw,jc7TBgMS_kw
Math,python,https://www.youtube.com/watch?v=U_BTx16Lh0I,U_BTx16Lh0I
Math,python,https://www.youtube.com/watch?v=dFIutdyjhKg,dFIutdyjhKg
Math,python,https://www.youtube.com/watch?v=nfh--caoZBE,nfh--caoZBE
Math,python,https://www.youtube.com/watch?v=3KjD1q6yjhE,3KjD1q6yjhE
Math,python,https://www.youtube.com/watch?v=D48iCw3WWpI,D48iCw3WWpI
Math,python,https://www.youtube.com/watch?v=G9KM-5gcNiw,G9KM-5gcNiw
Math,python,https://www.youtube.com/watch?v=34mKnQ4fqHQ,34mKnQ4fqHQ
Math,python,https://www.youtube.com/watch?v=HR59jIi5tFE,HR59jIi5tFE
Math,python,https://www.youtube.com/watch?v=ql_TvsW0kGo,ql_TvsW0kGo
Math,python,https://www.youtube.com/watch?v=uial-2girHQ,uial-2girHQ
Math,python,https://www.youtube.com/watch?v=ev3CPFYOKcc,ev3CPFYOKcc
Math,python,https://www.youtube.com/watch?v=dACCvVqcfYY,dACCvVqcfYY
Math,python,https://www.youtube.com/watch?v=bzpdXuRbjUY,bzpdXuRbjUY
Math,python,https://www.youtube.com/watch?v=szsD2gOHJ0Y,szsD2gOHJ0Y
Math,python,https://www.youtube.com/watch?v=R8DHOSXJOp0,R8DHOSXJOp0
Math,python,https://www.youtube.com/watch?v=6XWVe8BkirA,6XWVe8BkirA
Math,python,https://www.youtube.com/watch?v=7KpC9YN_rvQ,7KpC9YN_rvQ
Math,python,https://www.youtube.com/watch?v=ZdIoSXT-nd8,ZdIoSXT-nd8
Math,python,https://www.youtube.com/watch?v=ido8AcGAjBc,ido8AcGAjBc
Math,python,https://www.youtube.com/watch?v=dMF0MFfopDA,dMF0MFfopDA
Math,python,https://www.youtube.com/watch?v=3LZiZKgVjaU,3LZiZKgVjaU
Math,python,https://www.youtube.com/watch?v=sh22D_qSlYY,sh22D_qSlYY
Math,python,https://www.youtube.com/watch?v=qyIrNk2ViB4,qyIrNk2ViB4
Math,python,https://www.youtube.com/watch?v=6oHjoxnIpI4,6oHjoxnIpI4
Math,python,https://www.youtube.com/watch?v=wl_QAcwM1Ls,wl_QAcwM1Ls
Math,python,https://www.youtube.com/watch?v=7QQeRBbUsKY,7QQeRBbUsKY
Math,java,https://www.youtube.com/watch?v=jZC0HLRUPr0,jZC0HLRUPr0
Math,java,https://www.youtube.com/watch?v=cx8anv_W_-0,cx8anv_W_-0
Math,java,https://www.youtube.com/watch?v=XmufHjSDwjA,XmufHjSDwjA
Math,java,https://www.youtube.com/watch?v=ExytF1YI3EM,ExytF1YI3EM
Math,java,https://www.youtube.com/watch?v=4_WLS9Lj6n4,4_WLS9Lj6n4
Math,java,https://www.youtube.com/watch?v=meKRO8w6KT8,meKRO8w6KT8
Math,java,https://www.youtube.com/watch?v=DwNEyAKmUoE,DwNEyAKmUoE
Math,java,https://www.youtube.com/watch?v=iDB2_JROkh8,iDB2_JROkh8
Math,java,https://www.youtube.com/watch?v=rovLrRZOC3Y,rovLrRZOC3Y
Math,java,https://www.youtube.com/watch?v=eZQdoB6SRaY,eZQdoB6SRaY
Math,java,https://www.youtube.com/watch?v=eB5bMcXxg8o,eB5bMcXxg8o
Math,java,https://www.youtube.com/watch?v=eHEj8SQDJKA,eHEj8SQDJKA
Math,java,https://www.youtube.com/watch?v=1YDBHTM-e_I,1YDBHTM-e_I
Math,java,https://www.youtube.com/watch?v=U1zPQvFrQ50,U1zPQvFrQ50
Math,java,https://www.youtube.com/watch?v=-HtsNI3Jd2A,-HtsNI3Jd2A
Math,java,https://www.youtube.com/watch?v=a3toE5bgwFo,a3toE5bgwFo
Math,java,https://www.youtube.com/watch?v=OOsoqWPuI04,OOsoqWPuI04
Math,java,https://www.youtube.com/watch?v=C3aWV0cTfpY,C3aWV0cTfpY
Math,java,https://www.youtube.com/watch?v=tTK9LRMHkn0,tTK9LRMHkn0
Math,java,https://www.youtube.com/watch?v=hOHyx4ttb5I,hOHyx4ttb5I
Math,java,https://www.youtube.com/watch?v=lkfgf-kmDEs,lkfgf-kmDEs
Math,java,https://www.youtube.com/watch?v=mEcxbJ-1KhA,mEcxbJ-1KhA
Math,java,https://www.youtube.com/watch?v=Ci_spVfbc7A,Ci_spVfbc7A
Math,java,https://www.youtube.com/watch?v=Z5ZrfDDrOU0,Z5ZrfDDrOU0
Math,java,https://www.youtube.com/watch?v=FAkgwG63mpg,FAkgwG63mpg
Math,java,https://www.youtube.com/watch?v=n6rkWlOsKGs,n6rkWlOsKGs
Math,java,https://www.youtube.com/watch?v=62A1sVuxSsk,62A1sVuxSsk
Math,java,https://www.youtube.com/watch?v=y2xlFGN9VtE,y2xlFGN9VtE
Math,java,https://www.youtube.com/watch?v=AoToo5l2mME,AoToo5l2mME
Math,java,https://www.youtube.com/watch?v=XZ2nJWC2l84,XZ2nJWC2l84
Math,java,https://www.youtube.com/watch?v=6BFURIAvJm4,6BFURIAvJm4
Math,java,https://www.youtube.com/watch?v=uaFGZg-hGos,uaFGZg-hGos
Math,java,https://www.youtube.com/watch?v=gNCMBlAAEdc,gNCMBlAAEdc
Math,java,https://www.youtube.com/watch?v=FpV0Zc3yreE,FpV0Zc3yreE
Math,java,https://www.youtube.com/watch?v=JA55JVxD8-w,JA55JVxD8-w
Math,java,https://www.youtube.com/watch?v=8jbCqEFBOlE,8jbCqEFBOlE
Math,java,https://www.youtube.com/watch?v=x19SmqQbhWk,x19SmqQbhWk
Math,java,https://www.youtube.com/watch?v=0nRnsHgd6_Q,0nRnsHgd6_Q
Math,java,https://www.youtube.com/watch?v=eCQ0NSOT_5g,eCQ0NSOT_5g
Math,java,https://www.youtube.com/watch?v=A8Q5TqTW5MQ,A8Q5TqTW5MQ
Math,java,https://www.youtube.com/watch?v=f7kucyBboVA,f7kucyBboVA
Math,java,https://www.youtube.com/watch?v=KQhPCyIDS_s,KQhPCyIDS_s
Math,java,https://www.youtube.com/watch?v=4lvfRLab6_4,4lvfRLab6_4
Math,java,https://www.youtube.com/watch?v=vftmHwRVQW4,vftmHwRVQW4
Math,java,https://www.youtube.com/watch?v=hUMgOAyVu5E,hUMgOAyVu5E
Math,java,https://www.youtube.com/watch?v=lscOTEPc5xg,lscOTEPc5xg
Math,java,https://www.youtube.com/watch?v=MCvg0fRAxwE,MCvg0fRAxwE
Math,c,https://www.youtube.com/watch?v=UggfPSyXe_0,UggfPSyXe_0
Math,c,https://www.youtube.com/watch?v=rTrCVt-DQ8g,rTrCVt-DQ8g
Math,c,https://www.youtube.com/watch?v=hkRdkYoNY1A,hkRdkYoNY1A
Math,c,https://www.youtube.com/watch?v=6LBjvH39WNo,6LBjvH39WNo
Math,c,https://www.youtube.com/watch?v=60TI9Ore8v0,60TI9Ore8v0
Math,c,https://www.youtube.com/watch?v=O__ero3jNcs,O__ero3jNcs
Math,c,https://www.youtube.com/watch?v=oQdR8m33NDE,oQdR8m33NDE
Math,c,https://www.youtube.com/watch?v=rN6z9-ARJiA,rN6z9-ARJiA
Math,c,https://www.youtube.com/watch?v=Y2g4Xud7TRA,Y2g4Xud7TRA
Math,c,https://www.youtube.com/watch?v=MEMemQFe0B4,MEMemQFe0B4
Math,c,https://www.youtube.com/watch?v=N0wOOrWL9PQ,N0wOOrWL9PQ
Math,c,https://www.youtube.com/watch?v=4FinAx4TnTw,4FinAx4TnTw
Math,c,https://www.youtube.com/watch?v=8FK1AI4j1y0,8FK1AI4j1y0
Math,c,https://www.youtube.com/watch?v=yCB2zzDCQUU,yCB2zzDCQUU
Math,c,https://www.youtube.com/watch?v=mr0SjGKccyc,mr0SjGKccyc
Math,c,https://www.youtube.com/watch?v=PS_9w8TEZ6U,PS_9w8TEZ6U
Math,c,https://www.youtube.com/watch?v=aP3R9Ao9Jmw,aP3R9Ao9Jmw
Math,c,https://www.youtube.com/watch?v=B_HUYHxgklM,B_HUYHxgklM
Math,c,https://www.youtube.com/watch?v=NWr9Gx_O_js,NWr9Gx_O_js
Math,c,https://www.youtube.com/watch?v=n8sHfFml7KI,n8sHfFml7KI
Math,c,https://www.youtube.com/watch?v=ydoudoirPS8,ydoudoirPS8
Math,c,https://www.youtube.com/watch?v=zSCuOoBLCOE,zSCuOoBLCOE
Math,c,https://www.youtube.com/watch?v=m46UywWh8Xw,m46UywWh8Xw
Math,c,https://www.youtube.com/watch?v=rJSypQh9wxQ,rJSypQh9wxQ
Math,c,https://www.youtube.com/watch?v=RF04L7KAmKA,RF04L7KAmKA
Math,c,https://www.youtube.com/watch?v=UHvTzvL23Mk,UHvTzvL23Mk
Math,c,https://www.youtube.com/watch?v=5acNWS1r_po,5acNWS1r_po
Math,c,https://www.youtube.com/watch?v=zlmkTbrAV44,zlmkTbrAV44
Math,c,https://www.youtube.com/watch?v=rK6DFzXmz14,rK6DFzXmz14
Math,c,https://www.youtube.com/watch?v=pMj1nPnbFLE,pMj1nPnbFLE
Math,c,https://www.youtube.com/watch?v=tVITRC7EOb0,tVITRC7EOb0
Math,c,https://www.youtube.com/watch?v=hxo6tiy7Wlo,hxo6tiy7Wlo
Math,c,https://www.youtube.com/watch?v=b-Irzbkw8Ok,b-Irzbkw8Ok
Math,c,https://www.youtube.com/watch?v=L7vb9VeLAzc,L7vb9VeLAzc
Math,c,https://www.youtube.com/watch?v=hbT4LCGCCmU,hbT4LCGCCmU
Math,c,https://www.youtube.com/watch?v=69jsFIMINpI,69jsFIMINpI
Math,c,https://www.youtube.com/watch?v=x0kXoKyI95I,x0kXoKyI95I
Math,c,https://www.youtube.com/watch?v=PyiT-WklkR0,PyiT-WklkR0
Math,c,https://www.youtube.com/watch?v=fJ02RdjS_mg,fJ02RdjS_mg
Math,c,https://www.youtube.com/watch?v=HXjPFe4UL1A,HXjPFe4UL1A
Math,c,https://www.youtube.com/watch?v=jLcpe6gSCas,jLcpe6gSCas
Math,c,https://www.youtube.com/watch?v=LtgT1cuUkP8,LtgT1cuUkP8
Math,c,https://www.youtube.com/watch?v=wJDKqEYq7SY,wJDKqEYq7SY
Math,c,https://www.youtube.com/watch?v=VtQ9BI0tCxo,VtQ9BI0tCxo
Math,c,https://www.youtube.com/watch?v=NEGxh_D7yKU,NEGxh_D7yKU
Math,c,https://www.youtube.com/watch?v=y1QI6V5jDCA,y1QI6V5jDCA
Math,c,https://www.youtube.com/watch?v=887TH7Tz2Nc,887TH7Tz2Nc
Math,cpp,https://www.youtube.com/watch?v=C-LGX_3Lddk,C-LGX_3Lddk
Math,cpp,https://www.youtube.com/watch?v=w0nCR9pFd38,w0nCR9pFd38
Math,cpp,https://www.youtube.com/watch?v=KZt-SBae6w4,KZt-SBae6w4
Math,cpp,https://www.youtube.com/watch?v=OlpNg81Csn0,OlpNg81Csn0
Math,cpp,https://www.youtube.com/watch?v=8sXY1MQWU-o,8sXY1MQWU-o
Math,cpp,https://www.youtube.com/watch?v=qoLi5-OLH_o,qoLi5-OLH_o
Math,cpp,https://www.youtube.com/watch?v=V6a3MPrv0dM,V6a3MPrv0dM
Math,cpp,https://www.youtube.com/watch?v=EQR8pkUiGKQ,EQR8pkUiGKQ
Math,cpp,https://www.youtube.com/watch?v=NN5-hNaQt04,NN5-hNaQt04
Math,cpp,https://www.youtube.com/watch?v=levofBcCLpo,levofBcCLpo
Math,cpp,https://www.youtube.com/watch?v=-FhTS9gt2o0,-FhTS9gt2o0
Math,cpp,https://www.youtube.com/watch?v=DbpZa3iTfkk,DbpZa3iTfkk
Math,cpp,https://www.youtube.com/watch?v=q0Sp51TqLgw,q0Sp51TqLgw
Math,cpp,https://www.youtube.com/watch?v=H-lkybua1as,H-lkybua1as
Math,cpp,https://www.youtube.com/watch?v=RbTWeV-b8tg,RbTWeV-b8tg
Math,cpp,https://www.youtube.com/watch?v=96TX-48oJFY,96TX-48oJFY
Math,cpp,https://www.youtube.com/watch?v=hD7EmNqhIPI,hD7EmNqhIPI
Math,cpp,https://www.youtube.com/watch?v=xxMG5HwCK6w,xxMG5HwCK6w
Math,cpp,https://www.youtube.com/watch?v=dHjOKpOah-Q,dHjOKpOah-Q
Math,cpp,https://www.youtube.com/watch?v=LhX71vs8X9M,LhX71vs8X9M
Math,cpp,https://www.youtube.com/watch?v=2jxaYEpWX5s,2jxaYEpWX5s
Math,cpp,https://www.youtube.com/watch?v=9-O521P9E64,9-O521P9E64
Math,cpp,https://www.youtube.com/watch?v=74cO5vvEylU,74cO5vvEylU
Math,cpp,https://www.youtube.com/watch?v=99G-APJkMc0,99G-APJkMc0
Math,cpp,https://www.youtube.com/watch?v=5_CE9H_AN7c,5_CE9H_AN7c
Math,cpp,https://www.youtube.com/watch?v=xyOySSKpSIY,xyOySSKpSIY
Math,cpp,https://www.youtube.com/watch?v=95qJK-CfwhY,95qJK-CfwhY
Math,cpp,https://www.youtube.com/watch?v=KLhtcyxRDdQ,KLhtcyxRDdQ
Math,cpp,https://www.youtube.com/watch?v=hkIvfSSY9mo,hkIvfSSY9mo
Math,cpp,https://www.youtube.com/watch?v=HFtZ8nz571s,HFtZ8nz571s
Math,cpp,https://www.youtube.com/watch?v=BmbiAi5K1-Y,BmbiAi5K1-Y
Math,cpp,https://www.youtube.com/watch?v=VoD5Mt3Bdec,VoD5Mt3Bdec
Math,cpp,https://www.youtube.com/watch?v=u4cQwunJCps,u4cQwunJCps
Math,cpp,https://www.youtube.com/watch?v=-OPohCQqi_E,-OPohCQqi_E
Math,cpp,https://www.youtube.com/watch?v=Gd9w8m-klho,Gd9w8m-klho
Math,cpp,https://www.youtube.com/watch?v=dDPul5mZhS8,dDPul5mZhS8
Math,cpp,https://www.youtube.com/watch?v=le2enQgQ7Ws,le2enQgQ7Ws
Math,cpp,https://www.youtube.com/watch?v=6--y6ccUhMc,6--y6ccUhMc
Math,cpp,https://www.youtube.com/watch?v=FOLTTaBuz9w,FOLTTaBuz9w
Math,cpp,https://www.youtube.com/watch?v=OmfAk_k30b8,OmfAk_k30b8
Math,cpp,https://www.youtube.com/watch?v=kDMvZbU2its,kDMvZbU2its
Math,cpp,https://www.youtube.com/watch?v=wotgvp40syk,wotgvp40syk
Math,cpp,https://www.youtube.com/watch?v=35Shs9LHXiQ,35Shs9LHXiQ
Math,cpp,https://www.youtube.com/watch?v=Mo_bprUYjQM,Mo_bprUYjQM
Math,cpp,https://www.youtube.com/watch?v=8xb7Klbt_mk,8xb7Klbt_mk
Math,cpp,https://www.youtube.com/watch?v=TEz7mjlx2XM,TEz7mjlx2XM
Math,cpp,https://www.youtube.com/watch?v=qwsJzLIozIo,qwsJzLIozIo
Math,cpp,https://www.youtube.com/watch?v=xl4XEvE37Tw,xl4XEvE37Tw
Math,cpp,https://www.youtube.com/watch?v=QEuSive9l2g,QEuSive9l2g
Math,cpp,https://www.youtube.com/watch?v=94cCRjI7Zrk,94cCRjI7Zrk
Math,cpp,https://www.youtube.com/watch?v=7eJOJlBQAuc,7eJOJlBQAuc
Math,cpp,https://www.youtube.com/watch?v=ODEbBApA-4Y,ODEbBApA-4Y
Math,cpp,https://www.youtube.com/watch?v=YgAy6GeCd3c,YgAy6GeCd3c
Math,cpp,https://www.youtube.com/watch?v=E7IKE7V5A90,E7IKE7V5A90
Math,cpp,https://www.youtube.com/watch?v=k_FISWJKoFQ,k_FISWJKoFQ
Math,cpp,https://www.youtube.com/watch?v=OeE8N9OUwt8,OeE8N9OUwt8
Prefix Sum,python,https://www.youtube.com/watch?v=7AJENb4CR78,7AJENb4CR78
Prefix Sum,python,https://www.youtube.com/watch?v=ILZeLFgLlQM,ILZeLFgLlQM
Prefix Sum,python,https://www.youtube.com/watch?v=jYOTTRw4Lt0,jYOTTRw4Lt0
Prefix Sum,python,https://www.youtube.com/watch?v=pvbUQvi2Grg,pvbUQvi2Grg
Prefix Sum,python,https://www.youtube.com/watch?v=ppuu3ZTxspE,ppuu3ZTxspE
Prefix Sum,python,https://www.youtube.com/watch?v=WibxoqMSMCw,WibxoqMSMCw
Prefix Sum,python,https://www.youtube.com/watch?v=dhu5_v2iY8E,dhu5_v2iY8E
Prefix Sum,python,https://www.youtube.com/watch?v=kCFjSvzSG9U,kCFjSvzSG9U
Prefix Sum,python,https://www.youtube.com/watch?v=PLxqG_6qYp8,PLxqG_6qYp8
Prefix Sum,python,https://www.youtube.com/watch?v=0ThX2ck-e-Y,0ThX2ck-e-Y
Prefix Sum,python,https://www.youtube.com/watch?v=PhgtNY_-CiY,PhgtNY_-CiY
Prefix Sum,python,https://www.youtube.com/watch?v=mERjWCWPvjE,mERjWCWPvjE
Prefix Sum,python,https://www.youtube.com/watch?v=RovrIRBqI10,RovrIRBqI10
Prefix Sum,python,https://www.youtube.com/watch?v=_3jAAnd3-7E,_3jAAnd3-7E
Prefix Sum,python,https://www.youtube.com/watch?v=yuws7YK0Yng,yuws7YK0Yng
Prefix Sum,python,https://www.youtube.com/watch?v=grwD1blepd8,grwD1blepd8
Prefix Sum,python,https://www.youtube.com/watch?v=unyRlmiptxw,unyRlmiptxw
Prefix Sum,python,https://www.youtube.com/watch?v=fFVZt-6sgyo,fFVZt-6sgyo
Prefix Sum,python,https://www.youtube.com/watch?v=vSP7Qgprs7A,vSP7Qgprs7A
Prefix Sum,python,https://www.youtube.com/watch?v=dMFo-J1Ucs4,dMFo-J1Ucs4
Prefix Sum,python,https://www.youtube.com/watch?v=UahwAhfWzXM,UahwAhfWzXM
Prefix Sum,python,https://www.youtube.com/watch?v=woUhautkSo0,woUhautkSo0
Prefix Sum,python,https://www.youtube.com/watch?v=xbYr9JOC2Lk,xbYr9JOC2Lk
Prefix Sum,python,https://www.youtube.com/watch?v=39xioZ3GZIQ,39xioZ3GZIQ
Prefix Sum,python,https://www.youtube.com/watch?v=gfTgaxqdivo,gfTgaxqdivo
Prefix Sum,python,https://www.youtube.com/watch?v=Hyr3VrgJD2g,Hyr3VrgJD2g
Prefix Sum,python,https://www.youtube.com/watch?v=u_nTn_Rl9g0,u_nTn_Rl9g0
Prefix Sum,python,https://www.youtube.com/watch?v=i_Q4Uw6VjIA,i_Q4Uw6VjIA
Prefix Sum,python,https://www.youtube.com/watch?v=2hmt-nFnKEg,2hmt-nFnKEg
Prefix Sum,python,https://www.youtube.com/watch?v=wsjAAWLVENw,wsjAAWLVENw
Prefix Sum,java,https://www.youtube.com/watch?v=leCJ96xGZhE,leCJ96xGZhE
Prefix Sum,java,https://www.youtube.com/watch?v=MIoONQp1AVM,MIoONQp1AVM
Prefix Sum,java,https://www.youtube.com/watch?v=KT864Aa3zE0,KT864Aa3zE0
Prefix Sum,java,https://www.youtube.com/watch?v=_tdLjHJ01Ls,_tdLjHJ01Ls
Prefix Sum,java,https://www.youtube.com/watch?v=mV_BkfApVi8,mV_BkfApVi8
Prefix Sum,java,https://www.youtube.com/watch?v=5_DFKL4zYLc,5_DFKL4zYLc
Prefix Sum,java,https://www.youtube.com/watch?v=906Kko5nZhE,906Kko5nZhE
Prefix Sum,java,https://www.youtube.com/watch?v=5P34GbsBoyA,5P34GbsBoyA
Prefix Sum,java,https://www.youtube.com/watch?v=RqYahxtnMrk,RqYahxtnMrk
Prefix Sum,java,https://www.youtube.com/watch?v=lBKYBV2-W1E,lBKYBV2-W1E
Prefix Sum,java,https://www.youtube.com/watch?v=79HWV9sIwe8,79HWV9sIwe8
Prefix Sum,java,https://www.youtube.com/watch?v=wwjxJ4mamIg,wwjxJ4mamIg
Prefix Sum,java,https://www.youtube.com/watch?v=pVS3yhlzrlQ,pVS3yhlzrlQ
Prefix Sum,java,https://www.youtube.com/watch?v=g0z2L0bJ6xM,g0z2L0bJ6xM
Prefix Sum,java,https://www.youtube.com/watch?v=wf9Iny_242c,wf9Iny_242c
Prefix Sum,java,https://www.youtube.com/watch?v=kDyTHOCugBk,kDyTHOCugBk
Prefix Sum,java,https://www.youtube.com/watch?v=4F9CA-hBjZE,4F9CA-hBjZE
Prefix Sum,java,https://www.youtube.com/watch?v=LBzE0e3Cz68,LBzE0e3Cz68
Prefix Sum,java,https://www.youtube.com/watch?v=c888Lnf-kWg,c888Lnf-kWg
Prefix Sum,java,https://www.youtube.com/watch?v=7pJo_rM0z_s,7pJo_rM0z_s
Prefix Sum,java,https://www.youtube.com/watch?v=kpYIFV-ME_Y,kpYIFV-ME_Y
Prefix Sum,c,https://www.youtube.com/watch?v=fFUnQivb-Yw,fFUnQivb-Yw
Prefix Sum,c,https://www.youtube.com/watch?v=JZOpIfUdsyk,JZOpIfUdsyk
Prefix Sum,c,https://www.youtube.com/watch?v=Ot8godCzXJo,Ot8godCzXJo
Prefix Sum,c,https://www.youtube.com/watch?v=1HGKhackz3A,1HGKhackz3A
Prefix Sum,c,https://www.youtube.com/watch?v=dQqU8kfo554,dQqU8kfo554
Prefix Sum,c,https://www.youtube.com/watch?v=DSQyjutKbfk,DSQyjutKbfk
Prefix Sum,c,https://www.youtube.com/watch?v=Hnv9s-R8nEM,Hnv9s-R8nEM
Prefix Sum,c,https://www.youtube.com/watch?v=KFGBGb7KrH4,KFGBGb7KrH4
Prefix Sum,c,https://www.youtube.com/watch?v=12-ES_1J9w4,12-ES_1J9w4
Prefix Sum,c,https://www.youtube.com/watch?v=WsD3_XOvAGc,WsD3_XOvAGc
Prefix Sum,c,https://www.youtube.com/watch?v=3QiI_fmqKn8,3QiI_fmqKn8
Prefix Sum,c,https://www.youtube.com/watch?v=Sw-Ko1vyxfI,Sw-Ko1vyxfI
Prefix Sum,c,https://www.youtube.com/watch?v=wAbI2Hlm01k,wAbI2Hlm01k
Prefix Sum,c,https://www.youtube.com/watch?v=2VxFdUVdKl4,2VxFdUVdKl4
Prefix Sum,c,https://www.youtube.com/watch?v=ZHNVmtm08WY,ZHNVmtm08WY
Prefix Sum,c,https://www.youtube.com/watch?v=lJc4CkiG3ME,lJc4CkiG3ME
Prefix Sum,c,https://www.youtube.com/watch?v=R0d1u-V7COI,R0d1u-V7COI
Prefix Sum,c,https://www.youtube.com/watch?v=nZe7P674xZo,nZe7P674xZo
Prefix Sum,cpp,https://www.youtube.com/watch?v=FxPQ6JLjcKU,FxPQ6JLjcKU
Prefix Sum,cpp,https://www.youtube.com/watch?v=mr0ayY2IBlA,mr0ayY2IBlA
Prefix Sum,cpp,https://www.youtube.com/watch?v=_2DOKWvGets,_2DOKWvGets
Prefix Sum,cpp,https://www.youtube.com/watch?v=gtU9NvsDuh8,gtU9NvsDuh8
Prefix Sum,cpp,https://www.youtube.com/watch?v=vWpp8rPeSTE,vWpp8rPeSTE
Prefix Sum,cpp,https://www.youtube.com/watch?v=otmfdE10Z2g,otmfdE10Z2g
Prefix Sum,cpp,https://www.youtube.com/watch?v=A5nbK6gGBx8,A5nbK6gGBx8
Prefix Sum,cpp,https://www.youtube.com/watch?v=M6Zy3y3lT74,M6Zy3y3lT74
Prefix Sum,cpp,https://www.youtube.com/watch?v=OjFxqCApM6E,OjFxqCApM6E
Prefix Sum,cpp,https://www.youtube.com/watch?v=AerQcVpL4y0,AerQcVpL4y0
Prefix Sum,cpp,https://www.youtube.com/watch?v=CvjwzmPj_cA,CvjwzmPj_cA
Prefix Sum,cpp,https://www.youtube.com/watch?v=OaaZlNBjknA,OaaZlNBjknA
Prefix Sum,cpp,https://www.youtube.com/watch?v=ac8z935JA7o,ac8z935JA7o
Prefix Sum,cpp,https://www.youtube.com/watch?v=LZoREAKJUzg,LZoREAKJUzg
Prefix Sum,cpp,https://www.youtube.com/watch?v=OlqP7AhgS8U,OlqP7AhgS8U
Prefix Sum,cpp,https://www.youtube.com/watch?v=FHE7kUUdO5A,FHE7kUUdO5A
Prefix Sum,cpp,https://www.youtube.com/watch?v=KPEk6Sg6Vj4,KPEk6Sg6Vj4
Prefix Sum,cpp,https://www.youtube.com/watch?v=XJZczN4wts0,XJZczN4wts0
Dijkstra,python,https://www.youtube.com/watch?v=611B-9zk2o4,611B-9zk2o4
Dijkstra,python,https://www.youtube.com/watch?v=o9BnvwgPT-o,o9BnvwgPT-o
Dijkstra,python,https://www.youtube.com/watch?v=haXz9MEOGbo,haXz9MEOGbo
Dijkstra,python,https://www.youtube.com/watch?v=Fg2us40oOeA,Fg2us40oOeA
Dijkstra,python,https://www.youtube.com/watch?v=9574GHxCbKc,9574GHxCbKc
Dijkstra,python,https://www.youtube.com/watch?v=4RPBqw_x4pc,4RPBqw_x4pc
Dijkstra,python,https://www.youtube.com/watch?v=acqm9mM1P6o,acqm9mM1P6o
Dijkstra,python,https://www.youtube.com/watch?v=lBjTv-rGTf4,lBjTv-rGTf4
Dijkstra,python,https://www.youtube.com/watch?v=q6AUfVkCRwo,q6AUfVkCRwo
Dijkstra,python,https://www.youtube.com/watch?v=d2g84ZsvpJ0,d2g84ZsvpJ0
Dijkstra,python,https://www.youtube.com/watch?v=DQ682ef1GQk,DQ682ef1GQk
Dijkstra,python,https://www.youtube.com/watch?v=-gmsXcSl4zc,-gmsXcSl4zc
Dijkstra,python,https://www.youtube.com/watch?v=VV9UxjWdUws,VV9UxjWdUws
Dijkstra,python,https://www.youtube.com/watch?v=It3vl2uWlyQ,It3vl2uWlyQ
Dijkstra,python,https://www.youtube.com/watch?v=us8hM-PMKkE,us8hM-PMKkE
Dijkstra,python,https://www.youtube.com/watch?v=i9EUcC4Mwsc,i9EUcC4Mwsc
Dijkstra,python,https://www.youtube.com/watch?v=7z3Eg5xiy4U,7z3Eg5xiy4U
Dijkstra,python,https://www.youtube.com/watch?v=u49h3aON_y4,u49h3aON_y4
Dijkstra,python,https://www.youtube.com/watch?v=LGiRB_lByh0,LGiRB_lByh0
Dijkstra,python,https://www.youtube.com/watch?v=AzLKHGlKDLA,AzLKHGlKDLA
Dijkstra,python,https://www.youtube.com/watch?v=3Z0FO2XYds4,3Z0FO2XYds4
Dijkstra,python,https://www.youtube.com/watch?v=rR5G32bTkFQ,rR5G32bTkFQ
Dijkstra,python,https://www.youtube.com/watch?v=H1SJuj-JNkQ,H1SJuj-JNkQ
Dijkstra,python,https://www.youtube.com/watch?v=NyrHRNiRpds,NyrHRNiRpds
Dijkstra,python,https://www.youtube.com/watch?v=hKM2SNToCrE,hKM2SNToCrE
Dijkstra,python,https://www.youtube.com/watch?v=VjA_VFO_I6g,VjA_VFO_I6g
Dijkstra,python,https://www.youtube.com/watch?v=JwKAwvDXoyc,JwKAwvDXoyc
Dijkstra,python,https://www.youtube.com/watch?v=KfbS6c9LneE,KfbS6c9LneE
Dijkstra,python,https://www.youtube.com/watch?v=7vFSTfY4uGM,7vFSTfY4uGM
Dijkstra,python,https://www.youtube.com/watch?v=1fNaNA48jRU,1fNaNA48jRU
Dijkstra,java,https://www.youtube.com/watch?v=_ypS-5XnIeg,_ypS-5XnIeg
Dijkstra,java,https://www.youtube.com/watch?v=RZGJ2JaQYAo,RZGJ2JaQYAo
Dijkstra,java,https://www.youtube.com/watch?v=42y7ysmdACU,42y7ysmdACU
Dijkstra,java,https://www.youtube.com/watch?v=BuvKtCh0SKk,BuvKtCh0SKk
Dijkstra,java,https://www.youtube.com/watch?v=dezf-ONZcZE,dezf-ONZcZE
Dijkstra,java,https://www.youtube.com/watch?v=jvgSZggyhJ0,jvgSZggyhJ0
Dijkstra,java,https://www.youtube.com/watch?v=q3yKyE19OR0,q3yKyE19OR0
Dijkstra,java,https://www.youtube.com/watch?v=3gs976dJo4E,3gs976dJo4E
Dijkstra,java,https://www.youtube.com/watch?v=5kNQmLrfDlw,5kNQmLrfDlw
Dijkstra,java,https://www.youtube.com/watch?v=B2mUby28wsw,B2mUby28wsw
Dijkstra,java,https://www.youtube.com/watch?v=KqSrMkSxyeg,KqSrMkSxyeg
Dijkstra,java,https://www.youtube.com/watch?v=cWA6qlkN2jI,cWA6qlkN2jI
Dijkstra,java,https://www.youtube.com/watch?v=prFCzF5PpyU,prFCzF5PpyU
Dijkstra,java,https://www.youtube.com/watch?v=t5APs7U_SRw,t5APs7U_SRw
Dijkstra,java,https://www.youtube.com/watch?v=d6ZFqjH63vo,d6ZFqjH63vo
Dijkstra,java,https://www.youtube.com/watch?v=YZgydlziTsk,YZgydlziTsk
Dijkstra,java,https://www.youtube.com/watch?v=aWBIpDAh44s,aWBIpDAh44s
Dijkstra,java,https://www.youtube.com/watch?v=yFdXfLCJVpw,yFdXfLCJVpw
Dijkstra,java,https://www.youtube.com/watch?v=tqhVqe1bnTQ,tqhVqe1bnTQ
Dijkstra,java,https://www.youtube.com/watch?v=xaybO-wQZqQ,xaybO-wQZqQ
Dijkstra,java,https://www.youtube.com/watch?v=dSY8k_MkE4Y,dSY8k_MkE4Y
Dijkstra,java,https://www.youtube.com/watch?v=DZKZ0hy3fYc,DZKZ0hy3fYc
Dijkstra,java,https://www.youtube.com/watch?v=nOLBBWujB7c,nOLBBWujB7c
Dijkstra,c,https://www.youtube.com/watch?v=Rs7Hz39hp5U,Rs7Hz39hp5U
Dijkstra,c,https://www.youtube.com/watch?v=BuUdDC1ehV0,BuUdDC1ehV0
Dijkstra,c,https://www.youtube.com/watch?v=_9mbqoF9qzc,_9mbqoF9qzc
Dijkstra,c,https://www.youtube.com/watch?v=-ZnkKFkOpVs,-ZnkKFkOpVs
Dijkstra,c,https://www.youtube.com/watch?v=46uD5NgCTgg,46uD5NgCTgg
Dijkstra,c,https://www.youtube.com/watch?v=0d6gMycyF5M,0d6gMycyF5M
Dijkstra,c,https://www.youtube.com/watch?v=9jJl29oXT18,9jJl29oXT18
Dijkstra,c,https://www.youtube.com/watch?v=_lHSawdgXpI,_lHSawdgXpI
Dijkstra,c,https://www.youtube.com/watch?v=smHnz2RHJBY,smHnz2RHJBY
Dijkstra,c,https://www.youtube.com/watch?v=LpJceTbzJFo,LpJceTbzJFo
Dijkstra,c,https://www.youtube.com/watch?v=8MVKikm_x2k,8MVKikm_x2k
Dijkstra,c,https://www.youtube.com/watch?v=6HDA-bWESqg,6HDA-bWESqg
Dijkstra,c,https://www.youtube.com/watch?v=UESyJit1bKg,UESyJit1bKg
Dijkstra,c,https://www.youtube.com/watch?v=U9Raj6rAqqs,U9Raj6rAqqs
Dijkstra,c,https://www.youtube.com/watch?v=WN3Rb9wVYDY,WN3Rb9wVYDY
Dijkstra,c,https://www.youtube.com/watch?v=ttgO5RB37fY,ttgO5RB37fY
Dijkstra,c,https://www.youtube.com/watch?v=o19Moxr3PSs,o19Moxr3PSs
Dijkstra,c,https://www.youtube.com/watch?v=iD9o4c0WAv0,iD9o4c0WAv0
Dijkstra,c,https://www.youtube.com/watch?v=AHHbATPvn8E,AHHbATPvn8E
Dijkstra,c,https://www.youtube.com/watch?v=5zplpWR65v8,5zplpWR65v8
Dijkstra,c,https://www.youtube.com/watch?v=F3PNsWE6_hM,F3PNsWE6_hM
Dijkstra,c,https://www.youtube.com/watch?v=1PPfjBS58Go,1PPfjBS58Go
Dijkstra,c,https://www.youtube.com/watch?v=fNrFau9fwQk,fNrFau9fwQk
Dijkstra,c,https://www.youtube.com/watch?v=wptevk0bshY,wptevk0bshY
Dijkstra,c,https://www.youtube.com/watch?v=V6H1qAeB-l4,V6H1qAeB-l4
Dijkstra,c,https://www.youtube.com/watch?v=YQTW69KoMwQ,YQTW69KoMwQ
Dijkstra,c,https://www.youtube.com/watch?v=DzozHI1uwWI,DzozHI1uwWI
Dijkstra,c,https://www.youtube.com/watch?v=m056p5ZRJiY,m056p5ZRJiY
Dijkstra,cpp,https://www.youtube.com/watch?v=BgsOy3OfOiM,BgsOy3OfOiM
Dijkstra,cpp,https://www.youtube.com/watch?v=0NrlN88D9Fs,0NrlN88D9Fs
Dijkstra,cpp,https://www.youtube.com/watch?v=w2hQaGzWYc8,w2hQaGzWYc8
Dijkstra,cpp,https://www.youtube.com/watch?v=DjMLYwtSp08,DjMLYwtSp08
Dijkstra,cpp,https://www.youtube.com/watch?v=8XhXg98E1Gg,8XhXg98E1Gg
Dijkstra,cpp,https://www.youtube.com/watch?v=cMtFwuN2qos,cMtFwuN2qos
Dijkstra,cpp,https://www.youtube.com/watch?v=xrlhW6h9cM8,xrlhW6h9cM8
Dijkstra,cpp,https://www.youtube.com/watch?v=7xuKWslWJWM,7xuKWslWJWM
Dijkstra,cpp,https://www.youtube.com/watch?v=NR4fpjuxnPA,NR4fpjuxnPA
Dijkstra,cpp,https://www.youtube.com/watch?v=e-0_Q84EDCM,e-0_Q84EDCM
Dijkstra,cpp,https://www.youtube.com/watch?v=KniVI2-730A,KniVI2-730A
Dijkstra,cpp,https://www.youtube.com/watch?v=dXTMEtyp6dM,dXTMEtyp6dM
Dijkstra,cpp,https://www.youtube.com/watch?v=pVfj6mxhdMw,pVfj6mxhdMw
Dijkstra,cpp,https://www.youtube.com/watch?v=msttfIHHkak,msttfIHHkak
Dijkstra,cpp,https://www.youtube.com/watch?v=fAjsrcgwyTc,fAjsrcgwyTc
Dijkstra,cpp,https://www.youtube.com/watch?v=O61WbSqXTgk,O61WbSqXTgk
Dijkstra,cpp,https://www.youtube.com/watch?v=GUmUFyEQatE,GUmUFyEQatE
Dijkstra,cpp,https://www.youtube.com/watch?v=F6sRIQKslwA,F6sRIQKslwA
Dijkstra,cpp,https://www.youtube.com/watch?v=8q6cmyM9R_w,8q6cmyM9R_w
Dijkstra,cpp,https://www.youtube.com/watch?v=5lZ0iJMrUMk,5lZ0iJMrUMk
Dijkstra,cpp,https://www.youtube.com/watch?v=CxNIu27gJDQ,CxNIu27gJDQ
Shortest Path,python,https://www.youtube.com/watch?v=Ppimbaxm8d8,Ppimbaxm8d8
Shortest Path,python,https://www.youtube.com/watch?v=PIT-aYPPPIQ,PIT-aYPPPIQ
Shortest Path,python,https://www.youtube.com/watch?v=74577zNNxcw,74577zNNxcw
Shortest Path,python,https://www.youtube.com/watch?v=owKc0vufbrs,owKc0vufbrs
Shortest Path,python,https://www.youtube.com/watch?v=kQIK2P7erAA,kQIK2P7erAA
Shortest Path,python,https://www.youtube.com/watch?v=90lJ2rS39_k,90lJ2rS39_k
Shortest Path,python,https://www.youtube.com/watch?v=Y2F8EGP3OA4,Y2F8EGP3OA4
Shortest Path,python,https://www.youtube.com/watch?v=9QhFDH6B8uw,9QhFDH6B8uw
Shortest Path,python,https://www.youtube.com/watch?v=z9iCus_4DZo,z9iCus_4DZo
Shortest Path,python,https://www.youtube.com/watch?v=G39Al01mTjc,G39Al01mTjc
Shortest Path,python,https://www.youtube.com/watch?v=ILeK8R0o0mQ,ILeK8R0o0mQ
Shortest Path,python,https://www.youtube.com/watch?v=Mn9bFIIyXIM,Mn9bFIIyXIM
Shortest Path,python,https://www.youtube.com/watch?v=OVe_aJ43_E8,OVe_aJ43_E8
Shortest Path,python,https://www.youtube.com/watch?v=ubUFf-IvbtU,ubUFf-IvbtU
Shortest Path,python,https://www.youtube.com/watch?v=TITya7meKCU,TITya7meKCU
Shortest Path,python,https://www.youtube.com/watch?v=5eIK3zUdYmE,5eIK3zUdYmE
Shortest Path,python,https://www.youtube.com/watch?v=KQ9zlKZ5Rzc,KQ9zlKZ5Rzc
Shortest Path,python,https://www.youtube.com/watch?v=TGR0Z4if5GU,TGR0Z4if5GU
Shortest Path,python,https://www.youtube.com/watch?v=3tjngP-X7hE,3tjngP-X7hE
Shortest Path,python,https://www.youtube.com/watch?v=ACvLMFlUWII,ACvLMFlUWII
Shortest Path,python,https://www.youtube.com/watch?v=naVaQGt46wI,naVaQGt46wI
Shortest Path,python,https://www.youtube.com/watch?v=Qdt5WJVkPbY,Qdt5WJVkPbY
Shortest Path,python,https://www.youtube.com/watch?v=5xKGW8cflDA,5xKGW8cflDA
Shortest Path,python,https://www.youtube.com/watch?v=g1itsiWR01Q,g1itsiWR01Q
Shortest Path,python,https://www.youtube.com/watch?v=oNI0rf2P9gE,oNI0rf2P9gE
Shortest Path,python,https://www.youtube.com/watch?v=Gc4mWrmJBsw,Gc4mWrmJBsw
Shortest Path,java,https://www.youtube.com/watch?v=J46z2JhDhg4,J46z2JhDhg4
Shortest Path,java,https://www.youtube.com/watch?v=aMHQQrRzdW8,aMHQQrRzdW8
Shortest Path,java,https://www.youtube.com/watch?v=Mz6rqsmLUKo,Mz6rqsmLUKo
Shortest Path,java,https://www.youtube.com/watch?v=iAmm_n5S3MA,iAmm_n5S3MA
Shortest Path,java,https://www.youtube.com/watch?v=llptwOvEstY,llptwOvEstY
Shortest Path,java,https://www.youtube.com/watch?v=8pKWpnNzttg,8pKWpnNzttg
Shortest Path,java,https://www.youtube.com/watch?v=N5xvseWYesI,N5xvseWYesI
Shortest Path,java,https://www.youtube.com/watch?v=-UAEaq8ad-s,-UAEaq8ad-s
Shortest Path,java,https://www.youtube.com/watch?v=C9k1JzHVn-A,C9k1JzHVn-A
Shortest Path,java,https://www.youtube.com/watch?v=mbmHkrYITTc,mbmHkrYITTc
Shortest Path,java,https://www.youtube.com/watch?v=RiWE52X5wdQ,RiWE52X5wdQ
Shortest Path,java,https://www.youtube.com/watch?v=gWRfc5wE8Jc,gWRfc5wE8Jc
Shortest Path,java,https://www.youtube.com/watch?v=eN98qAcYSs8,eN98qAcYSs8
Shortest Path,java,https://www.youtube.com/watch?v=aYSZFvPpO9E,aYSZFvPpO9E
Shortest Path,java,https://www.youtube.com/watch?v=ElSbr_A_Nws,ElSbr_A_Nws
Shortest Path,java,https://www.youtube.com/watch?v=k7K3WbaemhQ,k7K3WbaemhQ
Shortest Path,java,https://www.youtube.com/watch?v=-xCbgEy3qsM,-xCbgEy3qsM
Shortest Path,java,https://www.youtube.com/watch?v=0dTrKG5UK9k,0dTrKG5UK9k
Shortest Path,java,https://www.youtube.com/watch?v=Ygfs36EwlrA,Ygfs36EwlrA
Shortest Path,java,https://www.youtube.com/watch?v=K6rI0umX-28,K6rI0umX-28
Shortest Path,c,https://www.youtube.com/watch?v=QH-Btq8SgLQ,QH-Btq8SgLQ
Shortest Path,c,https://www.youtube.com/watch?v=wQUqBc3xHlA,wQUqBc3xHlA
Shortest Path,c,https://www.youtube.com/watch?v=0X-1_UYeKNE,0X-1_UYeKNE
Shortest Path,c,https://www.youtube.com/watch?v=ouBikCwymVg,ouBikCwymVg
Shortest Path,c,https://www.youtube.com/watch?v=3PPcjdjHku8,3PPcjdjHku8
Shortest Path,c,https://www.youtube.com/watch?v=93ZfVEUKDDE,93ZfVEUKDDE
Shortest Path,c,https://www.youtube.com/watch?v=5lgLJwQXKm4,5lgLJwQXKm4
Shortest Path,c,https://www.youtube.com/watch?v=akSZSgPsyGE,akSZSgPsyGE
Shortest Path,c,https://www.youtube.com/watch?v=dp-Ortfx1f4,dp-Ortfx1f4
Shortest Path,c,https://www.youtube.com/watch?v=7eyMP-ky99U,7eyMP-ky99U
Shortest Path,c,https://www.youtube.com/watch?v=0l6TC3lgsdg,0l6TC3lgsdg
Shortest Path,c,https://www.youtube.com/watch?v=rEEogOTqRgw,rEEogOTqRgw
Shortest Path,c,https://www.youtube.com/watch?v=Jk1HcyYBD_I,Jk1HcyYBD_I
Shortest Path,c,https://www.youtube.com/watch?v=rnWi0FdulyM,rnWi0FdulyM
Shortest Path,c,https://www.youtube.com/watch?v=FGD18j0FAFg,FGD18j0FAFg
Shortest Path,c,https://www.youtube.com/watch?v=MtpVNaptvLc,MtpVNaptvLc
Shortest Path,c,https://www.youtube.com/watch?v=NdBHw5mqIZE,NdBHw5mqIZE
Shortest Path,c,https://www.youtube.com/watch?v=c5vQS40VBcU,c5vQS40VBcU
Shortest Path,c,https://www.youtube.com/watch?v=4OQeCuLYj-4,4OQeCuLYj-4
Shortest Path,cpp,https://www.youtube.com/watch?v=HPlMbrNhsjs,HPlMbrNhsjs
Shortest Path,cpp,https://www.youtube.com/watch?v=icZj67PTFhc,icZj67PTFhc
Shortest Path,cpp,https://www.youtube.com/watch?v=HTMNwrNiPWo,HTMNwrNiPWo
Shortest Path,cpp,https://www.youtube.com/watch?v=MDwR6oulnb0,MDwR6oulnb0
Shortest Path,cpp,https://www.youtube.com/watch?v=x-Fb5bhjowk,x-Fb5bhjowk
Shortest Path,cpp,https://www.youtube.com/watch?v=obWXjtg0L64,obWXjtg0L64
Shortest Path,cpp,https://www.youtube.com/watch?v=335zQkHDWRY,335zQkHDWRY
Shortest Path,cpp,https://www.youtube.com/watch?v=zsBpBtZkCOQ,zsBpBtZkCOQ
Shortest Path,cpp,https://www.youtube.com/watch?v=BbpHwOMiCMk,BbpHwOMiCMk
Shortest Path,cpp,https://www.youtube.com/watch?v=JIqvkSGQj7s,JIqvkSGQj7s
Shortest Path,cpp,https://www.youtube.com/watch?v=b01-LBP-5UM,b01-LBP-5UM
Shortest Path,cpp,https://www.youtube.com/watch?v=4y-4UycCEzg,4y-4UycCEzg
Shortest Path,cpp,https://www.youtube.com/watch?v=HFJY4QW7Mqg,HFJY4QW7Mqg
Shortest Path,cpp,https://www.youtube.com/watch?v=5MEZXOyaRmk,5MEZXOyaRmk
Shortest Path,cpp,https://www.youtube.com/watch?v=EfCCVHclo0s,EfCCVHclo0s
Shortest Path,cpp,https://www.youtube.com/watch?v=B06q2yjr-Cc,B06q2yjr-Cc
Shortest Path,cpp,https://www.youtube.com/watch?v=wjv-w6q4ip4,wjv-w6q4ip4
Shortest Path,cpp,https://www.youtube.com/watch?v=PC8Ktk-r7zs,PC8Ktk-r7zs
Topological Sort,python,https://www.youtube.com/watch?v=m-Z19d2uS0w,m-Z19d2uS0w
Topological Sort,python,https://www.youtube.com/watch?v=TPILNNDWz3w,TPILNNDWz3w
Topological Sort,python,https://www.youtube.com/watch?v=cIBFEhD77b4,cIBFEhD77b4
Topological Sort,python,https://www.youtube.com/watch?v=eL-KzMXSXXI,eL-KzMXSXXI
Topological Sort,python,https://www.youtube.com/watch?v=Q9PIxaNGnig,Q9PIxaNGnig
Topological Sort,python,https://www.youtube.com/watch?v=ddTC4Zovtbc,ddTC4Zovtbc
Topological Sort,python,https://www.youtube.com/watch?v=dis_c84ejhQ,dis_c84ejhQ
Topological Sort,python,https://www.youtube.com/watch?v=00Al-jAIiYk,00Al-jAIiYk
Topological Sort,python,https://www.youtube.com/watch?v=x0RR-WxCQhA,x0RR-WxCQhA
Topological Sort,python,https://www.youtube.com/watch?v=ovcdCPtsCdM,ovcdCPtsCdM
Topological Sort,python,https://www.youtube.com/watch?v=a5nkDgjAzfk,a5nkDgjAzfk
Topological Sort,python,https://www.youtube.com/watch?v=ueZrXhT1iQc,ueZrXhT1iQc
Topological Sort,python,https://www.youtube.com/watch?v=VH4GGECIOJs,VH4GGECIOJs
Topological Sort,python,https://www.youtube.com/watch?v=oSRjxQUI3i0,oSRjxQUI3i0
Topological Sort,python,https://www.youtube.com/watch?v=7J3GadLzydI,7J3GadLzydI
Topological Sort,python,https://www.youtube.com/watch?v=Akt3glAwyfY,Akt3glAwyfY
Topological Sort,python,https://www.youtube.com/watch?v=1z1u3Jq_rgE,1z1u3Jq_rgE
Topological Sort,python,https://www.youtube.com/watch?v=lvMseLfP0Jw,lvMseLfP0Jw
Topological Sort,python,https://www.youtube.com/watch?v=AK7BuT5MgU0,AK7BuT5MgU0
Topological Sort,python,https://www.youtube.com/watch?v=CK-kGr7AEHA,CK-kGr7AEHA
Topological Sort,python,https://www.youtube.com/watch?v=g0Cnrum-qGw,g0Cnrum-qGw
Topological Sort,python,https://www.youtube.com/watch?v=Zbbe9FYVnM4,Zbbe9FYVnM4
Topological Sort,python,https://www.youtube.com/watch?v=LNI3YoxBcxo,LNI3YoxBcxo
Topological Sort,python,https://www.youtube.com/watch?v=Q8AoLH9QKRU,Q8AoLH9QKRU
Topological Sort,python,https://www.youtube.com/watch?v=aTdD2NZMsZ8,aTdD2NZMsZ8
Topological Sort,python,https://www.youtube.com/watch?v=dJVkgjuDFGI,dJVkgjuDFGI
Topological Sort,python,https://www.youtube.com/watch?v=GqAhP-BNLUU,GqAhP-BNLUU
Topological Sort,python,https://www.youtube.com/watch?v=leggLs1ZGPg,leggLs1ZGPg
Topological Sort,python,https://www.youtube.com/watch?v=1jRDaI7BKDo,1jRDaI7BKDo
Topological Sort,python,https://www.youtube.com/watch?v=iUjs4KvXZIU,iUjs4KvXZIU
Topological Sort,java,https://www.youtube.com/watch?v=YLkoZWpI-HU,YLkoZWpI-HU
Topological Sort,java,https://www.youtube.com/watch?v=3TTAG_Xjm-s,3TTAG_Xjm-s
Topological Sort,java,https://www.youtube.com/watch?v=6Vi5Td_a8B8,6Vi5Td_a8B8
Topological Sort,java,https://www.youtube.com/watch?v=iwpFrcmZnZY,iwpFrcmZnZY
Topological Sort,java,https://www.youtube.com/watch?v=Q6pP5Bf6QzM,Q6pP5Bf6QzM
Topological Sort,java,https://www.youtube.com/watch?v=alF66XqpwJA,alF66XqpwJA
Topological Sort,java,https://www.youtube.com/watch?v=rG2-_lgcZzo,rG2-_lgcZzo
Topological Sort,java,https://www.youtube.com/watch?v=p69HDt9XNlE,p69HDt9XNlE
Topological Sort,java,https://www.youtube.com/watch?v=GLxfoaZlRqs,GLxfoaZlRqs
Topological Sort,java,https://www.youtube.com/watch?v=F-dFy92tvjM,F-dFy92tvjM
Topological Sort,java,https://www.youtube.com/watch?v=ldsh1gHm4qo,ldsh1gHm4qo
Topological Sort,java,https://www.youtube.com/watch?v=4fTjXqcMFtk,4fTjXqcMFtk
Topological Sort,java,https://www.youtube.com/watch?v=n_yl2a6n7nM,n_yl2a6n7nM
Topological Sort,java,https://www.youtube.com/watch?v=09_LlHjoEiY,09_LlHjoEiY
Topological Sort,java,https://www.youtube.com/watch?v=ZQiU7TZzvV0,ZQiU7TZzvV0
Topological Sort,java,https://www.youtube.com/watch?v=N59MUYgwI9A,N59MUYgwI9A
Topological Sort,c,https://www.youtube.com/watch?v=a3UDL-v6-44,a3UDL-v6-44
Topological Sort,c,https://www.youtube.com/watch?v=y0ToATXjYHY,y0ToATXjYHY
Topological Sort,c,https://www.youtube.com/watch?v=WR5U_oWwf54,WR5U_oWwf54
Topological Sort,c,https://www.youtube.com/watch?v=yrXvv1H9VRE,yrXvv1H9VRE
Topological Sort,c,https://www.youtube.com/watch?v=kW-C4OxXXho,kW-C4OxXXho
Topological Sort,c,https://www.youtube.com/watch?v=zj9Fp6j9KGA,zj9Fp6j9KGA
Topological Sort,c,https://www.youtube.com/watch?v=UEZN8-5ImiY,UEZN8-5ImiY
Topological Sort,c,https://www.youtube.com/watch?v=zmXhYUDwmSc,zmXhYUDwmSc
Topological Sort,c,https://www.youtube.com/watch?v=U1WUSLdrtKA,U1WUSLdrtKA
Topological Sort,c,https://www.youtube.com/watch?v=3tkcfvCNtM8,3tkcfvCNtM8
Topological Sort,c,https://www.youtube.com/watch?v=EaKsBgu1-9s,EaKsBgu1-9s
Topological Sort,c,https://www.youtube.com/watch?v=2hBjTs3qRg0,2hBjTs3qRg0
Topological Sort,c,https://www.youtube.com/watch?v=ChxA6H2253I,ChxA6H2253I
Topological Sort,c,https://www.youtube.com/watch?v=F82voMHO4XU,F82voMHO4XU
Topological Sort,c,https://www.youtube.com/watch?v=PiekvYYHeVQ,PiekvYYHeVQ
Topological Sort,cpp,https://www.youtube.com/watch?v=giSGbTi7CyU,giSGbTi7CyU
Topological Sort,cpp,https://www.youtube.com/watch?v=j91lx_ReAoM,j91lx_ReAoM
Topological Sort,cpp,https://www.youtube.com/watch?v=EO-BpxeCPFQ,EO-BpxeCPFQ
Topological Sort,cpp,https://www.youtube.com/watch?v=08VBDDoUQEo,08VBDDoUQEo
Topological Sort,cpp,https://www.youtube.com/watch?v=T_boOrr0rvk,T_boOrr0rvk
Topological Sort,cpp,https://www.youtube.com/watch?v=kvE8qKXp56E,kvE8qKXp56E
Topological Sort,cpp,https://www.youtube.com/watch?v=2cpihwDznaw,2cpihwDznaw
Topological Sort,cpp,https://www.youtube.com/watch?v=up04F6Ai42g,up04F6Ai42g
Topological Sort,cpp,https://www.youtube.com/watch?v=zAg6FiKuHks,zAg6FiKuHks
Topological Sort,cpp,https://www.youtube.com/watch?v=OgebyAu6xB8,OgebyAu6xB8
Topological Sort,cpp,https://www.youtube.com/watch?v=X2_tYUuthH8,X2_tYUuthH8
Topological Sort,cpp,https://www.youtube.com/watch?v=59fUtYYz7ZU,59fUtYYz7ZU
Topological Sort,cpp,https://www.youtube.com/watch?v=syr47IRSQA8,syr47IRSQA8
Topological Sort,cpp,https://www.youtube.com/watch?v=3HHlOG05qEo,3HHlOG05qEo
Topological Sort,cpp,https://www.youtube.com/watch?v=XgOoQzQCFrM,XgOoQzQCFrM
Topological Sort,cpp,https://www.youtube.com/watch?v=IS91wcuiRrI,IS91wcuiRrI
Topological Sort,cpp,https://www.youtube.com/watch?v=x8SHS4hWhEQ,x8SHS4hWhEQ
Divide and Conquer,python,https://www.youtube.com/watch?v=rF8Ru-gY-aw,rF8Ru-gY-aw
Divide and Conquer,python,https://www.youtube.com/watch?v=N-rvuIQKVgM,N-rvuIQKVgM
Divide and Conquer,python,https://www.youtube.com/watch?v=TE5vorGKusg,TE5vorGKusg
Divide and Conquer,python,https://www.youtube.com/watch?v=Q4e9ZqVYG4I,Q4e9ZqVYG4I
Divide and Conquer,python,https://www.youtube.com/watch?v=ib4BHvr5-Ao,ib4BHvr5-Ao
Divide and Conquer,python,https://www.youtube.com/watch?v=11V7Ik0IBHU,11V7Ik0IBHU
Divide and Conquer,python,https://www.youtube.com/watch?v=QE7NO0RNLg0,QE7NO0RNLg0
Divide and Conquer,python,https://www.youtube.com/watch?v=Prega0ajMos,Prega0ajMos
Divide and Conquer,python,https://www.youtube.com/watch?v=tJM6-atFYM0,tJM6-atFYM0
Divide and Conquer,python,https://www.youtube.com/watch?v=YOh6hBtX5l0,YOh6hBtX5l0
Divide and Conquer,python,https://www.youtube.com/watch?v=EHRL2LbS5LU,EHRL2LbS5LU
Divide and Conquer,python,https://www.youtube.com/watch?v=sClrI0sQVwA,sClrI0sQVwA
Divide and Conquer,python,https://www.youtube.com/watch?v=3NCh8p0vPqQ,3NCh8p0vPqQ
Divide and Conquer,python,https://www.youtube.com/watch?v=qES2lKTzkcg,qES2lKTzkcg
Divide and Conquer,python,https://www.youtube.com/watch?v=uPo-y_ArF4I,uPo-y_ArF4I
Divide and Conquer,python,https://www.youtube.com/watch?v=M5d7dmrdloQ,M5d7dmrdloQ
Divide and Conquer,python,https://www.youtube.com/watch?v=5plltuLtHpA,5plltuLtHpA
Divide and Conquer,python,https://www.youtube.com/watch?v=23kViAyMQnU,23kViAyMQnU
Divide and Conquer,python,https://www.youtube.com/watch?v=cVZMah9kEjI,cVZMah9kEjI
Divide and Conquer,python,https://www.youtube.com/watch?v=LfPq6K21ZP8,LfPq6K21ZP8
Divide and Conquer,python,https://www.youtube.com/watch?v=xQiK3CKBOAo,xQiK3CKBOAo
Divide and Conquer,python,https://www.youtube.com/watch?v=2GS6vqkdvPY,2GS6vqkdvPY
Divide and Conquer,java,https://www.youtube.com/watch?v=xWTQSW1Cvd0,xWTQSW1Cvd0
Divide and Conquer,java,https://www.youtube.com/watch?v=xJc6cYTJyRQ,xJc6cYTJyRQ
Divide and Conquer,java,https://www.youtube.com/watch?v=bPh_yxwlW54,bPh_yxwlW54
Divide and Conquer,java,https://www.youtube.com/watch?v=MKkIbMPggGY,MKkIbMPggGY
Divide and Conquer,java,https://www.youtube.com/watch?v=EzeYI7p9MjU,EzeYI7p9MjU
Divide and Conquer,java,https://www.youtube.com/watch?v=u0reeJzSoUk,u0reeJzSoUk
Divide and Conquer,java,https://www.youtube.com/watch?v=iTMn0Kt18tg,iTMn0Kt18tg
Divide and Conquer,java,https://www.youtube.com/watch?v=7BDzle2n47c,7BDzle2n47c
Divide and Conquer,java,https://www.youtube.com/watch?v=QeVkKXuOVXk,QeVkKXuOVXk
Divide and Conquer,java,https://www.youtube.com/watch?v=3OINLbK7s04,3OINLbK7s04
Divide and Conquer,java,https://www.youtube.com/watch?v=vQJCb5HCK7M,vQJCb5HCK7M
Divide and Conquer,java,https://www.youtube.com/watch?v=uThP_NAR7cY,uThP_NAR7cY
Divide and Conquer,java,https://www.youtube.com/watch?v=n9JFVk65k4k,n9JFVk65k4k
Divide and Conquer,java,https://www.youtube.com/watch?v=YE7cxWWq-2Y,YE7cxWWq-2Y
Divide and Conquer,java,https://www.youtube.com/watch?v=fQ3VgyNR49A,fQ3VgyNR49A
Divide and Conquer,java,https://www.youtube.com/watch?v=UJ7L1m8qmJQ,UJ7L1m8qmJQ
Divide and Conquer,java,https://www.youtube.com/watch?v=uEUXGcc2VXM,uEUXGcc2VXM
Divide and Conquer,java,https://www.youtube.com/watch?v=Ybv_qlEA5yo,Ybv_qlEA5yo
Divide and Conquer,java,https://www.youtube.com/watch?v=IJDJ0kBx2LM,IJDJ0kBx2LM
Divide and Conquer,java,https://www.youtube.com/watch?v=mVpH8byx51Y,mVpH8byx51Y
Divide and Conquer,java,https://www.youtube.com/watch?v=Dg_b7rmE690,Dg_b7rmE690
Divide and Conquer,java,https://www.youtube.com/watch?v=9ZPJL3ArtkA,9ZPJL3ArtkA
Divide and Conquer,java,https://www.youtube.com/watch?v=w9ezyAKdT44,w9ezyAKdT44
Divide and Conquer,java,https://www.youtube.com/watch?v=TzeBrDU-JaY,TzeBrDU-JaY
Divide and Conquer,java,https://www.youtube.com/watch?v=-PHNO3adw8Q,-PHNO3adw8Q
Divide and Conquer,java,https://www.youtube.com/watch?v=40qh6tQk__4,40qh6tQk__4
Divide and Conquer,java,https://www.youtube.com/watch?v=Mh7IKVDRbJw,Mh7IKVDRbJw
Divide and Conquer,java,https://www.youtube.com/watch?v=iMT7gTPpaqw,iMT7gTPpaqw
Divide and Conquer,c,https://www.youtube.com/watch?v=f_VwpXp5q_8,f_VwpXp5q_8
Divide and Conquer,c,https://www.youtube.com/watch?v=cJxfqFgNi6Q,cJxfqFgNi6Q
Divide and Conquer,c,https://www.youtube.com/watch?v=8M9BHOX_zrw,8M9BHOX_zrw
Divide and Conquer,c,https://www.youtube.com/watch?v=Dgad_xUxqYM,Dgad_xUxqYM
Divide and Conquer,c,https://www.youtube.com/watch?v=NBceUF5ui9s,NBceUF5ui9s
Divide and Conquer,c,https://www.youtube.com/watch?v=UHWm7_Ef0_A,UHWm7_Ef0_A
Divide and Conquer,c,https://www.youtube.com/watch?v=pM_8Y0AU6rU,pM_8Y0AU6rU
Divide and Conquer,c,https://www.youtube.com/watch?v=XNAfl2swlnY,XNAfl2swlnY
Divide and Conquer,c,https://www.youtube.com/watch?v=W7rChliGE5M,W7rChliGE5M
Divide and Conquer,c,https://www.youtube.com/watch?v=DFw0FIGCPWw,DFw0FIGCPWw
Divide and Conquer,c,https://www.youtube.com/watch?v=SJIS6j-3p70,SJIS6j-3p70
Divide and Conquer,c,https://www.youtube.com/watch?v=3o2ALqsQc24,3o2ALqsQc24
Divide and Conquer,c,https://www.youtube.com/watch?v=_AojEoKATBk,_AojEoKATBk
Divide and Conquer,c,https://www.youtube.com/watch?v=mB5HXBb_HY8,mB5HXBb_HY8
Divide and Conquer,c,https://www.youtube.com/watch?v=EF5qrUTiNrE,EF5qrUTiNrE
Divide and Conquer,cpp,https://www.youtube.com/watch?v=F_hd7SSg6Ys,F_hd7SSg6Ys
Divide and Conquer,cpp,https://www.youtube.com/watch?v=GVFXYrMRqFw,GVFXYrMRqFw
Divide and Conquer,cpp,https://www.youtube.com/watch?v=qjEcI4M5GkY,qjEcI4M5GkY
Divide and Conquer,cpp,https://www.youtube.com/watch?v=kcrSFTfB7Gk,kcrSFTfB7Gk
Divide and Conquer,cpp,https://www.youtube.com/watch?v=TvQesCFPgLg,TvQesCFPgLg
Divide and Conquer,cpp,https://www.youtube.com/watch?v=Ec3fSWk9JOw,Ec3fSWk9JOw
Divide and Conquer,cpp,https://www.youtube.com/watch?v=sTIDcg8uVJg,sTIDcg8uVJg
Divide and Conquer,cpp,https://www.youtube.com/watch?v=oi6c9l6bozs,oi6c9l6bozs
Divide and Conquer,cpp,https://www.youtube.com/watch?v=dwvSUErF5LA,dwvSUErF5LA
Divide and Conquer,cpp,https://www.youtube.com/watch?v=OirLqztHbjk,OirLqztHbjk
Divide and Conquer,cpp,https://www.youtube.com/watch?v=Mg1LQG57DDI,Mg1LQG57DDI
Divide and Conquer,cpp,https://www.youtube.com/watch?v=jZnelSK0MB4,jZnelSK0MB4
Divide and Conquer,cpp,https://www.youtube.com/watch?v=HXGCFIizaWA,HXGCFIizaWA
Divide and Conquer,cpp,https://www.youtube.com/watch?v=haUr-4oCVYQ,haUr-4oCVYQ
Divide and Conquer,cpp,https://www.youtube.com/watch?v=rUWzHgxaKT8,rUWzHgxaKT8
Divide and Conquer,cpp,https://www.youtube.com/watch?v=0CUzCA4y7gE,0CUzCA4y7gE
Divide and Conquer,cpp,https://www.youtube.com/watch?v=X1anlGFA_V0,X1anlGFA_V0
Divide and Conquer,cpp,https://www.youtube.com/watch?v=pt0-eFktAFc,pt0-eFktAFc
Parsing,python,https://www.youtube.com/watch?v=VuZ63qocj54,VuZ63qocj54
Parsing,python,https://www.youtube.com/watch?v=Eh2Uvtdyid8,Eh2Uvtdyid8
Parsing,python,https://www.youtube.com/watch?v=1aQH5x49Nic,1aQH5x49Nic
Parsing,python,https://www.youtube.com/watch?v=GMrDF1zGC84,GMrDF1zGC84
Parsing,python,https://www.youtube.com/watch?v=alSgAbyC7K8,alSgAbyC7K8
Parsing,python,https://www.youtube.com/watch?v=jMt3CR7voww,jMt3CR7voww
Parsing,python,https://www.youtube.com/watch?v=TcexImSgues,TcexImSgues
Parsing,python,https://www.youtube.com/watch?v=ve2pmm5JqmI,ve2pmm5JqmI
Parsing,python,https://www.youtube.com/watch?v=88pl8TuuKz0,88pl8TuuKz0
Parsing,python,https://www.youtube.com/watch?v=Iav_15Yh17s,Iav_15Yh17s
Parsing,python,https://www.youtube.com/watch?v=E0ao9HQRZzk,E0ao9HQRZzk
Parsing,python,https://www.youtube.com/watch?v=bkpLhQd6YQM,bkpLhQd6YQM
Parsing,python,https://www.youtube.com/watch?v=1uA-pLITer0,1uA-pLITer0
Parsing,python,https://www.youtube.com/watch?v=zWm1cFbQExA,zWm1cFbQExA
Parsing,python,https://www.youtube.com/watch?v=JZ8DnYPPTO0,JZ8DnYPPTO0
Parsing,python,https://www.youtube.com/watch?v=7o_XHE0kxiY,7o_XHE0kxiY
Parsing,python,https://www.youtube.com/watch?v=Pl7t7Y0xx1k,Pl7t7Y0xx1k
Parsing,python,https://www.youtube.com/watch?v=J-o61WgSBao,J-o61WgSBao
Parsing,python,https://www.youtube.com/watch?v=o9Ywwo6m0D0,o9Ywwo6m0D0
Parsing,python,https://www.youtube.com/watch?v=CeOtqlh0UuQ,CeOtqlh0UuQ
Parsing,java,https://www.youtube.com/watch?v=ORGbfuzg33I,ORGbfuzg33I
Parsing,java,https://www.youtube.com/watch?v=zd1YRjUdz9Y,zd1YRjUdz9Y
Parsing,java,https://www.youtube.com/watch?v=lFml2zXo8zw,lFml2zXo8zw
Parsing,java,https://www.youtube.com/watch?v=E-wokROz5UE,E-wokROz5UE
Parsing,java,https://www.youtube.com/watch?v=mv8ZH_fENWg,mv8ZH_fENWg
Parsing,java,https://www.youtube.com/watch?v=k6qPkEMmG0Q,k6qPkEMmG0Q
Parsing,java,https://www.youtube.com/watch?v=DNCBaeCoMug,DNCBaeCoMug
Parsing,java,https://www.youtube.com/watch?v=IxcyZLfycOU,IxcyZLfycOU
Parsing,java,https://www.youtube.com/watch?v=Xe9H5BGWRfM,Xe9H5BGWRfM
Parsing,java,https://www.youtube.com/watch?v=mKi6oZSa330,mKi6oZSa330
Parsing,java,https://www.youtube.com/watch?v=tO4rkJAC7FM,tO4rkJAC7FM
Parsing,java,https://www.youtube.com/watch?v=XJOkRPZYSYo,XJOkRPZYSYo
Parsing,java,https://www.youtube.com/watch?v=QPf_zMPShZg,QPf_zMPShZg
Parsing,java,https://www.youtube.com/watch?v=52FFbVrYDDk,52FFbVrYDDk
Parsing,java,https://www.youtube.com/watch?v=T0BO415l3N0,T0BO415l3N0
Parsing,java,https://www.youtube.com/watch?v=Hv_a3ZBSO_g,Hv_a3ZBSO_g
Parsing,java,https://www.youtube.com/watch?v=VNuQnKUCPKs,VNuQnKUCPKs
Parsing,java,https://www.youtube.com/watch?v=SRPayhD1QnE,SRPayhD1QnE
Parsing,java,https://www.youtube.com/watch?v=Js5G8zEjEBs,Js5G8zEjEBs
Parsing,java,https://www.youtube.com/watch?v=HfGWVy-eMRc,HfGWVy-eMRc
Parsing,java,https://www.youtube.com/watch?v=TwxYNwkZ8Vs,TwxYNwkZ8Vs
Parsing,java,https://www.youtube.com/watch?v=8GoH1x4BSag,8GoH1x4BSag
Parsing,java,https://www.youtube.com/watch?v=u0c9_mjCe8o,u0c9_mjCe8o
Parsing,java,https://www.youtube.com/watch?v=dsGiYqi2G_w,dsGiYqi2G_w
Parsing,java,https://www.youtube.com/watch?v=Pnaqn6GOyzU,Pnaqn6GOyzU
Parsing,java,https://www.youtube.com/watch?v=J8JHOFwB6oM,J8JHOFwB6oM
Parsing,java,https://www.youtube.com/watch?v=-wVxAG8qGVI,-wVxAG8qGVI
Parsing,java,https://www.youtube.com/watch?v=DNv1KthIH9o,DNv1KthIH9o
Parsing,java,https://www.youtube.com/watch?v=8H1lLQLNKsU,8H1lLQLNKsU
Parsing,java,https://www.youtube.com/watch?v=4Ks-lsY_1yc,4Ks-lsY_1yc
Parsing,java,https://www.youtube.com/watch?v=MyeCtgREHrc,MyeCtgREHrc
Parsing,java,https://www.youtube.com/watch?v=1XebWf1U1JM,1XebWf1U1JM
Parsing,java,https://www.youtube.com/watch?v=2UYJ6blWfVE,2UYJ6blWfVE
Parsing,java,https://www.youtube.com/watch?v=Eylzrkwcr-Y,Eylzrkwcr-Y
Parsing,java,https://www.youtube.com/watch?v=nPciTVMIDU4,nPciTVMIDU4
Parsing,java,https://www.youtube.com/watch?v=WQNzQv9at50,WQNzQv9at50
Parsing,java,https://www.youtube.com/watch?v=SToUyjAsaFk,SToUyjAsaFk
Parsing,java,https://www.youtube.com/watch?v=PooQrbFrd_U,PooQrbFrd_U
Parsing,c,https://www.youtube.com/watch?v=w-lFfDqxdrQ,w-lFfDqxdrQ
Parsing,c,https://www.youtube.com/watch?v=Mm9d_LEQvcw,Mm9d_LEQvcw
Parsing,c,https://www.youtube.com/watch?v=ZkAu-9PyJEM,ZkAu-9PyJEM
Parsing,c,https://www.youtube.com/watch?v=rggbFFTWEyA,rggbFFTWEyA
Parsing,c,https://www.youtube.com/watch?v=jhB7KcuKIEo,jhB7KcuKIEo
Parsing,c,https://www.youtube.com/watch?v=_BrDLSLYGiQ,_BrDLSLYGiQ
Parsing,c,https://www.youtube.com/watch?v=L8hVbPIVE0U,L8hVbPIVE0U
Parsing,c,https://www.youtube.com/watch?v=AWgPYqA8d6Y,AWgPYqA8d6Y
Parsing,c,https://www.youtube.com/watch?v=WfIr7lKT4Sk,WfIr7lKT4Sk
Parsing,c,https://www.youtube.com/watch?v=tH5AOX9929g,tH5AOX9929g
Parsing,c,https://www.youtube.com/watch?v=yi_sAj9AM6Y,yi_sAj9AM6Y
Parsing,c,https://www.youtube.com/watch?v=GL9S9iPodT0,GL9S9iPodT0
Parsing,c,https://www.youtube.com/watch?v=k8LLhOoDYoQ,k8LLhOoDYoQ
Parsing,c,https://www.youtube.com/watch?v=ADzIWK3Srjg,ADzIWK3Srjg
Parsing,c,https://www.youtube.com/watch?v=tCJgnBI1D5o,tCJgnBI1D5o
Parsing,c,https://www.youtube.com/watch?v=mgjwjd3Led4,mgjwjd3Led4
Parsing,c,https://www.youtube.com/watch?v=dERubn2wCWo,dERubn2wCWo
Parsing,c,https://www.youtube.com/watch?v=rauO5qespFc,rauO5qespFc
Parsing,c,https://www.youtube.com/watch?v=NBwvtoJghz4,NBwvtoJghz4
Parsing,c,https://www.youtube.com/watch?v=qZ5Qdsr0bK0,qZ5Qdsr0bK0
Parsing,c,https://www.youtube.com/watch?v=2J7EGOMRDQA,2J7EGOMRDQA
Parsing,c,https://www.youtube.com/watch?v=-BjWCx-50Lc,-BjWCx-50Lc
Parsing,c,https://www.youtube.com/watch?v=f2dPcchw2nw,f2dPcchw2nw
Parsing,c,https://www.youtube.com/watch?v=KUfXSTyJA2M,KUfXSTyJA2M
Parsing,c,https://www.youtube.com/watch?v=2DTNDrdqGlo,2DTNDrdqGlo
Parsing,cpp,https://www.youtube.com/watch?v=A9aNn6q-P6Y,A9aNn6q-P6Y
Parsing,cpp,https://www.youtube.com/watch?v=35ovlcpOccA,35ovlcpOccA
Parsing,cpp,https://www.youtube.com/watch?v=v5rTwqq-PoE,v5rTwqq-PoE
Parsing,cpp,https://www.youtube.com/watch?v=tkDfxdoQw4I,tkDfxdoQw4I
Parsing,cpp,https://www.youtube.com/watch?v=xSxAB1UCxi8,xSxAB1UCxi8
Parsing,cpp,https://www.youtube.com/watch?v=ux8vbVDlOow,ux8vbVDlOow
Parsing,cpp,https://www.youtube.com/watch?v=4uARCS--vts,4uARCS--vts
Parsing,cpp,https://www.youtube.com/watch?v=d1gUfL7A1MA,d1gUfL7A1MA
Parsing,cpp,https://www.youtube.com/watch?v=4WtIlc0MOgk,4WtIlc0MOgk
Parsing,cpp,https://www.youtube.com/watch?v=w8gEr1VEvbc,w8gEr1VEvbc
Parsing,cpp,https://www.youtube.com/watch?v=xSBWklPLRvw,xSBWklPLRvw
Parsing,cpp,https://www.youtube.com/watch?v=nSyK6-7ovcs,nSyK6-7ovcs
Parsing,cpp,https://www.youtube.com/watch?v=hTIO848pNSI,hTIO848pNSI
Parsing,cpp,https://www.youtube.com/watch?v=My6D8Bo-xMs,My6D8Bo-xMs
Parsing,cpp,https://www.youtube.com/watch?v=KexW0HJD8OY,KexW0HJD8OY
Parsing,cpp,https://www.youtube.com/watch?v=ijIxcB9qjaU,ijIxcB9qjaU
Parsing,cpp,https://www.youtube.com/watch?v=lnsAi_bWNpI,lnsAi_bWNpI
Parsing,cpp,https://www.youtube.com/watch?v=M7O_ps9-6_o,M7O_ps9-6_o
Parsing,cpp,https://www.youtube.com/watch?v=JZgHEgdy3Ug,JZgHEgdy3Ug
Parsing,cpp,https://www.youtube.com/watch?v=WYs04vCL-4s,WYs04vCL-4s
Parsing,cpp,https://www.youtube.com/watch?v=eF9qWbuQLuw,eF9qWbuQLuw
Parsing,cpp,https://www.youtube.com/watch?v=O5VEMAEDM5U,O5VEMAEDM5U
Parsing,cpp,https://www.youtube.com/watch?v=avXZE-Kgc-U,avXZE-Kgc-U
Parsing,cpp,https://www.youtube.com/watch?v=Cb0j6DVmwzY,Cb0j6DVmwzY
Parsing,cpp,https://www.youtube.com/watch?v=R4hMmsrEnL4,R4hMmsrEnL4
Parsing,cpp,https://www.youtube.com/watch?v=F5v_q62S3Vg,F5v_q62S3Vg
String,python,https://www.youtube.com/watch?v=8MbvSxfOpfo,8MbvSxfOpfo
String,python,https://www.youtube.com/watch?v=WrlovL32eEU,WrlovL32eEU
String,python,https://www.youtube.com/watch?v=k00jlOO5U-g,k00jlOO5U-g
String,python,https://www.youtube.com/watch?v=lXOWxEDHWS8,lXOWxEDHWS8
String,python,https://www.youtube.com/watch?v=6kcJp9fnBNY,6kcJp9fnBNY
String,python,https://www.youtube.com/watch?v=6UzivgAoKYg,6UzivgAoKYg
String,python,https://www.youtube.com/watch?v=Sy1tJVeiTuE,Sy1tJVeiTuE
String,python,https://www.youtube.com/watch?v=ucUClT5P3Ps,ucUClT5P3Ps
String,python,https://www.youtube.com/watch?v=pg9wxslmiM8,pg9wxslmiM8
String,python,https://www.youtube.com/watch?v=0Qncbm_f-Zc,0Qncbm_f-Zc
String,python,https://www.youtube.com/watch?v=2281aZM9d84,2281aZM9d84
String,python,https://www.youtube.com/watch?v=jWMYibpvawc,jWMYibpvawc
String,python,https://www.youtube.com/watch?v=LDpTmLgrO5o,LDpTmLgrO5o
String,python,https://www.youtube.com/watch?v=83rIQFEGjuc,83rIQFEGjuc
String,python,https://www.youtube.com/watch?v=02VWLKOpgQ8,02VWLKOpgQ8
String,python,https://www.youtube.com/watch?v=3ZVi86wR8m8,3ZVi86wR8m8
String,python,https://www.youtube.com/watch?v=PgTTNAgbd1I,PgTTNAgbd1I
String,python,https://www.youtube.com/watch?v=QqOgNyZ16R0,QqOgNyZ16R0
String,python,https://www.youtube.com/watch?v=gl9WzYKSmII,gl9WzYKSmII
String,python,https://www.youtube.com/watch?v=zzLeH53XfeU,zzLeH53XfeU
String,python,https://www.youtube.com/watch?v=GislXarh0A8,GislXarh0A8
String,python,https://www.youtube.com/watch?v=Q41fXe5Amus,Q41fXe5Amus
String,python,https://www.youtube.com/watch?v=Iyg7nrxgzwo,Iyg7nrxgzwo
String,python,https://www.youtube.com/watch?v=WKs-vN2cjk0,WKs-vN2cjk0
String,python,https://www.youtube.com/watch?v=z-RbovDmtW8,z-RbovDmtW8
String,python,https://www.youtube.com/watch?v=k9TUPpGqYTo,k9TUPpGqYTo
String,python,https://www.youtube.com/watch?v=C6EHlfn6kv0,C6EHlfn6kv0
String,python,https://www.youtube.com/watch?v=Z27w5RQZDxA,Z27w5RQZDxA
String,python,https://www.youtube.com/watch?v=VhlPyn8GuYY,VhlPyn8GuYY
String,python,https://www.youtube.com/watch?v=LZLGt2GWFt8,LZLGt2GWFt8
String,python,https://www.youtube.com/watch?v=Ctqi5Y4X-jA,Ctqi5Y4X-jA
String,python,https://www.youtube.com/watch?v=o6BUuT21icQ,o6BUuT21icQ
String,python,https://www.youtube.com/watch?v=Y79uB2txdfA,Y79uB2txdfA
String,python,https://www.youtube.com/watch?v=3zHAE6nVc6o,3zHAE6nVc6o
String,python,https://www.youtube.com/watch?v=pxQZhL2ZHJU,pxQZhL2ZHJU
String,python,https://www.youtube.com/watch?v=GBOzzryU-U0,GBOzzryU-U0
String,python,https://www.youtube.com/watch?v=7K2BjgjCFDo,7K2BjgjCFDo
String,python,https://www.youtube.com/watch?v=dFfI6swA7co,dFfI6swA7co
String,python,https://www.youtube.com/watch?v=RbGh-4fQAGw,RbGh-4fQAGw
String,python,https://www.youtube.com/watch?v=wFpTTFI3DIg,wFpTTFI3DIg
String,python,https://www.youtube.com/watch?v=crB-s93Z0-4,crB-s93Z0-4
String,python,https://www.youtube.com/watch?v=qD2vDrjdIYc,qD2vDrjdIYc
String,python,https://www.youtube.com/watch?v=0zaM0gRQZDk,0zaM0gRQZDk
String,python,https://www.youtube.com/watch?v=9gniK8C6va0,9gniK8C6va0
String,python,https://www.youtube.com/watch?v=PLC_Jn9qCbU,PLC_Jn9qCbU
String,java,https://www.youtube.com/watch?v=8kmtCVgqM34,8kmtCVgqM34
String,java,https://www.youtube.com/watch?v=Z2OS8u6Spj4,Z2OS8u6Spj4
String,java,https://www.youtube.com/watch?v=8merapj9CLI,8merapj9CLI
String,java,https://www.youtube.com/watch?v=A9Q4vncNNEI,A9Q4vncNNEI
String,java,https://www.youtube.com/watch?v=dR7ZBaEiAnQ,dR7ZBaEiAnQ
String,java,https://www.youtube.com/watch?v=twhMqy2fkt4,twhMqy2fkt4
String,java,https://www.youtube.com/watch?v=n4VOltnU_KA,n4VOltnU_KA
String,java,https://www.youtube.com/watch?v=fzWQJXdTxVI,fzWQJXdTxVI
String,java,https://www.youtube.com/watch?v=JFGOhpeSurg,JFGOhpeSurg
String,java,https://www.youtube.com/watch?v=isTQ9z5Ya0E,isTQ9z5Ya0E
String,java,https://www.youtube.com/watch?v=EM1aZjiQMi8,EM1aZjiQMi8
String,java,https://www.youtube.com/watch?v=yMkFYxrDL2M,yMkFYxrDL2M
String,java,https://www.youtube.com/watch?v=MY_d3VrKtIo,MY_d3VrKtIo
String,java,https://www.youtube.com/watch?v=8ne9zSBpl4s,8ne9zSBpl4s
String,java,https://www.youtube.com/watch?v=_EgAKo_HXH8,_EgAKo_HXH8
String,java,https://www.youtube.com/watch?v=1SJK4Y4axXs,1SJK4Y4axXs
String,java,https://www.youtube.com/watch?v=rGpW_1AtN_s,rGpW_1AtN_s
String,java,https://www.youtube.com/watch?v=lYeJXhjYNes,lYeJXhjYNes
String,java,https://www.youtube.com/watch?v=Ntl3DxhyrQQ,Ntl3DxhyrQQ
String,java,https://www.youtube.com/watch?v=R57pDw5cvGA,R57pDw5cvGA
String,java,https://www.youtube.com/watch?v=p_xb78eLzEU,p_xb78eLzEU
String,java,https://www.youtube.com/watch?v=KliNEG2pdYI,KliNEG2pdYI
String,java,https://www.youtube.com/watch?v=Kof8ezZVhng,Kof8ezZVhng
String,java,https://www.youtube.com/watch?v=a2hIvJt6F84,a2hIvJt6F84
String,java,https://www.youtube.com/watch?v=SUqK9IsKsFs,SUqK9IsKsFs
String,java,https://www.youtube.com/watch?v=LgquOtnjMJ8,LgquOtnjMJ8
String,java,https://www.youtube.com/watch?v=aKaw9W789wU,aKaw9W789wU
String,java,https://www.youtube.com/watch?v=QrwFrm1R8OY,QrwFrm1R8OY
String,java,https://www.youtube.com/watch?v=EL4ZbRF587g,EL4ZbRF587g
String,java,https://www.youtube.com/watch?v=YjCI-7I7_vI,YjCI-7I7_vI
String,java,https://www.youtube.com/watch?v=OlW724WaJJQ,OlW724WaJJQ
String,java,https://www.youtube.com/watch?v=2RjkWk6zOgo,2RjkWk6zOgo
String,java,https://www.youtube.com/watch?v=mjcwxt7fehw,mjcwxt7fehw
String,java,https://www.youtube.com/watch?v=IwQoar1GsO0,IwQoar1GsO0
String,java,https://www.youtube.com/watch?v=5J9o2Q7MqUQ,5J9o2Q7MqUQ
String,java,https://www.youtube.com/watch?v=7NJEq15wgcM,7NJEq15wgcM
String,java,https://www.youtube.com/watch?v=g23opQRXHmk,g23opQRXHmk
String,c,https://www.youtube.com/watch?v=k-0GcSSlN1I,k-0GcSSlN1I
String,c,https://www.youtube.com/watch?v=uvc0o9jdBEs,uvc0o9jdBEs
String,c,https://www.youtube.com/watch?v=hziHbwvoyRI,hziHbwvoyRI
String,c,https://www.youtube.com/watch?v=aSjWHQPoi_s,aSjWHQPoi_s
String,c,https://www.youtube.com/watch?v=4DzU8qenhsQ,4DzU8qenhsQ
String,c,https://www.youtube.com/watch?v=TAkFzssVjzY,TAkFzssVjzY
String,c,https://www.youtube.com/watch?v=JW7rxZrjPnM,JW7rxZrjPnM
String,c,https://www.youtube.com/watch?v=8oEeJso8mKM,8oEeJso8mKM
String,c,https://www.youtube.com/watch?v=fBDOZpuxvyE,fBDOZpuxvyE
String,c,https://www.youtube.com/watch?v=60OI5tzmkCw,60OI5tzmkCw
String,c,https://www.youtube.com/watch?v=8Y2-gqQYcdM,8Y2-gqQYcdM
String,c,https://www.youtube.com/watch?v=YCbrzDG_XmA,YCbrzDG_XmA
String,c,https://www.youtube.com/watch?v=Z2eSSOrBHnA,Z2eSSOrBHnA
String,c,https://www.youtube.com/watch?v=-1muiZieHTA,-1muiZieHTA
String,c,https://www.youtube.com/watch?v=6hdfvRhJAx0,6hdfvRhJAx0
String,c,https://www.youtube.com/watch?v=uF0TaqLp0EE,uF0TaqLp0EE
String,c,https://www.youtube.com/watch?v=l7zI3nswO1g,l7zI3nswO1g
String,c,https://www.youtube.com/watch?v=CnrdjcW1LWc,CnrdjcW1LWc
String,c,https://www.youtube.com/watch?v=l3vbTW0FQSI,l3vbTW0FQSI
String,c,https://www.youtube.com/watch?v=q8iHKhMynRk,q8iHKhMynRk
String,c,https://www.youtube.com/watch?v=Fbx2Y3pSNNg,Fbx2Y3pSNNg
String,c,https://www.youtube.com/watch?v=s4D8uuBAQno,s4D8uuBAQno
String,c,https://www.youtube.com/watch?v=YuUcu3Wpm5c,YuUcu3Wpm5c
String,c,https://www.youtube.com/watch?v=zyMpYneSRvo,zyMpYneSRvo
String,c,https://www.youtube.com/watch?v=G-h1Dph9IOE,G-h1Dph9IOE
String,c,https://www.youtube.com/watch?v=4tSFY5p5ucA,4tSFY5p5ucA
String,c,https://www.youtube.com/watch?v=2sZ374PtENg,2sZ374PtENg
String,c,https://www.youtube.com/watch?v=aFji8-BUq04,aFji8-BUq04
String,c,https://www.youtube.com/watch?v=cCdn7Cy6TfE,cCdn7Cy6TfE
String,c,https://www.youtube.com/watch?v=-7cSmcdMryo,-7cSmcdMryo
String,c,https://www.youtube.com/watch?v=KgB1opkQLXw,KgB1opkQLXw
String,c,https://www.youtube.com/watch?v=M8BZqNtGBAQ,M8BZqNtGBAQ
String,cpp,https://www.youtube.com/watch?v=r_gczMCDBlk,r_gczMCDBlk
String,cpp,https://www.youtube.com/watch?v=ItfDCOqAaiQ,ItfDCOqAaiQ
String,cpp,https://www.youtube.com/watch?v=zo6B_eJmeLo,zo6B_eJmeLo
String,cpp,https://www.youtube.com/watch?v=dAxQkg9IXP8,dAxQkg9IXP8
String,cpp,https://www.youtube.com/watch?v=8WtwJm01qV8,8WtwJm01qV8
String,cpp,https://www.youtube.com/watch?v=ii96TL5al4M,ii96TL5al4M
String,cpp,https://www.youtube.com/watch?v=3-v_RigflHs,3-v_RigflHs
String,cpp,https://www.youtube.com/watch?v=xAMuYiUqFdM,xAMuYiUqFdM
String,cpp,https://www.youtube.com/watch?v=R3DopJ88qXQ,R3DopJ88qXQ
String,cpp,https://www.youtube.com/watch?v=mJdJtu-_IqY,mJdJtu-_IqY
String,cpp,https://www.youtube.com/watch?v=XRQbpeFrUsA,XRQbpeFrUsA
String,cpp,https://www.youtube.com/watch?v=LuFRDp9kKZ4,LuFRDp9kKZ4
String,cpp,https://www.youtube.com/watch?v=IgqofJ9u3zY,IgqofJ9u3zY
String,cpp,https://www.youtube.com/watch?v=p36pPa_vySg,p36pPa_vySg
String,cpp,https://www.youtube.com/watch?v=m_Lb6SjQeuo,m_Lb6SjQeuo
String,cpp,https://www.youtube.com/watch?v=HG_wwGCXS7c,HG_wwGCXS7c
String,cpp,https://www.youtube.com/watch?v=hHAyVC1m_H0,hHAyVC1m_H0
String,cpp,https://www.youtube.com/watch?v=LghgmM66s4c,LghgmM66s4c
String,cpp,https://www.youtube.com/watch?v=yKhPWrdA6U8,yKhPWrdA6U8
String,cpp,https://www.youtube.com/watch?v=jM9j4f1MvYw,jM9j4f1MvYw
String,cpp,https://www.youtube.com/watch?v=l7QXJ1Z8a8U,l7QXJ1Z8a8U
String,cpp,https://www.youtube.com/watch?v=qQ8vS2btsxI,qQ8vS2btsxI
String,cpp,https://www.youtube.com/watch?v=j2XX1vVfayk,j2XX1vVfayk
String,cpp,https://www.youtube.com/watch?v=FLTAUuDLNM0,FLTAUuDLNM0
String,cpp,https://www.youtube.com/watch?v=8uLqgA9n3eI,8uLqgA9n3eI
String,cpp,https://www.youtube.com/watch?v=LM6EDIKS5Pk,LM6EDIKS5Pk
Graph,python,https://www.youtube.com/watch?v=N_wmrHILPDw,N_wmrHILPDw
Graph,python,https://www.youtube.com/watch?v=HSe-1c4MbYo,HSe-1c4MbYo
Graph,python,https://www.youtube.com/watch?v=n8sU9ZXz-Vg,n8sU9ZXz-Vg
Graph,python,https://www.youtube.com/watch?v=YGdIhYAH5Js,YGdIhYAH5Js
Graph,python,https://www.youtube.com/watch?v=bmAMa8HW8us,bmAMa8HW8us
Graph,python,https://www.youtube.com/watch?v=fhSPKfWrBtQ,fhSPKfWrBtQ
Graph,python,https://www.youtube.com/watch?v=qgLcdZEmUpM,qgLcdZEmUpM
Graph,python,https://www.youtube.com/watch?v=1ntQW9yAtAg,1ntQW9yAtAg
Graph,python,https://www.youtube.com/watch?v=nFqU_mTCsNQ,nFqU_mTCsNQ
Graph,python,https://www.youtube.com/watch?v=SILEbZZMwG0,SILEbZZMwG0
Graph,python,https://www.youtube.com/watch?v=VTH21EqzECk,VTH21EqzECk
Graph,python,https://www.youtube.com/watch?v=NcffDnVBPHA,NcffDnVBPHA
Graph,python,https://www.youtube.com/watch?v=w9Bsti1Pz78,w9Bsti1Pz78
Graph,python,https://www.youtube.com/watch?v=ndh6gBl4EbY,ndh6gBl4EbY
Graph,python,https://www.youtube.com/watch?v=j0IYCyBdzfA,j0IYCyBdzfA
Graph,python,https://www.youtube.com/watch?v=X69y9N65Iu8,X69y9N65Iu8
Graph,python,https://www.youtube.com/watch?v=rHemTXFJIPM,rHemTXFJIPM
Graph,python,https://www.youtube.com/watch?v=wXBzIQ3OMIA,wXBzIQ3OMIA
Graph,python,https://www.youtube.com/watch?v=gwUDbV_VGI0,gwUDbV_VGI0
Graph,python,https://www.youtube.com/watch?v=NcpbpSZJVbs,NcpbpSZJVbs
Graph,python,https://www.youtube.com/watch?v=eCdRXFHONOw,eCdRXFHONOw
Graph,python,https://www.youtube.com/watch?v=mBWo7KU4g1g,mBWo7KU4g1g
Graph,python,https://www.youtube.com/watch?v=TERkgDpK6h0,TERkgDpK6h0
Graph,python,https://www.youtube.com/watch?v=tvOrIT2fBT8,tvOrIT2fBT8
Graph,python,https://www.youtube.com/watch?v=VetBkjcm9Go,VetBkjcm9Go
Graph,python,https://www.youtube.com/watch?v=T5uK9YYhH-E,T5uK9YYhH-E
Graph,python,https://www.youtube.com/watch?v=ez419CI-q-U,ez419CI-q-U
Graph,python,https://www.youtube.com/watch?v=9esCn0awd5k,9esCn0awd5k
Graph,python,https://www.youtube.com/watch?v=iTFZu4PoBhs,iTFZu4PoBhs
Graph,python,https://www.youtube.com/watch?v=8f1XPm4WOUc,8f1XPm4WOUc
Graph,python,https://www.youtube.com/watch?v=IFQwiPvw2VY,IFQwiPvw2VY
Graph,java,https://www.youtube.com/watch?v=yn6_-jgW1gc,yn6_-jgW1gc
Graph,java,https://www.youtube.com/watch?v=E5pTnnfHE0M,E5pTnnfHE0M
Graph,java,https://www.youtube.com/watch?v=WbP1KDXLgG4,WbP1KDXLgG4
Graph,java,https://www.youtube.com/watch?v=JTgFTvquUgU,JTgFTvquUgU
Graph,java,https://www.youtube.com/watch?v=CDEH5Pshu5I,CDEH5Pshu5I
Graph,java,https://www.youtube.com/watch?v=_hxFgg7TLZQ,_hxFgg7TLZQ
Graph,java,https://www.youtube.com/watch?v=I_ZXa4afc58,I_ZXa4afc58
Graph,java,https://www.youtube.com/watch?v=95OqCCRn5mo,95OqCCRn5mo
Graph,java,https://www.youtube.com/watch?v=sZGhy5ws290,sZGhy5ws290
Graph,java,https://www.youtube.com/watch?v=_V1Rm5Rxu70,_V1Rm5Rxu70
Graph,java,https://www.youtube.com/watch?v=7NmkTdrOxCI,7NmkTdrOxCI
Graph,java,https://www.youtube.com/watch?v=u1bpou50HGw,u1bpou50HGw
Graph,java,https://www.youtube.com/watch?v=dS44jZyj5gU,dS44jZyj5gU
Graph,java,https://www.youtube.com/watch?v=cseN3bt_Vhw,cseN3bt_Vhw
Graph,java,https://www.youtube.com/watch?v=yF-n_vjhoAw,yF-n_vjhoAw
Graph,java,https://www.youtube.com/watch?v=-VgHk7UMPP4,-VgHk7UMPP4
Graph,java,https://www.youtube.com/watch?v=dwtIO8GmAuA,dwtIO8GmAuA
Graph,java,https://www.youtube.com/watch?v=M3_pLsDdeuU,M3_pLsDdeuU
Graph,java,https://www.youtube.com/watch?v=6XO730K606M,6XO730K606M
Graph,java,https://www.youtube.com/watch?v=sfhH5CbBQD0,sfhH5CbBQD0
Graph,java,https://www.youtube.com/watch?v=WpzVf4OYbs0,WpzVf4OYbs0
Graph,java,https://www.youtube.com/watch?v=8UBwFE8H4Mc,8UBwFE8H4Mc
Graph,java,https://www.youtube.com/watch?v=dX6RZYxw41E,dX6RZYxw41E
Graph,java,https://www.youtube.com/watch?v=XdtX3EqOalc,XdtX3EqOalc
Graph,java,https://www.youtube.com/watch?v=zBbRgLpeZus,zBbRgLpeZus
Graph,java,https://www.youtube.com/watch?v=lbnoZaeMyTU,lbnoZaeMyTU
Graph,java,https://www.youtube.com/watch?v=Y29g_m96iaI,Y29g_m96iaI
Graph,c,https://www.youtube.com/watch?v=Ni6-a2-qSew,Ni6-a2-qSew
Graph,c,https://www.youtube.com/watch?v=wHhfA3_H6rI,wHhfA3_H6rI
Graph,c,https://www.youtube.com/watch?v=1Sv9JToath0,1Sv9JToath0
Graph,c,https://www.youtube.com/watch?v=DXbuFO1ULLg,DXbuFO1ULLg
Graph,c,https://www.youtube.com/watch?v=t6bTiVCLCO0,t6bTiVCLCO0
Graph,c,https://www.youtube.com/watch?v=GMD-6NU7zUA,GMD-6NU7zUA
Graph,c,https://www.youtube.com/watch?v=6WbjeYVf0FM,6WbjeYVf0FM
Graph,c,https://www.youtube.com/watch?v=3G2lwJkLFEY,3G2lwJkLFEY
Graph,c,https://www.youtube.com/watch?v=fVcKN42YXXI,fVcKN42YXXI
Graph,c,https://www.youtube.com/watch?v=iJYDLvsFeVQ,iJYDLvsFeVQ
Graph,c,https://www.youtube.com/watch?v=2-7vBNP4YFI,2-7vBNP4YFI
Graph,c,https://www.youtube.com/watch?v=C2sR5Z3V4H8,C2sR5Z3V4H8
Graph,c,https://www.youtube.com/watch?v=0Mfht-2kRj4,0Mfht-2kRj4
Graph,c,https://www.youtube.com/watch?v=gHLxOJuElEw,gHLxOJuElEw
Graph,c,https://www.youtube.com/watch?v=ukrxzUi5nbo,ukrxzUi5nbo
Graph,c,https://www.youtube.com/watch?v=8qhGBFUDzcw,8qhGBFUDzcw
Graph,c,https://www.youtube.com/watch?v=IGEoLYXqQiQ,IGEoLYXqQiQ
Graph,c,https://www.youtube.com/watch?v=lOz1skVf6To,lOz1skVf6To
Graph,c,https://www.youtube.com/watch?v=I_xFjVfmRWE,I_xFjVfmRWE
Graph,c,https://www.youtube.com/watch?v=R5NvskjtKU8,R5NvskjtKU8
Graph,c,https://www.youtube.com/watch?v=EaK6aslcC5g,EaK6aslcC5g
Graph,c,https://www.youtube.com/watch?v=UhHqmHUfqQE,UhHqmHUfqQE
Graph,c,https://www.youtube.com/watch?v=nvRkFi8rbOM,nvRkFi8rbOM
Graph,c,https://www.youtube.com/watch?v=5xTxWCzbNpc,5xTxWCzbNpc
Graph,c,https://www.youtube.com/watch?v=UJd3A0nrXg8,UJd3A0nrXg8
Graph,c,https://www.youtube.com/watch?v=AjyZWhfgGhs,AjyZWhfgGhs
Graph,c,https://www.youtube.com/watch?v=ymlzHmRN4To,ymlzHmRN4To
Graph,c,https://www.youtube.com/watch?v=SCpbxFG-7bM,SCpbxFG-7bM
Graph,c,https://www.youtube.com/watch?v=NWl-LtrWU-o,NWl-LtrWU-o
Graph,c,https://www.youtube.com/watch?v=nmWWYdpr3gk,nmWWYdpr3gk
Graph,c,https://www.youtube.com/watch?v=Yk5ls4rCY4o,Yk5ls4rCY4o
Graph,c,https://www.youtube.com/watch?v=f62OOQszOio,f62OOQszOio
Graph,c,https://www.youtube.com/watch?v=ju9Yk7OOEb8,ju9Yk7OOEb8
Graph,c,https://www.youtube.com/watch?v=d5TWiPKopzg,d5TWiPKopzg
Graph,cpp,https://www.youtube.com/watch?v=3JbZHYV8IUw,3JbZHYV8IUw
Graph,cpp,https://www.youtube.com/watch?v=qriweHLxuaw,qriweHLxuaw
Graph,cpp,https://www.youtube.com/watch?v=LG_KDNd5BQI,LG_KDNd5BQI
Graph,cpp,https://www.youtube.com/watch?v=IGURrDOQbqc,IGURrDOQbqc
Graph,cpp,https://www.youtube.com/watch?v=pJQvvCeqUcg,pJQvvCeqUcg
Graph,cpp,https://www.youtube.com/watch?v=xA7Iq5aBSbA,xA7Iq5aBSbA
Graph,cpp,https://www.youtube.com/watch?v=9tZ5wHD4VwI,9tZ5wHD4VwI
Graph,cpp,https://www.youtube.com/watch?v=Nqt2UTLQhqI,Nqt2UTLQhqI
Graph,cpp,https://www.youtube.com/watch?v=RNKVHQzvaRM,RNKVHQzvaRM
Graph,cpp,https://www.youtube.com/watch?v=dsBgoczxSC4,dsBgoczxSC4
Graph,cpp,https://www.youtube.com/watch?v=tZzUCi6X-3U,tZzUCi6X-3U
Graph,cpp,https://www.youtube.com/watch?v=gBTrONkXta0,gBTrONkXta0
Graph,cpp,https://www.youtube.com/watch?v=GDOGXGGVDDA,GDOGXGGVDDA
Graph,cpp,https://www.youtube.com/watch?v=zRkN9vTgXPY,zRkN9vTgXPY
Graph,cpp,https://www.youtube.com/watch?v=FNtMryLkQ5U,FNtMryLkQ5U
Graph,cpp,https://www.youtube.com/watch?v=3oI-34aPMWM,3oI-34aPMWM
Graph,cpp,https://www.youtube.com/watch?v=pcKY4hjDrxk,pcKY4hjDrxk
Graph,cpp,https://www.youtube.com/watch?v=HS569SqNqcU,HS569SqNqcU
Graph,cpp,https://www.youtube.com/watch?v=GFq_mKXb7p4,GFq_mKXb7p4
Graph,cpp,https://www.youtube.com/watch?v=bVWtKVcL05w,bVWtKVcL05w
Graph,cpp,https://www.youtube.com/watch?v=pQMXZoM5jyA,pQMXZoM5jyA
Graph,cpp,https://www.youtube.com/watch?v=ZTu4lmw_Qw8,ZTu4lmw_Qw8
Graph,cpp,https://www.youtube.com/watch?v=muncqlKJrH0,muncqlKJrH0
Tree,python,https://www.youtube.com/watch?v=lMgrx2r2pWY,lMgrx2r2pWY
Tree,python,https://www.youtube.com/watch?v=Q2g_GOdK6mk,Q2g_GOdK6mk
Tree,python,https://www.youtube.com/watch?v=1VNWJTbE2pM,1VNWJTbE2pM
Tree,python,https://www.youtube.com/watch?v=tojwOLOblgo,tojwOLOblgo
Tree,python,https://www.youtube.com/watch?v=ezWGWrzJe2w,ezWGWrzJe2w
Tree,python,https://www.youtube.com/watch?v=uAt9DpzEBNo,uAt9DpzEBNo
Tree,python,https://www.youtube.com/watch?v=XRA_r8slHuM,XRA_r8slHuM
Tree,python,https://www.youtube.com/watch?v=-gSu9s7WeKo,-gSu9s7WeKo
Tree,python,https://www.youtube.com/watch?v=wQwB5gdnEDg,wQwB5gdnEDg
Tree,python,https://www.youtube.com/watch?v=7sY3-u8BkXM,7sY3-u8BkXM
Tree,python,https://www.youtube.com/watch?v=9Ud5UeoBVqs,9Ud5UeoBVqs
Tree,python,https://www.youtube.com/watch?v=O895NbxirM8,O895NbxirM8
Tree,python,https://www.youtube.com/watch?v=ABhdD-WZjzU,ABhdD-WZjzU
Tree,python,https://www.youtube.com/watch?v=1d9sqmuLy-o,1d9sqmuLy-o
Tree,python,https://www.youtube.com/watch?v=UIpVEnl1zmk,UIpVEnl1zmk
Tree,python,https://www.youtube.com/watch?v=vSbBB4MRzp4,vSbBB4MRzp4
Tree,python,https://www.youtube.com/watch?v=fUkrQD9nw0Y,fUkrQD9nw0Y
Tree,python,https://www.youtube.com/watch?v=4r_XR9fUPhQ,4r_XR9fUPhQ
Tree,python,https://www.youtube.com/watch?v=0Bkn0scvqdg,0Bkn0scvqdg
Tree,python,https://www.youtube.com/watch?v=W4ckxCijrLY,W4ckxCijrLY
Tree,python,https://www.youtube.com/watch?v=IoN0tFHRTZw,IoN0tFHRTZw
Tree,python,https://www.youtube.com/watch?v=FrckCXDB0xQ,FrckCXDB0xQ
Tree,python,https://www.youtube.com/watch?v=TezryjBe3Ts,TezryjBe3Ts
Tree,python,https://www.youtube.com/watch?v=ESLnCEh_sC4,ESLnCEh_sC4
Tree,python,https://www.youtube.com/watch?v=aM-oswPn19o,aM-oswPn19o
Tree,python,https://www.youtube.com/watch?v=ZDWwLwcHOHU,ZDWwLwcHOHU
Tree,python,https://www.youtube.com/watch?v=4zVdfkpcT6U,4zVdfkpcT6U
Tree,python,https://www.youtube.com/watch?v=RFjXYPUBMmU,RFjXYPUBMmU
Tree,python,https://www.youtube.com/watch?v=6oL-0TdVy28,6oL-0TdVy28
Tree,python,https://www.youtube.com/watch?v=-JFngYs21Y8,-JFngYs21Y8
Tree,python,https://www.youtube.com/watch?v=lFq5mYUWEBk,lFq5mYUWEBk
Tree,python,https://www.youtube.com/watch?v=hXGNpfEDSYM,hXGNpfEDSYM
Tree,python,https://www.youtube.com/watch?v=4s1Tcvm00pA,4s1Tcvm00pA
Tree,python,https://www.youtube.com/watch?v=8wQbIOdbfCk,8wQbIOdbfCk
Tree,python,https://www.youtube.com/watch?v=ljWDyGV7-4g,ljWDyGV7-4g
Tree,python,https://www.youtube.com/watch?v=uYTM3xFDf9A,uYTM3xFDf9A
Tree,python,https://www.youtube.com/watch?v=-fgjjJQYtZA,-fgjjJQYtZA
Tree,python,https://www.youtube.com/watch?v=dOAxrhAUIhA,dOAxrhAUIhA
Tree,python,https://www.youtube.com/watch?v=moEx726p1jE,moEx726p1jE
Tree,python,https://www.youtube.com/watch?v=MHD7Vseqzmw,MHD7Vseqzmw
Tree,python,https://www.youtube.com/watch?v=PlOZLZMHJ7U,PlOZLZMHJ7U
Tree,python,https://www.youtube.com/watch?v=1tz41LKCeQU,1tz41LKCeQU
Tree,python,https://www.youtube.com/watch?v=ODGWlMZXYNM,ODGWlMZXYNM
Tree,python,https://www.youtube.com/watch?v=oNkwrzZ3l_M,oNkwrzZ3l_M
Tree,java,https://www.youtube.com/watch?v=FPc36I2vzjQ,FPc36I2vzjQ
Tree,java,https://www.youtube.com/watch?v=4-e-sLp7qcg,4-e-sLp7qcg
Tree,java,https://www.youtube.com/watch?v=vnFerLtQ_K0,vnFerLtQ_K0
Tree,java,https://www.youtube.com/watch?v=W3uPlSCzAZM,W3uPlSCzAZM
Tree,java,https://www.youtube.com/watch?v=ESGr8wgQvj4,ESGr8wgQvj4
Tree,java,https://www.youtube.com/watch?v=i5yHkP1jQmo,i5yHkP1jQmo
Tree,java,https://www.youtube.com/watch?v=cOjLyASDJcc,cOjLyASDJcc
Tree,java,https://www.youtube.com/watch?v=qUYkV2F1R-k,qUYkV2F1R-k
Tree,java,https://www.youtube.com/watch?v=wbYc6d4th50,wbYc6d4th50
Tree,java,https://www.youtube.com/watch?v=LnxEBW29DOw,LnxEBW29DOw
Tree,java,https://www.youtube.com/watch?v=9BiHgy40NNE,9BiHgy40NNE
Tree,java,https://www.youtube.com/watch?v=8p0oh91YsnA,8p0oh91YsnA
Tree,java,https://www.youtube.com/watch?v=ZIzRav8mmvY,ZIzRav8mmvY
Tree,java,https://www.youtube.com/watch?v=4QmZUZnNuSo,4QmZUZnNuSo
Tree,java,https://www.youtube.com/watch?v=qH-9dhptjXE,qH-9dhptjXE
Tree,java,https://www.youtube.com/watch?v=HIcHnMYx8Zk,HIcHnMYx8Zk
Tree,java,https://www.youtube.com/watch?v=M6lYob8STMI,M6lYob8STMI
Tree,java,https://www.youtube.com/watch?v=bqOSo1f1jbo,bqOSo1f1jbo
Tree,java,https://www.youtube.com/watch?v=qd-jmT06Eb4,qd-jmT06Eb4
Tree,java,https://www.youtube.com/watch?v=FxaZu9KeKyI,FxaZu9KeKyI
Tree,java,https://www.youtube.com/watch?v=0GRDiheRyf0,0GRDiheRyf0
Tree,java,https://www.youtube.com/watch?v=hUHqEu5Rcic,hUHqEu5Rcic
Tree,java,https://www.youtube.com/watch?v=WcKJf6YBH3o,WcKJf6YBH3o
Tree,java,https://www.youtube.com/watch?v=4_UDUj1j1KQ,4_UDUj1j1KQ
Tree,java,https://www.youtube.com/watch?v=-T0Sa_7PfSE,-T0Sa_7PfSE
Tree,java,https://www.youtube.com/watch?v=U0xUyOqWsXg,U0xUyOqWsXg
Tree,java,https://www.youtube.com/watch?v=vHOi1Sjb9pk,vHOi1Sjb9pk
Tree,java,https://www.youtube.com/watch?v=Rqvsj5uPFLY,Rqvsj5uPFLY
Tree,java,https://www.youtube.com/watch?v=5p5rOZh03pg,5p5rOZh03pg
Tree,java,https://www.youtube.com/watch?v=fxdLk18Ms5A,fxdLk18Ms5A
Tree,java,https://www.youtube.com/watch?v=40X0lN71KbY,40X0lN71KbY
Tree,java,https://www.youtube.com/watch?v=wL7JOLxbMI4,wL7JOLxbMI4
Tree,java,https://www.youtube.com/watch?v=hu2fM4es40g,hu2fM4es40g
Tree,java,https://www.youtube.com/watch?v=k7NF6rNOs4Y,k7NF6rNOs4Y
Tree,java,https://www.youtube.com/watch?v=SKD5xVR48xs,SKD5xVR48xs
Tree,java,https://www.youtube.com/watch?v=13m9ZCB8gjw,13m9ZCB8gjw
Tree,java,https://www.youtube.com/watch?v=mm4Q1a0YE0E,mm4Q1a0YE0E
Tree,java,https://www.youtube.com/watch?v=SDXnIxZw6R4,SDXnIxZw6R4
Tree,java,https://www.youtube.com/watch?v=Yt50Jfbd8Po,Yt50Jfbd8Po
Tree,c,https://www.youtube.com/watch?v=-KWwtz_ngTs,-KWwtz_ngTs
Tree,c,https://www.youtube.com/watch?v=Xt2xDaqE06o,Xt2xDaqE06o
Tree,c,https://www.youtube.com/watch?v=h9IIoDpUOTk,h9IIoDpUOTk
Tree,c,https://www.youtube.com/watch?v=yhb5D7-i9Q0,yhb5D7-i9Q0
Tree,c,https://www.youtube.com/watch?v=0V-PbAqG8gc,0V-PbAqG8gc
Tree,c,https://www.youtube.com/watch?v=m6DK0vZkZ3A,m6DK0vZkZ3A
Tree,c,https://www.youtube.com/watch?v=czySm7bUHgY,czySm7bUHgY
Tree,c,https://www.youtube.com/watch?v=UbhlOk7vjVY,UbhlOk7vjVY
Tree,c,https://www.youtube.com/watch?v=cMANOtB5W-o,cMANOtB5W-o
Tree,c,https://www.youtube.com/watch?v=2vh2YP46CNw,2vh2YP46CNw
Tree,c,https://www.youtube.com/watch?v=1-l_UOFi1Xw,1-l_UOFi1Xw
Tree,c,https://www.youtube.com/watch?v=jBDc4Uuif28,jBDc4Uuif28
Tree,c,https://www.youtube.com/watch?v=COhVCXddbks,COhVCXddbks
Tree,c,https://www.youtube.com/watch?v=5dySuyZf9Qg,5dySuyZf9Qg
Tree,c,https://www.youtube.com/watch?v=67xonBF40Aw,67xonBF40Aw
Tree,c,https://www.youtube.com/watch?v=9RHO6jU--GU,9RHO6jU--GU
Tree,c,https://www.youtube.com/watch?v=BAVuQVF5KG4,BAVuQVF5KG4
Tree,c,https://www.youtube.com/watch?v=LFGBTFxHJII,LFGBTFxHJII
Tree,c,https://www.youtube.com/watch?v=Pj5w6qnCXes,Pj5w6qnCXes
Tree,c,https://www.youtube.com/watch?v=iyATpWxgNIo,iyATpWxgNIo
Tree,c,https://www.youtube.com/watch?v=9D-vP-jcc-Y,9D-vP-jcc-Y
Tree,c,https://www.youtube.com/watch?v=6vt3PFRC11E,6vt3PFRC11E
Tree,c,https://www.youtube.com/watch?v=-DzowlcaUmE,-DzowlcaUmE
Tree,c,https://www.youtube.com/watch?v=hfwwaNNJ-0A,hfwwaNNJ-0A
Tree,c,https://www.youtube.com/watch?v=TMYBOOVIqBE,TMYBOOVIqBE
Tree,c,https://www.youtube.com/watch?v=il2HXsJPGO4,il2HXsJPGO4
Tree,c,https://www.youtube.com/watch?v=8M9E3wb32GE,8M9E3wb32GE
Tree,c,https://www.youtube.com/watch?v=FpNE52tzJMM,FpNE52tzJMM
Tree,c,https://www.youtube.com/watch?v=Ir9Ni46g8Qo,Ir9Ni46g8Qo
Tree,cpp,https://www.youtube.com/watch?v=c-CrBmDnb-M,c-CrBmDnb-M
Tree,cpp,https://www.youtube.com/watch?v=vjPNSXsw7aI,vjPNSXsw7aI
Tree,cpp,https://www.youtube.com/watch?v=HEHhLw4pq60,HEHhLw4pq60
Tree,cpp,https://www.youtube.com/watch?v=TZTit-eGKXE,TZTit-eGKXE
Tree,cpp,https://www.youtube.com/watch?v=sf_9w653xdE,sf_9w653xdE
Tree,cpp,https://www.youtube.com/watch?v=om2KvZZHnpE,om2KvZZHnpE
Tree,cpp,https://www.youtube.com/watch?v=bADJ2IjFsWs,bADJ2IjFsWs
Tree,cpp,https://www.youtube.com/watch?v=4PUiDmD5dkg,4PUiDmD5dkg
Tree,cpp,https://www.youtube.com/watch?v=3FPjmO3-6IY,3FPjmO3-6IY
Tree,cpp,https://www.youtube.com/watch?v=fAz_Y8IJkdg,fAz_Y8IJkdg
Tree,cpp,https://www.youtube.com/watch?v=UHxtjVsOTHc,UHxtjVsOTHc
Tree,cpp,https://www.youtube.com/watch?v=pI0lywjbKWk,pI0lywjbKWk
Tree,cpp,https://www.youtube.com/watch?v=YAdLFsTG70w,YAdLFsTG70w
Tree,cpp,https://www.youtube.com/watch?v=zuuAPYiMYDA,zuuAPYiMYDA
Tree,cpp,https://www.youtube.com/watch?v=xhkSiIeTKQo,xhkSiIeTKQo
Tree,cpp,https://www.youtube.com/watch?v=0d2hre6YY3c,0d2hre6YY3c
Tree,cpp,https://www.youtube.com/watch?v=edPtY0n12Jw,edPtY0n12Jw
Tree,cpp,https://www.youtube.com/watch?v=pCXgWg5OfhY,pCXgWg5OfhY
Tree,cpp,https://www.youtube.com/watch?v=QAEI6yksD6M,QAEI6yksD6M
Tree,cpp,https://www.youtube.com/watch?v=iq7xy9dK3po,iq7xy9dK3po
Tree,cpp,https://www.youtube.com/watch?v=kIJ2YEWGbDM,kIJ2YEWGbDM
Tree,cpp,https://www.youtube.com/watch?v=XZPCADenpWY,XZPCADenpWY
Tree,cpp,https://www.youtube.com/watch?v=q_a6lpbKJdw,q_a6lpbKJdw
Tree,cpp,https://www.youtube.com/watch?v=p3YUlEZr2vM,p3YUlEZr2vM
Tree,cpp,https://www.youtube.com/watch?v=gm8DUJJhmY4,gm8DUJJhmY4
Tree,cpp,https://www.youtube.com/watch?v=kNzYDdmOzm0,kNzYDdmOzm0
Tree,cpp,https://www.youtube.com/watch?v=1JLMg0z7neM,1JLMg0z7neM
Tree,cpp,https://www.youtube.com/watch?v=66FAHiBBpcY,66FAHiBBpcY
Tree,cpp,https://www.youtube.com/watch?v=XrBUQA7xzus,XrBUQA7xzus
Tree,cpp,https://www.youtube.com/watch?v=COZK7NATh4k,COZK7NATh4k
Tree,cpp,https://www.youtube.com/watch?v=ZxDruXbksR4,ZxDruXbksR4
Tree,cpp,https://www.youtube.com/watch?v=QhIM-G7FAow,QhIM-G7FAow
Tree,cpp,https://www.youtube.com/watch?v=Dkl9OgRuIjY,Dkl9OgRuIjY
Tree,cpp,https://www.youtube.com/watch?v=as4Zt_AOc38,as4Zt_AOc38
Tree,cpp,https://www.youtube.com/watch?v=Fm9LVmufXNE,Fm9LVmufXNE
Tree,cpp,https://www.youtube.com/watch?v=WYWBti6MyXA,WYWBti6MyXA
Tree,cpp,https://www.youtube.com/watch?v=qNID9jDx0IA,qNID9jDx0IA
Tree,cpp,https://www.youtube.com/watch?v=8nJCX2H_8Ro,8nJCX2H_8Ro
Tree,cpp,https://www.youtube.com/watch?v=Y_TKycGSa_M,Y_TKycGSa_M
Tree,cpp,https://www.youtube.com/watch?v=1PvT2d9lgqY,1PvT2d9lgqY
Tree,cpp,https://www.youtube.com/watch?v=VtX0wMGYpEU,VtX0wMGYpEU
